halo_id,mass_msun,z_halo,rvir_cmpc_h,r_lo_rvir,r_hi_rvir,r_mid_rvir,total_n,primary_n,environment_n,annulus_area_cmpc2_h2,random_mean_n,other_central_n,shell_volume_cmpc3_h3,central_reference_density
3737420655978,1.24031272e+14,0.40898442,0.97677527,0.1,0.124275987,0.11147914,5,5,0,0.0163192,0,0,0.00358896393,0.0554202134
3737420655978,1.24031272e+14,0.40898442,0.97677527,0.124275987,0.15444521,0.138541802,3,2,1,0.0252042228,0.166666667,0,0.00688859674,0.0554202134
3737420655978,1.24031272e+14,0.40898442,0.97677527,0.15444521,0.19193831,0.172174193,5,5,0,0.038926715,0.333333333,0,0.0132218562,0.0554202134
3737420655978,1.24031272e+14,0.40898442,0.97677527,0.19193831,0.23853323,0.213971178,8,6,2,0.0601204469,0.333333333,0,0.0253778074,0.0554202134
3737420655978,1.24031272e+14,0.40898442,0.97677527,0.23853323,0.296439527,0.265914795,7,6,1,0.0928531507,0.833333333,0,0.0487097347,0.0554202134
3737420655978,1.24031272e+14,0.40898442,0.97677527,0.296439527,0.36840315,0.330468237,6,6,0,0.143407244,0.25,0,0.0934926417,0.0554202134
3737420655978,1.24031272e+14,0.40898442,0.97677527,0.36840315,0.457836652,0.410692665,9,7,2,0.22148562,0.583333333,0,0.179448197,0.0554202134
3737420655978,1.24031272e+14,0.40898442,0.97677527,0.457836652,0.56898102,0.510392364,16,13,3,0.342073932,2.41666667,0,0.344429837,0.0554202134
3737420655978,1.24031272e+14,0.40898442,0.97677527,0.56898102,0.707106781,0.63429515,12,11,1,0.528316804,3.5,0,0.661092809,0.0554202134
3737420655978,1.24031272e+14,0.40898442,0.97677527,0.707106781,0.878763934,0.788276561,14,10,4,0.81596,3.91666667,0,1.26889037,0.0554202134
3737420655978,1.24031272e+14,0.40898442,0.97677527,0.878763934,1.09209256,0.97963848,31,18,13,1.26021114,6.75,3,2.43548673,0.0554202134
3737420655978,1.24031272e+14,0.40898442,0.97677527,1.09209256,1.35720881,1.21745539,22,9,13,1.94633575,9.33333333,7,4.67463208,0.0554202134
3737420655978,1.24031272e+14,0.40898442,0.97677527,1.35720881,1.68668465,1.51300471,22,13,9,3.00602234,16,2,8.97240984,0.0554202134
3737420655978,1.24031272e+14,0.40898442,0.97677527,1.68668465,2.096144,1.88030155,21,5,16,4.64265753,26.9166667,5,17.2214918,0.0554202134
3737420655978,1.24031272e+14,0.40898442,0.97677527,2.096144,2.60500365,2.33676331,41,1,40,7.1703622,41,8,33.0546405,0.0554202134
3737420655978,1.24031272e+14,0.40898442,0.97677527,2.60500365,3.23739401,2.90403568,73,0,73,11.074281,72.6666667,17,63.4445184,0.0554202134
3737420655978,1.24031272e+14,0.40898442,0.97677527,3.23739401,4.02330338,3.60901902,101,0,101,17.1036966,112.666667,25,121.774337,0.0554202134
3737420655978,1.24031272e+14,0.40898442,0.97677527,4.02330338,5,4.48514402,175,0,175,26.4158402,183.25,39,233.731604,0.0554202134
3737420818959,1.22373166e+14,0.40229222,0.9723353,0.1,0.124275987,0.11147914,2,2,0,0.0161711781,0.0833333333,0,0.00354024474,0.054846737
3737420818959,1.22373166e+14,0.40229222,0.9723353,0.124275987,0.15444521,0.138541802,4,4,0,0.02497561,0.166666667,0,0.00679508593,0.054846737
3737420818959,1.22373166e+14,0.40229222,0.9723353,0.15444521,0.19193831,0.172174193,1,1,0,0.0385736335,0.25,0,0.0130423731,0.054846737
3737420818959,1.22373166e+14,0.40229222,0.9723353,0.19193831,0.23853323,0.213971178,10,9,1,0.0595751294,0.25,0,0.0250333106,0.054846737
3737420818959,1.22373166e+14,0.40229222,0.9723353,0.23853323,0.296439527,0.265914795,1,0,1,0.092010934,0.5,0,0.0480485134,0.054846737
3737420818959,1.22373166e+14,0.40229222,0.9723353,0.296439527,0.36840315,0.330468237,11,11,0,0.142106481,0.5,0,0.0922235048,0.054846737
3737420818959,1.22373166e+14,0.40229222,0.9723353,0.36840315,0.457836652,0.410692665,9,8,1,0.219476653,0.416666667,0,0.177012237,0.054846737
3737420818959,1.22373166e+14,0.40229222,0.9723353,0.457836652,0.56898102,0.510392364,9,7,2,0.338971179,0.916666667,0,0.339754297,0.054846737
3737420818959,1.22373166e+14,0.40229222,0.9723353,0.56898102,0.707106781,0.63429515,11,8,3,0.523524751,1.66666667,0,0.652118656,0.054846737
3737420818959,1.22373166e+14,0.40229222,0.9723353,0.707106781,0.878763934,0.788276561,10,10,0,0.808558904,3.16666667,0,1.25166553,0.054846737
3737420818959,1.22373166e+14,0.40229222,0.9723353,0.878763934,1.09209256,0.97963848,11,8,3,1.2487805,5.16666667,1,2.40242567,0.054846737
3737420818959,1.22373166e+14,0.40229222,0.9723353,1.09209256,1.35720881,1.21745539,24,16,8,1.92868167,7.75,3,4.61117524,0.054846737
3737420818959,1.22373166e+14,0.40229222,0.9723353,1.35720881,1.68668465,1.51300471,23,16,7,2.97875647,16.0833333,5,8.85061184,0.054846737
3737420818959,1.22373166e+14,0.40229222,0.9723353,1.68668465,2.096144,1.88030155,27,13,14,4.6005467,31.9166667,3,16.9877148,0.054846737
3737420818959,1.22373166e+14,0.40229222,0.9723353,2.096144,2.60500365,2.33676331,36,6,30,7.10532403,45.6666667,12,32.6059328,0.054846737
3737420818959,1.22373166e+14,0.40229222,0.9723353,2.60500365,3.23739401,2.90403568,30,0,30,10.9738327,62.0833333,12,62.5832765,0.054846737
3737420818959,1.22373166e+14,0.40229222,0.9723353,3.23739401,4.02330338,3.60901902,39,0,39,16.948559,104.166667,19,120.121284,0.054846737
3737420818959,1.22373166e+14,0.40229222,0.9723353,4.02330338,5,4.48514402,49,0,49,26.1762376,165.333333,18,230.558762,0.054846737
3737420822005,1.59851677e+14,0.40262946,1.0762585,0.1,0.124275987,0.11147914,3,2,1,0.019812658,0,0,0.00480103543,0.0548271813
3737420822005,1.59851677e+14,0.40262946,1.0762585,0.124275987,0.15444521,0.138541802,3,1,2,0.0305997013,0.166666667,0,0.00921502628,0.0548271813
3737420822005,1.59851677e+14,0.40262946,1.0762585,0.15444521,0.19193831,0.172174193,4,4,0,0.0472597731,0.333333333,0,0.0176871657,0.0548271813
3737420822005,1.59851677e+14,0.40262946,1.0762585,0.19193831,0.23853323,0.213971178,5,5,0,0.0729904561,0.25,0,0.0339484471,0.0548271813
3737420822005,1.59851677e+14,0.40262946,1.0762585,0.23853323,0.296439527,0.265914795,6,5,1,0.112730264,0.416666667,0,0.0651600757,0.0548271813
3737420822005,1.59851677e+14,0.40262946,1.0762585,0.296439527,0.36840315,0.330468237,15,13,2,0.174106493,0.916666667,0,0.125067148,0.0548271813
3737420822005,1.59851677e+14,0.40262946,1.0762585,0.36840315,0.457836652,0.410692665,10,5,5,0.268899139,1,0,0.240051771,0.0548271813
3737420822005,1.59851677e+14,0.40262946,1.0762585,0.457836652,0.56898102,0.510392364,14,12,2,0.415301842,2.91666667,0,0.460751314,0.0548271813
3737420822005,1.59851677e+14,0.40262946,1.0762585,0.56898102,0.707106781,0.63429515,10,8,2,0.641413804,2.75,0,0.884358287,0.0548271813
3737420822005,1.59851677e+14,0.40262946,1.0762585,0.707106781,0.878763934,0.788276561,22,16,6,0.9906329,5.41666667,0,1.69742235,0.0548271813
3737420822005,1.59851677e+14,0.40262946,1.0762585,0.878763934,1.09209256,0.97963848,32,11,21,1.52998507,6.25,4,3.25800378,0.0548271813
3737420822005,1.59851677e+14,0.40262946,1.0762585,1.09209256,1.35720881,1.21745539,32,19,13,2.36298866,10.25,8,6.25335742,0.0548271813
3737420822005,1.59851677e+14,0.40262946,1.0762585,1.35720881,1.68668465,1.51300471,39,14,25,3.64952281,18.4166667,7,12.0025886,0.0548271813
3737420822005,1.59851677e+14,0.40262946,1.0762585,1.68668465,2.096144,1.88030155,59,19,40,5.63651318,33.25,10,23.0375657,0.0548271813
3737420822005,1.59851677e+14,0.40262946,1.0762585,2.096144,2.60500365,2.33676331,64,16,48,8.70532464,46.5,6,44.2179143,0.0548271813
3737420822005,1.59851677e+14,0.40262946,1.0762585,2.60500365,3.23739401,2.90403568,79,1,78,13.444957,86.3333333,19,84.8711177,0.0548271813
3737420822005,1.59851677e+14,0.40262946,1.0762585,3.23739401,4.02330338,3.60901902,142,0,142,20.7650921,123,28,162.900189,0.0548271813
3737420822005,1.59851677e+14,0.40262946,1.0762585,4.02330338,5,4.48514402,159,0,159,32.0706902,165.5,46,312.667871,0.0548271813
3737420833493,1.54627665e+14,0.40370256,1.0506399,0.1,0.124275987,0.11147914,3,3,0,0.018880667,0,0,0.00446628875,0.0549390053
3737420833493,1.54627665e+14,0.40370256,1.0506399,0.124275987,0.15444521,0.138541802,5,5,0,0.029160286,0.0833333333,0,0.00857251916,0.0549390053
3737420833493,1.54627665e+14,0.40370256,1.0506399,0.15444521,0.19193831,0.172174193,5,4,1,0.045036665,0.416666667,0,0.0164539484,0.0549390053
3737420833493,1.54627665e+14,0.40370256,1.0506399,0.19193831,0.23853323,0.213971178,10,10,0,0.0695569721,0.25,0,0.0315814306,0.0549390053
3737420833493,1.54627665e+14,0.40370256,1.0506399,0.23853323,0.296439527,0.265914795,10,8,2,0.107427412,0.666666667,0,0.0606168643,0.0549390053
3737420833493,1.54627665e+14,0.40370256,1.0506399,0.296439527,0.36840315,0.330468237,12,11,1,0.165916493,0.666666667,0,0.116346985,0.0549390053
3737420833493,1.54627665e+14,0.40370256,1.0506399,0.36840315,0.457836652,0.410692665,14,13,1,0.256250076,0.833333333,0,0.223314437,0.0549390053
3737420833493,1.54627665e+14,0.40370256,1.0506399,0.457836652,0.56898102,0.510392364,16,13,3,0.39576597,1.83333333,0,0.428625958,0.0549390053
3737420833493,1.54627665e+14,0.40370256,1.0506399,0.56898102,0.707106781,0.63429515,13,10,3,0.611241585,2.75,0,0.822697422,0.0549390053
3737420833493,1.54627665e+14,0.40370256,1.0506399,0.707106781,0.878763934,0.788276561,24,15,9,0.944033352,3.83333333,0,1.57907153,0.0549390053
3737420833493,1.54627665e+14,0.40370256,1.0506399,0.878763934,1.09209256,0.97963848,25,11,14,1.4580143,7.75,3,3.03084322,0.0549390053
3737420833493,1.54627665e+14,0.40370256,1.0506399,1.09209256,1.35720881,1.21745539,35,16,19,2.25183325,14.4166667,11,5.81734926,0.0549390053
3737420833493,1.54627665e+14,0.40370256,1.0506399,1.35720881,1.68668465,1.51300471,34,8,26,3.47784861,21.25,13,11.1657219,0.0549390053
3737420833493,1.54627665e+14,0.40370256,1.0506399,1.68668465,2.096144,1.88030155,41,13,28,5.3713706,39.3333333,7,21.4312979,0.0549390053
3737420833493,1.54627665e+14,0.40370256,1.0506399,2.096144,2.60500365,2.33676331,76,15,61,8.29582463,61.8333333,9,41.1348711,0.0549390053
3737420833493,1.54627665e+14,0.40370256,1.0506399,2.60500365,3.23739401,2.90403568,150,0,150,12.8125038,111,26,78.9535765,0.0549390053
3737420833493,1.54627665e+14,0.40370256,1.0506399,3.23739401,4.02330338,3.60901902,120,0,120,19.7882985,172.75,33,151.542161,0.0549390053
3737420833493,1.54627665e+14,0.40370256,1.0506399,4.02330338,5,4.48514402,136,0,136,30.5620792,225.166667,38,290.867463,0.0549390053
3837420180215,1.15358393e+14,0.40998912,0.9552029,0.1,0.124275987,0.11147914,2,2,0,0.0156063312,0.0833333333,0,0.00335638695,0.0555706777
3837420180215,1.15358393e+14,0.40998912,0.9552029,0.124275987,0.15444521,0.138541802,2,2,0,0.024103231,0,0,0.00644219241,0.0555706777
3837420180215,1.15358393e+14,0.40998912,0.9552029,0.15444521,0.19193831,0.172174193,1,1,0,0.0372262859,0.0833333333,0,0.0123650353,0.0555706777
3837420180215,1.15358393e+14,0.40998912,0.9552029,0.19193831,0.23853323,0.213971178,6,6,0,0.0574942156,0.5,0,0.0237332398,0.0555706777
3837420180215,1.15358393e+14,0.40998912,0.9552029,0.23853323,0.296439527,0.265914795,4,4,0,0.0887970623,0.916666667,0,0.0455531794,0.0555706777
3837420180215,1.15358393e+14,0.40998912,0.9552029,0.296439527,0.36840315,0.330468237,9,9,0,0.13714281,0.666666667,0,0.0874340028,0.0555706777
3837420180215,1.15358393e+14,0.40998912,0.9552029,0.36840315,0.457836652,0.410692665,9,6,3,0.211810501,1.08333333,0,0.167819348,0.0555706777
3837420180215,1.15358393e+14,0.40998912,0.9552029,0.457836652,0.56898102,0.510392364,11,10,1,0.327131175,1.41666667,0,0.32210962,0.0555706777
3837420180215,1.15358393e+14,0.40998912,0.9552029,0.56898102,0.707106781,0.63429515,15,14,1,0.505238431,2.33333333,0,0.618251763,0.0555706777
3837420180215,1.15358393e+14,0.40998912,0.9552029,0.707106781,0.878763934,0.788276561,18,13,5,0.780316559,4.58333333,0,1.18666199,0.0555706777
3837420180215,1.15358393e+14,0.40998912,0.9552029,0.878763934,1.09209256,0.97963848,17,9,8,1.20516155,6.66666667,5,2.27765897,0.0555706777
3837420180215,1.15358393e+14,0.40998912,0.9552029,1.09209256,1.35720881,1.21745539,23,13,10,1.86131429,11.8333333,6,4.37170014,0.0555706777
3837420180215,1.15358393e+14,0.40998912,0.9552029,1.35720881,1.68668465,1.51300471,34,16,18,2.87471078,18.5833333,4,8.39096738,0.0555706777
3837420180215,1.15358393e+14,0.40998912,0.9552029,1.68668465,2.096144,1.88030155,24,10,14,4.43985312,25.3333333,4,16.105481,0.0555706777
3837420180215,1.15358393e+14,0.40998912,0.9552029,2.096144,2.60500365,2.33676331,20,4,16,6.85714049,29,4,30.9125881,0.0555706777
3837420180215,1.15358393e+14,0.40998912,0.9552029,2.60500365,3.23739401,2.90403568,65,1,64,10.5905251,53.9166667,13,59.3330994,0.0555706777
3837420180215,1.15358393e+14,0.40998912,0.9552029,3.23739401,4.02330338,3.60901902,60,0,60,16.3565587,101,14,113.882948,0.0555706777
3837420180215,1.15358393e+14,0.40998912,0.9552029,4.02330338,5,4.48514402,120,0,120,25.2619216,163.25,30,218.585007,0.0555706777
3837420247980,1.33464019e+14,0.41181576,1.00307947,0.1,0.124275987,0.11147914,3,3,0,0.0172099749,0,0,0.00388679068,0.0559673997
3837420247980,1.33464019e+14,0.41181576,1.00307947,0.124275987,0.15444521,0.138541802,6,5,1,0.026579982,0.166666667,0,0.00746024036,0.0559673997
3837420247980,1.33464019e+14,0.41181576,1.00307947,0.15444521,0.19193831,0.172174193,7,4,3,0.0410515091,0.333333333,0,0.0143190593,0.0559673997
3837420247980,1.33464019e+14,0.41181576,1.00307947,0.19193831,0.23853323,0.213971178,3,2,1,0.0634020897,0.416666667,0,0.0274837605,0.0559673997
3837420247980,1.33464019e+14,0.41181576,1.00307947,0.23853323,0.296439527,0.265914795,12,9,3,0.0979214909,0.333333333,0,0.0527518655,0.0559673997
3837420247980,1.33464019e+14,0.41181576,1.00307947,0.296439527,0.36840315,0.330468237,7,4,3,0.151235053,0.75,0,0.101251039,0.0559673997
3837420247980,1.33464019e+14,0.41181576,1.00307947,0.36840315,0.457836652,0.410692665,16,8,8,0.233575296,0.75,0,0.194339534,0.0559673997
3837420247980,1.33464019e+14,0.41181576,1.00307947,0.457836652,0.56898102,0.510392364,18,10,8,0.360745857,1.66666667,0,0.373012018,0.0559673997
3837420247980,1.33464019e+14,0.41181576,1.00307947,0.56898102,0.707106781,0.63429515,29,17,12,0.557154698,2.66666667,0,0.715952965,0.0559673997
3837420247980,1.33464019e+14,0.41181576,1.00307947,0.707106781,0.878763934,0.788276561,51,14,37,0.860498746,3.25,0,1.37418802,0.0559673997
3837420247980,1.33464019e+14,0.41181576,1.00307947,0.878763934,1.09209256,0.97963848,53,19,34,1.3289991,5.33333333,3,2.63759327,0.0559673997
3837420247980,1.33464019e+14,0.41181576,1.00307947,1.09209256,1.35720881,1.21745539,60,10,50,2.05257546,9.16666667,6,5.06255196,0.0559673997
3837420247980,1.33464019e+14,0.41181576,1.00307947,1.35720881,1.68668465,1.51300471,65,9,56,3.17010449,17,8,9.7169767,0.0559673997
3837420247980,1.33464019e+14,0.41181576,1.00307947,1.68668465,2.096144,1.88030155,99,6,93,4.89607455,19.25,4,18.6506009,0.0559673997
3837420247980,1.33464019e+14,0.41181576,1.00307947,2.096144,2.60500365,2.33676331,95,3,92,7.56175264,31.1666667,4,35.7976482,0.0559673997
3837420247980,1.33464019e+14,0.41181576,1.00307947,2.60500365,3.23739401,2.90403568,133,0,133,11.6787648,49.3333333,11,68.7094012,0.0559673997
3837420247980,1.33464019e+14,0.41181576,1.00307947,3.23739401,4.02330338,3.60901902,313,0,313,18.0372928,89.9166667,18,131.879664,0.0559673997
3837420247980,1.33464019e+14,0.41181576,1.00307947,4.02330338,5,4.48514402,290,0,290,27.8577349,127.666667,28,253.127598,0.0559673997
3837420360772,1.16448312e+14,0.40233108,0.9584422,0.1,0.124275987,0.11147914,5,5,0,0.0157123595,0.0833333333,0,0.00339064959,0.0548299715
3837420360772,1.16448312e+14,0.40233108,0.9584422,0.124275987,0.15444521,0.138541802,3,3,0,0.0242669868,0.25,0,0.00650795553,0.0548299715
3837420360772,1.16448312e+14,0.40233108,0.9584422,0.15444521,0.19193831,0.172174193,4,4,0,0.0374791988,0.25,0,0.0124912599,0.0548299715
3837420360772,1.16448312e+14,0.40233108,0.9584422,0.19193831,0.23853323,0.213971178,3,3,0,0.0578848275,0.333333333,0,0.0239755132,0.0548299715
3837420360772,1.16448312e+14,0.40233108,0.9584422,0.23853323,0.296439527,0.265914795,3,2,1,0.0894003437,0.5,0,0.0460181949,0.0548299715
3837420360772,1.16448312e+14,0.40233108,0.9584422,0.296439527,0.36840315,0.330468237,10,10,0,0.138074549,1.5,0,0.0883265457,0.0548299715
3837420360772,1.16448312e+14,0.40233108,0.9584422,0.36840315,0.457836652,0.410692665,8,7,1,0.213249528,1.41666667,0,0.169532479,0.0548299715
3837420360772,1.16448312e+14,0.40233108,0.9584422,0.457836652,0.56898102,0.510392364,19,13,6,0.329353682,2.16666667,0,0.325397777,0.0548299715
3837420360772,1.16448312e+14,0.40233108,0.9584422,0.56898102,0.707106781,0.63429515,12,9,3,0.508670988,3.58333333,0,0.624562994,0.0548299715
3837420360772,1.16448312e+14,0.40233108,0.9584422,0.707106781,0.878763934,0.788276561,18,15,3,0.785617977,3.75,0,1.19877566,0.0548299715
3837420360772,1.16448312e+14,0.40233108,0.9584422,0.878763934,1.09209256,0.97963848,26,13,13,1.21334934,7.16666667,2,2.30090974,0.0548299715
3837420360772,1.16448312e+14,0.40233108,0.9584422,1.09209256,1.35720881,1.21745539,33,10,23,1.87395994,10.4166667,6,4.41632729,0.0548299715
3837420360772,1.16448312e+14,0.40233108,0.9584422,1.35720881,1.68668465,1.51300471,34,10,24,2.89424137,15.25,4,8.47662397,0.0548299715
3837420360772,1.16448312e+14,0.40233108,0.9584422,1.68668465,2.096144,1.88030155,57,9,48,4.47001718,22,12,16.2698888,0.0548299715
3837420360772,1.16448312e+14,0.40233108,0.9584422,2.096144,2.60500365,2.33676331,80,0,80,6.90372745,33.8333333,14,31.2281497,0.0548299715
3837420360772,1.16448312e+14,0.40233108,0.9584422,2.60500365,3.23739401,2.90403568,96,0,96,10.6624764,51.3333333,29,59.9387829,0.0548299715
3837420360772,1.16448312e+14,0.40233108,0.9584422,3.23739401,4.02330338,3.60901902,116,0,116,16.4676841,79.5833333,26,115.045487,0.0548299715
3837420360772,1.16448312e+14,0.40233108,0.9584422,4.02330338,5,4.48514402,177,0,177,25.4335494,137.5,28,220.816364,0.0548299715
3837420368724,1.19657851e+14,0.4038429,0.9676299,0.1,0.124275987,0.11147914,4,4,0,0.0160150432,0,0,0.00348909638,0.0549715848
3837420368724,1.19657851e+14,0.4038429,0.9676299,0.124275987,0.15444521,0.138541802,4,3,1,0.0247344671,0.583333333,0,0.00669691264,0.0549715848
3837420368724,1.19657851e+14,0.4038429,0.9676299,0.15444521,0.19193831,0.172174193,2,2,0,0.0382011998,0.166666667,0,0.012853941,0.0549715848
3837420368724,1.19657851e+14,0.4038429,0.9676299,0.19193831,0.23853323,0.213971178,2,2,0,0.0589999234,0.333333333,0,0.0246716371,0.0549715848
3837420368724,1.19657851e+14,0.4038429,0.9676299,0.23853323,0.296439527,0.265914795,6,5,1,0.0911225559,0.5,0,0.0473543234,0.0549715848
3837420368724,1.19657851e+14,0.4038429,0.9676299,0.296439527,0.36840315,0.330468237,6,4,2,0.140734423,0.833333333,0,0.0908910883,0.0549715848
3837420368724,1.19657851e+14,0.4038429,0.9676299,0.36840315,0.457836652,0.410692665,10,10,0,0.217357576,0.75,0,0.174454819,0.0549715848
3837420368724,1.19657851e+14,0.4038429,0.9676299,0.457836652,0.56898102,0.510392364,10,8,2,0.335698366,1.33333333,0,0.334845632,0.0549715848
3837420368724,1.19657851e+14,0.4038429,0.9676299,0.56898102,0.707106781,0.63429515,15,10,5,0.518470049,3.58333333,0,0.642697049,0.0549715848
3837420368724,1.19657851e+14,0.4038429,0.9676299,0.707106781,0.878763934,0.788276561,28,17,11,0.800752158,6.16666667,0,1.23358186,0.0549715848
3837420368724,1.19657851e+14,0.4038429,0.9676299,0.878763934,1.09209256,0.97963848,27,11,16,1.23672336,6.83333333,2,2.36771617,0.0549715848
3837420368724,1.19657851e+14,0.4038429,0.9676299,1.09209256,1.35720881,1.21745539,47,18,29,1.91005999,14.9166667,4,4.54455441,0.0549715848
3837420368724,1.19657851e+14,0.4038429,0.9676299,1.35720881,1.68668465,1.51300471,60,13,47,2.94999617,22.25,11,8.72274096,0.0549715848
3837420368724,1.19657851e+14,0.4038429,0.9676299,1.68668465,2.096144,1.88030155,61,6,55,4.5561278,31.4166667,15,16.7422816,0.0549715848
3837420368724,1.19657851e+14,0.4038429,0.9676299,2.096144,2.60500365,2.33676331,97,7,90,7.03672117,49.25,12,32.1348524,0.0549715848
3837420368724,1.19657851e+14,0.4038429,0.9676299,2.60500365,3.23739401,2.90403568,133,0,133,10.8678788,63.9166667,25,61.6790928,0.0549715848
3837420368724,1.19657851e+14,0.4038429,0.9676299,3.23739401,4.02330338,3.60901902,173,0,173,16.7849183,109.083333,41,118.385809,0.0549715848
3837420368724,1.19657851e+14,0.4038429,0.9676299,4.02330338,5,4.48514402,199,0,199,25.9235024,167.583333,65,227.227721,0.0549715848
3837420379394,3.42538347e+14,0.4037078,1.3749263,0.1,0.124275987,0.11147914,4,4,0,0.032334667,0.0833333333,0,0.0100097536,0.0549465051
3837420379394,3.42538347e+14,0.4037078,1.3749263,0.124275987,0.15444521,0.138541802,13,12,1,0.0499393445,0.0833333333,0,0.0192125519,0.0549465051
3837420379394,3.42538347e+14,0.4037078,1.3749263,0.15444521,0.19193831,0.172174193,11,11,0,0.0771289257,0.25,0,0.0368762474,0.0549465051
3837420379394,3.42538347e+14,0.4037078,1.3749263,0.19193831,0.23853323,0.213971178,14,12,2,0.119121932,0.25,0,0.0707796462,0.0549465051
3837420379394,3.42538347e+14,0.4037078,1.3749263,0.23853323,0.296439527,0.265914795,12,10,2,0.183978118,0.5,0,0.135853257,0.0549465051
3837420379394,3.42538347e+14,0.4037078,1.3749263,0.296439527,0.36840315,0.330468237,26,26,0,0.284145392,1.33333333,0,0.260754446,0.0549465051
3837420379394,3.42538347e+14,0.4037078,1.3749263,0.36840315,0.457836652,0.410692665,22,19,3,0.438848949,1.41666667,0,0.500487678,0.0549465051
3837420379394,3.42538347e+14,0.4037078,1.3749263,0.457836652,0.56898102,0.510392364,37,33,4,0.677781182,2.08333333,0,0.960627593,0.0549465051
3837420379394,3.42538347e+14,0.4037078,1.3749263,0.56898102,0.707106781,0.63429515,41,36,5,1.04680057,4.75,0,1.84381237,0.0549465051
3837420379394,3.42538347e+14,0.4037078,1.3749263,0.707106781,0.878763934,0.788276561,45,30,15,1.61673335,6.5,0,3.53898231,0.0549465051
3837420379394,3.42538347e+14,0.4037078,1.3749263,0.878763934,1.09209256,0.97963848,91,50,41,2.49696723,11.4166667,9,6.79266285,0.0549465051
3837420379394,3.42538347e+14,0.4037078,1.3749263,1.09209256,1.35720881,1.21745539,90,33,57,3.85644629,20.4166667,14,13.0377223,0.0549465051
3837420379394,3.42538347e+14,0.4037078,1.3749263,1.35720881,1.68668465,1.51300471,79,31,48,5.95609659,31.75,12,25.0243839,0.0549465051
3837420379394,3.42538347e+14,0.4037078,1.3749263,1.68668465,2.096144,1.88030155,127,17,110,9.19890591,51.9166667,20,48.0313797,0.0549465051
3837420379394,3.42538347e+14,0.4037078,1.3749263,2.096144,2.60500365,2.33676331,164,1,163,14.2072696,86.0833333,30,92.1906186,0.0549465051
3837420379394,3.42538347e+14,0.4037078,1.3749263,2.60500365,3.23739401,2.90403568,202,0,202,21.9424474,153.833333,55,176.949116,0.0549465051
3837420379394,3.42538347e+14,0.4037078,1.3749263,3.23739401,4.02330338,3.60901902,395,0,395,33.8890591,200.5,69,339.633143,0.0549465051
3837420379394,3.42538347e+14,0.4037078,1.3749263,4.02330338,5,4.48514402,562,0,562,52.3400287,284.833333,118,651.886115,0.0549465051
3837420381185,6.61492915e+14,0.406029,1.7097394,0.1,0.124275987,0.11147914,15,15,0,0.0499999297,0.5,0,0.0192475248,0.0553171692
3837420381185,6.61492915e+14,0.406029,1.7097394,0.124275987,0.15444521,0.138541802,17,17,0,0.0772224967,0.75,0,0.0369433738,0.0553171692
3837420381185,6.61492915e+14,0.406029,1.7097394,0.15444521,0.19193831,0.172174193,24,24,0,0.119266448,0.916666667,0,0.0709084875,0.0553171692
3837420381185,6.61492915e+14,0.406029,1.7097394,0.19193831,0.23853323,0.213971178,38,38,0,0.184201316,1.58333333,0,0.136100553,0.0553171692
3837420381185,6.61492915e+14,0.406029,1.7097394,0.23853323,0.296439527,0.265914795,28,28,0,0.28449011,1.25,0,0.261229101,0.0553171692
3837420381185,6.61492915e+14,0.406029,1.7097394,0.296439527,0.36840315,0.330468237,39,36,3,0.439381349,4.08333333,0,0.501398724,0.0553171692
3837420381185,6.61492915e+14,0.406029,1.7097394,0.36840315,0.457836652,0.410692665,41,36,5,0.67860345,6.08333333,0,0.962376238,0.0553171692
3837420381185,6.61492915e+14,0.406029,1.7097394,0.457836652,0.56898102,0.510392364,59,42,17,1.04807053,8.91666667,0,1.84716869,0.0553171692
3837420381185,6.61492915e+14,0.406029,1.7097394,0.56898102,0.707106781,0.63429515,58,45,13,1.61869473,13.4166667,0,3.54542437,0.0553171692
3837420381185,6.61492915e+14,0.406029,1.7097394,0.707106781,0.878763934,0.788276561,82,59,23,2.49999648,19.6666667,0,6.80502764,0.0553171692
3837420381185,6.61492915e+14,0.406029,1.7097394,0.878763934,1.09209256,0.97963848,105,64,41,3.86112483,34.3333333,8,13.0614551,0.0553171692
3837420381185,6.61492915e+14,0.406029,1.7097394,1.09209256,1.35720881,1.21745539,117,80,37,5.96332238,44,16,25.0699362,0.0553171692
3837420381185,6.61492915e+14,0.406029,1.7097394,1.35720881,1.68668465,1.51300471,111,60,51,9.2100658,66.5,12,48.1188119,0.0553171692
3837420381185,6.61492915e+14,0.406029,1.7097394,1.68668465,2.096144,1.88030155,144,52,92,14.2245055,96.6666667,12,92.3584345,0.0553171692
3837420381185,6.61492915e+14,0.406029,1.7097394,2.096144,2.60500365,2.33676331,215,40,175,21.9690675,144,24,177.271219,0.0553171692
3837420381185,6.61492915e+14,0.406029,1.7097394,2.60500365,3.23739401,2.90403568,302,1,301,33.9301725,230.833333,62,340.251382,0.0553171692
3837420381185,6.61492915e+14,0.406029,1.7097394,3.23739401,4.02330338,3.60901902,453,0,453,52.4035263,375.416667,88,653.072754,0.0553171692
3837420381185,6.61492915e+14,0.406029,1.7097394,4.02330338,5,4.48514402,689,0,689,80.9347366,558,178,1253.49681,0.0553171692
3837420393896,1.15404089e+14,0.40979075,0.9574674,0.1,0.124275987,0.11147914,3,3,0,0.0156804148,0,0,0.00338031455,0.0555512375
3837420393896,1.15404089e+14,0.40979075,0.9574674,0.124275987,0.15444521,0.138541802,3,3,0,0.0242176496,0,0,0.00648811864,0.0555512375
3837420393896,1.15404089e+14,0.40979075,0.9574674,0.15444521,0.19193831,0.172174193,2,2,0,0.0374029999,0.166666667,0,0.0124531853,0.0555512375
3837420393896,1.15404089e+14,0.40979075,0.9574674,0.19193831,0.23853323,0.213971178,5,5,0,0.0577671419,0.166666667,0,0.0239024334,0.0555512375
3837420393896,1.15404089e+14,0.40979075,0.9574674,0.23853323,0.296439527,0.265914795,4,3,1,0.0892185839,0.0833333333,0,0.0458779269,0.0555512375
3837420393896,1.15404089e+14,0.40979075,0.9574674,0.296439527,0.36840315,0.330468237,9,7,2,0.13779383,0.416666667,0,0.0880573177,0.0555512375
3837420393896,1.15404089e+14,0.40979075,0.9574674,0.36840315,0.457836652,0.410692665,8,7,1,0.21281597,0.5,0,0.169015728,0.0555512375
3837420393896,1.15404089e+14,0.40979075,0.9574674,0.457836652,0.56898102,0.510392364,17,12,5,0.328684073,0.916666667,0,0.324405932,0.0555512375
3837420393896,1.15404089e+14,0.40979075,0.9574674,0.56898102,0.707106781,0.63429515,22,12,10,0.507636809,1.16666667,0,0.622659265,0.0555512375
3837420393896,1.15404089e+14,0.40979075,0.9574674,0.707106781,0.878763934,0.788276561,26,16,10,0.784020738,3.75,0,1.19512167,0.0555512375
3837420393896,1.15404089e+14,0.40979075,0.9574674,0.878763934,1.09209256,0.97963848,20,9,11,1.21088248,5,1,2.29389634,0.0555512375
3837420393896,1.15404089e+14,0.40979075,0.9574674,1.09209256,1.35720881,1.21745539,17,5,12,1.87014999,6.66666667,6,4.40286588,0.0555512375
3837420393896,1.15404089e+14,0.40979075,0.9574674,1.35720881,1.68668465,1.51300471,22,8,14,2.88835709,11.0833333,6,8.45078638,0.0555512375
3837420393896,1.15404089e+14,0.40979075,0.9574674,1.68668465,2.096144,1.88030155,32,8,24,4.46092919,16.5,7,16.2202966,0.0555512375
3837420393896,1.15404089e+14,0.40979075,0.9574674,2.096144,2.60500365,2.33676331,45,2,43,6.88969148,30,8,31.1329632,0.0555512375
3837420393896,1.15404089e+14,0.40979075,0.9574674,2.60500365,3.23739401,2.90403568,57,0,57,10.6407985,54.8333333,13,59.7560836,0.0555512375
3837420393896,1.15404089e+14,0.40979075,0.9574674,3.23739401,4.02330338,3.60901902,86,0,86,16.4342037,87.75,18,114.694817,0.0555512375
3837420393896,1.15404089e+14,0.40979075,0.9574674,4.02330338,5,4.48514402,195,0,195,25.3818404,132.916667,46,220.143294,0.0555512375
3837420412945,2.84627067e+14,0.40580833,1.2909996,0.1,0.124275987,0.11147914,3,3,0,0.0285076731,0.166666667,0,0.00828635338,0.0553111946
3837420412945,2.84627067e+14,0.40580833,1.2909996,0.124275987,0.15444521,0.138541802,13,12,1,0.0440287357,0.333333333,0,0.0159046867,0.0553111946
3837420412945,2.84627067e+14,0.40580833,1.2909996,0.15444521,0.19193831,0.172174193,13,13,0,0.0680002735,0.333333333,0,0.0305271869,0.0553111946
3837420412945,2.84627067e+14,0.40580833,1.2909996,0.19193831,0.23853323,0.213971178,15,15,0,0.105023165,0.5,0,0.0585933667,0.0553111946
3837420412945,2.84627067e+14,0.40580833,1.2909996,0.23853323,0.296439527,0.265914795,16,16,0,0.162203249,0.666666667,0,0.112463118,0.0553111946
3837420412945,2.84627067e+14,0.40580833,1.2909996,0.296439527,0.36840315,0.330468237,15,13,2,0.250515149,0.416666667,0,0.215859808,0.0553111946
3837420412945,2.84627067e+14,0.40580833,1.2909996,0.36840315,0.457836652,0.410692665,28,23,5,0.38690865,1,0,0.414317669,0.0553111946
3837420412945,2.84627067e+14,0.40580833,1.2909996,0.457836652,0.56898102,0.510392364,28,25,3,0.597561878,2,0,0.795234334,0.0553111946
3837420412945,2.84627067e+14,0.40580833,1.2909996,0.56898102,0.707106781,0.63429515,32,29,3,0.922905701,2.16666667,0,1.52635934,0.0553111946
3837420412945,2.84627067e+14,0.40580833,1.2909996,0.707106781,0.878763934,0.788276561,40,31,9,1.42538365,3.66666667,0,2.92966833,0.0553111946
3837420412945,2.84627067e+14,0.40580833,1.2909996,0.878763934,1.09209256,0.97963848,47,37,10,2.20143678,4.75,6,5.6231559,0.0553111946
3837420412945,2.84627067e+14,0.40580833,1.2909996,1.09209256,1.35720881,1.21745539,67,33,34,3.40001367,14.4166667,9,10.7929904,0.0553111946
3837420412945,2.84627067e+14,0.40580833,1.2909996,1.35720881,1.68668465,1.51300471,70,27,43,5.25115827,21,8,20.7158835,0.0553111946
3837420412945,2.84627067e+14,0.40580833,1.2909996,1.68668465,2.096144,1.88030155,90,28,62,8.11016245,38.75,11,39.7617167,0.0553111946
3837420412945,2.84627067e+14,0.40580833,1.2909996,2.096144,2.60500365,2.33676331,119,6,113,12.5257575,59.1666667,24,76.3179672,0.0553111946
3837420412945,2.84627067e+14,0.40580833,1.2909996,2.60500365,3.23739401,2.90403568,200,0,200,19.3454325,86.5833333,45,146.483417,0.0553111946
3837420412945,2.84627067e+14,0.40580833,1.2909996,3.23739401,4.02330338,3.60901902,342,0,342,29.8780939,134.166667,59,281.157795,0.0553111946
3837420412945,2.84627067e+14,0.40580833,1.2909996,4.02330338,5,4.48514402,534,0,534,46.145285,232.333333,77,539.649521,0.0553111946
3837420420205,1.27389079e+14,0.41826963,0.9873188,0.1,0.124275987,0.11147914,1,1,0,0.0166734076,0.0833333333,0,0.00370644319,0.0562812322
3837420420205,1.27389079e+14,0.41826963,0.9873188,0.124275987,0.15444521,0.138541802,5,5,0,0.0257512795,0.0833333333,0,0.00711408443,0.0562812322
3837420420205,1.27389079e+14,0.41826963,0.9873188,0.15444521,0.19193831,0.172174193,3,3,0,0.0397716178,0,0,0.0136546534,0.0562812322
3837420420205,1.27389079e+14,0.41826963,0.9873188,0.19193831,0.23853323,0.213971178,10,9,1,0.0614253588,0.166666667,0,0.0262085111,0.0562812322
3837420420205,1.27389079e+14,0.41826963,0.9873188,0.23853323,0.296439527,0.265914795,7,6,1,0.0948685247,0.5,0,0.0503041734,0.0562812322
3837420420205,1.27389079e+14,0.41826963,0.9873188,0.296439527,0.36840315,0.330468237,7,7,0,0.146519893,0.25,0,0.0965529805,0.0562812322
3837420420205,1.27389079e+14,0.41826963,0.9873188,0.36840315,0.457836652,0.410692665,9,9,0,0.226292957,0.5,0,0.185322159,0.0562812322
3837420420205,1.27389079e+14,0.41826963,0.9873188,0.457836652,0.56898102,0.510392364,14,14,0,0.349498633,1.08333333,0,0.355704221,0.0562812322
3837420420205,1.27389079e+14,0.41826963,0.9873188,0.56898102,0.707106781,0.63429515,4,2,2,0.5397839,1.75,0,0.682732672,0.0562812322
3837420420205,1.27389079e+14,0.41826963,0.9873188,0.707106781,0.878763934,0.788276561,14,11,3,0.83367038,2,0,1.31042556,0.0562812322
3837420420205,1.27389079e+14,0.41826963,0.9873188,0.878763934,1.09209256,0.97963848,20,16,4,1.28756397,5.5,1,2.51520867,0.0562812322
3837420420205,1.27389079e+14,0.41826963,0.9873188,1.09209256,1.35720881,1.21745539,23,12,11,1.98858089,7.41666667,8,4.82764902,0.0562812322
3837420420205,1.27389079e+14,0.41826963,0.9873188,1.35720881,1.68668465,1.51300471,34,20,14,3.07126794,12.5,5,9.26610797,0.0562812322
3837420420205,1.27389079e+14,0.41826963,0.9873188,1.68668465,2.096144,1.88030155,21,6,15,4.74342624,19.75,8,17.7852111,0.0562812322
3837420420205,1.27389079e+14,0.41826963,0.9873188,2.096144,2.60500365,2.33676331,29,9,20,7.32599463,25.25,2,34.1366336,0.0562812322
3837420420205,1.27389079e+14,0.41826963,0.9873188,2.60500365,3.23739401,2.90403568,37,1,36,11.3146478,47,9,65.5212778,0.0562812322
3837420420205,1.27389079e+14,0.41826963,0.9873188,3.23739401,4.02330338,3.60901902,39,0,39,17.4749317,68.6666667,13,125.760433,0.0562812322
3837420420205,1.27389079e+14,0.41826963,0.9873188,4.02330338,5,4.48514402,78,0,78,26.989195,98.9166667,12,241.382451,0.0562812322
3837420445605,1.75075428e+14,0.4085012,1.0981018,0.1,0.124275987,0.11147914,4,4,0,0.0206250382,0,0,0.00509932788,0.0553287484
3837420445605,1.75075428e+14,0.4085012,1.0981018,0.124275987,0.15444521,0.138541802,4,3,1,0.0318543836,0.0833333333,0,0.00978756378,0.0553287484
3837420445605,1.75075428e+14,0.4085012,1.0981018,0.15444521,0.19193831,0.172174193,4,3,1,0.0491975698,0.0833333333,0,0.0187860845,0.0553287484
3837420445605,1.75075428e+14,0.4085012,1.0981018,0.19193831,0.23853323,0.213971178,9,8,1,0.0759832902,0.333333333,0,0.0360576933,0.0553287484
3837420445605,1.75075428e+14,0.4085012,1.0981018,0.23853323,0.296439527,0.265914795,12,9,3,0.117352553,0.666666667,0,0.0692085272,0.0553287484
3837420445605,1.75075428e+14,0.4085012,1.0981018,0.296439527,0.36840315,0.330468237,18,12,6,0.181245397,1.25,0,0.132837678,0.0553287484
3837420445605,1.75075428e+14,0.4085012,1.0981018,0.36840315,0.457836652,0.410692665,14,9,5,0.279924835,1.41666667,0,0.254966394,0.0553287484
3837420445605,1.75075428e+14,0.4085012,1.0981018,0.457836652,0.56898102,0.510392364,14,10,4,0.4323305,2.91666667,0,0.489378189,0.0553287484
3837420445605,1.75075428e+14,0.4085012,1.0981018,0.56898102,0.707106781,0.63429515,27,20,7,0.667713751,3.75,0,0.939304227,0.0553287484
3837420445605,1.75075428e+14,0.4085012,1.0981018,0.707106781,0.878763934,0.788276561,42,17,25,1.03125191,6,0,1.80288466,0.0553287484
3837420445605,1.75075428e+14,0.4085012,1.0981018,0.878763934,1.09209256,0.97963848,48,12,36,1.59271918,10.3333333,1,3.46042636,0.0553287484
3837420445605,1.75075428e+14,0.4085012,1.0981018,1.09209256,1.35720881,1.21745539,75,14,61,2.45987849,17.6666667,9,6.64188389,0.0553287484
3837420445605,1.75075428e+14,0.4085012,1.0981018,1.35720881,1.68668465,1.51300471,105,26,79,3.79916451,26.25,7,12.7483197,0.0553287484
3837420445605,1.75075428e+14,0.4085012,1.0981018,1.68668465,2.096144,1.88030155,95,10,85,5.86762763,40.4166667,7,24.4689094,0.0553287484
3837420445605,1.75075428e+14,0.4085012,1.0981018,2.096144,2.60500365,2.33676331,89,8,81,9.06226984,64.9166667,5,46.9652114,0.0553287484
3837420445605,1.75075428e+14,0.4085012,1.0981018,2.60500365,3.23739401,2.90403568,110,0,110,13.9962417,104.166667,18,90.1442331,0.0553287484
3837420445605,1.75075428e+14,0.4085012,1.0981018,3.23739401,4.02330338,3.60901902,167,0,167,21.616525,160.916667,23,173.021318,0.0553287484
3837420445605,1.75075428e+14,0.4085012,1.0981018,4.02330338,5,4.48514402,191,0,191,33.3856875,250.5,26,332.094194,0.0553287484
3837420451233,2.35971307e+14,0.40888074,1.2136144,0.1,0.124275987,0.11147914,4,4,0,0.0251924842,0,0,0.00688378488,0.0554104823
3837420451233,2.35971307e+14,0.40888074,1.2136144,0.124275987,0.15444521,0.138541802,3,3,0,0.0389085853,0,0,0.0132126204,0.0554104823
3837420451233,2.35971307e+14,0.40888074,1.2136144,0.15444521,0.19193831,0.172174193,9,9,0,0.0600924465,0.166666667,0,0.0253600803,0.0554104823
3837420451233,2.35971307e+14,0.40888074,1.2136144,0.19193831,0.23853323,0.213971178,5,5,0,0.0928099055,0.25,0,0.0486757097,0.0554104823
3837420451233,2.35971307e+14,0.40888074,1.2136144,0.23853323,0.296439527,0.265914795,9,8,1,0.143340454,0.416666667,0,0.0934273347,0.0554104823
3837420451233,2.35971307e+14,0.40888074,1.2136144,0.296439527,0.36840315,0.330468237,16,15,1,0.221382466,1.08333333,0,0.179322848,0.0554104823
3837420451233,2.35971307e+14,0.40888074,1.2136144,0.36840315,0.457836652,0.410692665,10,10,0,0.341914615,1.16666667,0,0.344189244,0.0554104823
3837420451233,2.35971307e+14,0.40888074,1.2136144,0.457836652,0.56898102,0.510392364,20,18,2,0.528070747,1.75,0,0.660631019,0.0554104823
3837420451233,2.35971307e+14,0.40888074,1.2136144,0.56898102,0.707106781,0.63429515,22,18,4,0.815579977,3.83333333,0,1.26800402,0.0554104823
3837420451233,2.35971307e+14,0.40888074,1.2136144,0.707106781,0.878763934,0.788276561,17,12,5,1.25962421,7.33333333,0,2.43378548,0.0554104823
3837420451233,2.35971307e+14,0.40888074,1.2136144,0.878763934,1.09209256,0.97963848,27,18,9,1.94542927,8.25,5,4.67136674,0.0554104823
3837420451233,2.35971307e+14,0.40888074,1.2136144,1.09209256,1.35720881,1.21745539,53,31,22,3.00462233,14.6666667,10,8.96614238,0.0554104823
3837420451233,2.35971307e+14,0.40888074,1.2136144,1.35720881,1.68668465,1.51300471,58,24,34,4.64049527,20.4166667,15,17.2094622,0.0554104823
3837420451233,2.35971307e+14,0.40888074,1.2136144,1.68668465,2.096144,1.88030155,68,23,45,7.16702269,33.8333333,15,33.031551,0.0554104823
3837420451233,2.35971307e+14,0.40888074,1.2136144,2.096144,2.60500365,2.33676331,80,16,64,11.0691233,57.25,23,63.4002008,0.0554104823
3837420451233,2.35971307e+14,0.40888074,1.2136144,2.60500365,3.23739401,2.90403568,122,5,117,17.0957308,83,26,121.689274,0.0554104823
3837420451233,2.35971307e+14,0.40888074,1.2136144,3.23739401,4.02330338,3.60901902,188,0,188,26.4035374,133.416667,46,233.568337,0.0554104823
3837420451233,2.35971307e+14,0.40888074,1.2136144,4.02330338,5,4.48514402,385,0,385,40.7789989,191.416667,83,448.307119,0.0554104823
3837420459825,1.49852226e+14,0.41456196,1.0430339,0.1,0.124275987,0.11147914,6,5,1,0.0186082873,0.0833333333,0,0.00436998955,0.0559441493
3837420459825,1.49852226e+14,0.41456196,1.0430339,0.124275987,0.15444521,0.138541802,4,4,0,0.0287396084,0.166666667,0,0.00838768411,0.0559441493
3837420459825,1.49852226e+14,0.41456196,1.0430339,0.15444521,0.19193831,0.172174193,5,4,1,0.0443869487,0.0833333333,0,0.0160991792,0.0559441493
3837420459825,1.49852226e+14,0.41456196,1.0430339,0.19193831,0.23853323,0.213971178,8,7,1,0.0685535164,0.0833333333,0,0.0309004925,0.0559441493
3837420459825,1.49852226e+14,0.41456196,1.0430339,0.23853323,0.296439527,0.265914795,11,10,1,0.105877623,0.583333333,0,0.0593098831,0.0559441493
3837420459825,1.49852226e+14,0.41456196,1.0430339,0.296439527,0.36840315,0.330468237,11,9,2,0.163522917,1.25,0,0.113838388,0.0559441493
3837420459825,1.49852226e+14,0.41456196,1.0430339,0.36840315,0.457836652,0.410692665,7,7,0,0.252553314,1,0,0.218499478,0.0559441493
3837420459825,1.49852226e+14,0.41456196,1.0430339,0.457836652,0.56898102,0.510392364,20,16,4,0.390056497,1.83333333,0,0.419384206,0.0559441493
3837420459825,1.49852226e+14,0.41456196,1.0430339,0.56898102,0.707106781,0.63429515,19,12,7,0.602423578,3.08333333,0,0.804958958,0.0559441493
3837420459825,1.49852226e+14,0.41456196,1.0430339,0.707106781,0.878763934,0.788276561,24,14,10,0.930414363,4,0,1.54502462,0.0559441493
3837420459825,1.49852226e+14,0.41456196,1.0430339,0.878763934,1.09209256,0.97963848,26,12,14,1.43698042,9.66666667,1,2.96549416,0.0559441493
3837420459825,1.49852226e+14,0.41456196,1.0430339,1.09209256,1.35720881,1.21745539,51,21,30,2.21934744,13.5833333,3,5.69191938,0.0559441493
3837420459825,1.49852226e+14,0.41456196,1.0430339,1.35720881,1.68668465,1.51300471,75,11,64,3.42767582,20.5,6,10.9249739,0.0559441493
3837420459825,1.49852226e+14,0.41456196,1.0430339,1.68668465,2.096144,1.88030155,82,11,71,5.29388113,25.8333333,5,20.9692103,0.0559441493
3837420459825,1.49852226e+14,0.41456196,1.0430339,2.096144,2.60500365,2.33676331,216,6,210,8.17614586,46.25,9,40.2479479,0.0559441493
3837420459825,1.49852226e+14,0.41456196,1.0430339,2.60500365,3.23739401,2.90403568,251,0,251,12.6276657,71.75,15,77.2512312,0.0559441493
3837420459825,1.49852226e+14,0.41456196,1.0430339,3.23739401,4.02330338,3.60901902,393,0,393,19.5028248,111.75,33,148.274708,0.0559441493
3837420459825,1.49852226e+14,0.41456196,1.0430339,4.02330338,5,4.48514402,802,0,802,30.1211789,154.333333,62,284.595969,0.0559441493
3837420461004,1.27313717e+14,0.41681886,0.9881548,0.1,0.124275987,0.11147914,1,1,0,0.0167016556,0.0833333333,0,0.00371586632,0.0560726197
3837420461004,1.27313717e+14,0.41681886,0.9881548,0.124275987,0.15444521,0.138541802,0,0,0,0.0257949071,0.0833333333,0,0.00713217102,0.0560726197
3837420461004,1.27313717e+14,0.41681886,0.9881548,0.15444521,0.19193831,0.172174193,4,3,1,0.0398389986,0.333333333,0,0.0136893686,0.0560726197
3837420461004,1.27313717e+14,0.41681886,0.9881548,0.19193831,0.23853323,0.213971178,7,5,2,0.0615294252,0.5,0,0.0262751427,0.0560726197
3837420461004,1.27313717e+14,0.41681886,0.9881548,0.23853323,0.296439527,0.265914795,4,4,0,0.0950292502,0.666666667,0,0.0504320649,0.0560726197
3837420461004,1.27313717e+14,0.41681886,0.9881548,0.296439527,0.36840315,0.330468237,10,6,4,0.146768126,0.916666667,0,0.0967984533,0.0560726197
3837420461004,1.27313717e+14,0.41681886,0.9881548,0.36840315,0.457836652,0.410692665,11,9,2,0.22667634,1.5,0,0.185793316,0.0560726197
3837420461004,1.27313717e+14,0.41681886,0.9881548,0.457836652,0.56898102,0.510392364,15,10,5,0.350090751,1.33333333,0,0.356608551,0.0560726197
3837420461004,1.27313717e+14,0.41681886,0.9881548,0.56898102,0.707106781,0.63429515,24,17,7,0.540698398,3.08333333,0,0.684468428,0.0560726197
3837420461004,1.27313717e+14,0.41681886,0.9881548,0.707106781,0.878763934,0.788276561,28,13,15,0.835082778,7.33333333,0,1.31375713,0.0560726197
3837420461004,1.27313717e+14,0.41681886,0.9881548,0.878763934,1.09209256,0.97963848,51,16,35,1.28974535,8.75,2,2.52160325,0.0560726197
3837420461004,1.27313717e+14,0.41681886,0.9881548,1.09209256,1.35720881,1.21745539,63,16,47,1.99194993,12.6666667,9,4.83992267,0.0560726197
3837420461004,1.27313717e+14,0.41681886,0.9881548,1.35720881,1.68668465,1.51300471,83,10,73,3.07647126,18.6666667,10,9.28966579,0.0560726197
3837420461004,1.27313717e+14,0.41681886,0.9881548,1.68668465,2.096144,1.88030155,97,10,87,4.75146251,35.75,4,17.8304276,0.0560726197
3837420461004,1.27313717e+14,0.41681886,0.9881548,2.096144,2.60500365,2.33676331,178,2,176,7.33840628,56.0833333,9,34.2234214,0.0560726197
3837420461004,1.27313717e+14,0.41681886,0.9881548,2.60500365,3.23739401,2.90403568,246,1,245,11.333817,83.0833333,28,65.6878567,0.0560726197
3837420461004,1.27313717e+14,0.41681886,0.9881548,3.23739401,4.02330338,3.60901902,381,0,381,17.5045376,133.666667,39,126.080162,0.0560726197
3837420461004,1.27313717e+14,0.41681886,0.9881548,4.02330338,5,4.48514402,372,0,372,27.0349199,176.75,60,241.996133,0.0560726197
3837420462748,1.03090631e+14,0.4162648,0.920223,0.1,0.124275987,0.11147914,3,1,2,0.0144842403,0,0,0.00300098883,0.0559669119
3837420462748,1.03090631e+14,0.4162648,0.920223,0.124275987,0.15444521,0.138541802,3,3,0,0.0223702154,0,0,0.00576004725,0.0559669119
3837420462748,1.03090631e+14,0.4162648,0.920223,0.15444521,0.19193831,0.172174193,6,6,0,0.0345497263,0,0,0.0110557374,0.0559669119
3837420462748,1.03090631e+14,0.4162648,0.920223,0.19193831,0.23853323,0.213971178,5,5,0,0.0533603975,0,0,0.0212201955,0.0559669119
3837420462748,1.03090631e+14,0.4162648,0.920223,0.23853323,0.296439527,0.265914795,5,3,2,0.0824125783,0.0833333333,0,0.0407296847,0.0559669119
3837420462748,1.03090631e+14,0.4162648,0.920223,0.296439527,0.36840315,0.330468237,6,4,2,0.12728228,0.333333333,0,0.0781758687,0.0559669119
3837420462748,1.03090631e+14,0.4162648,0.920223,0.36840315,0.457836652,0.410692665,11,7,4,0.196581385,0.416666667,0,0.150049441,0.0559669119
3837420462748,1.03090631e+14,0.4162648,0.920223,0.457836652,0.56898102,0.510392364,18,9,9,0.303610534,0.333333333,0,0.288002363,0.0559669119
3837420462748,1.03090631e+14,0.4162648,0.920223,0.56898102,0.707106781,0.63429515,20,11,9,0.468911929,0.833333333,0,0.552786869,0.0559669119
3837420462748,1.03090631e+14,0.4162648,0.920223,0.707106781,0.878763934,0.788276561,27,8,19,0.724212015,1.41666667,0,1.06100978,0.0559669119
3837420462748,1.03090631e+14,0.4162648,0.920223,0.878763934,1.09209256,0.97963848,33,7,26,1.11851077,2.25,1,2.03648424,0.0559669119
3837420462748,1.03090631e+14,0.4162648,0.920223,1.09209256,1.35720881,1.21745539,50,10,40,1.72748632,4.16666667,7,3.90879343,0.0559669119
3837420462748,1.03090631e+14,0.4162648,0.920223,1.35720881,1.68668465,1.51300471,60,12,48,2.66801988,8.16666667,5,7.50247207,0.0559669119
3837420462748,1.03090631e+14,0.4162648,0.920223,1.68668465,2.096144,1.88030155,70,7,63,4.12062891,11.9166667,7,14.4001181,0.0559669119
3837420462748,1.03090631e+14,0.4162648,0.920223,2.096144,2.60500365,2.33676331,86,0,86,6.364114,17.4166667,11,27.6393434,0.0559669119
3837420462748,1.03090631e+14,0.4162648,0.920223,2.60500365,3.23739401,2.90403568,111,0,111,9.82906926,30.9166667,13,53.0504888,0.0559669119
3837420462748,1.03090631e+14,0.4162648,0.920223,3.23739401,4.02330338,3.60901902,133,0,133,15.1805267,53.75,12,101.824212,0.0559669119
3837420462748,1.03090631e+14,0.4162648,0.920223,4.02330338,5,4.48514402,190,0,190,23.4455964,85.25,33,195.439672,0.0559669119
3837420464590,1.20016014e+14,0.41618294,0.9678988,0.1,0.124275987,0.11147914,2,2,0,0.0160239454,0.0833333333,0,0.003492006,0.0559647479
3837420464590,1.20016014e+14,0.41618294,0.9678988,0.124275987,0.15444521,0.138541802,2,1,1,0.0247482162,0.166666667,0,0.00670249732,0.0559647479
3837420464590,1.20016014e+14,0.41618294,0.9678988,0.15444521,0.19193831,0.172174193,6,6,0,0.0382224346,0.25,0,0.0128646601,0.0559647479
3837420464590,1.20016014e+14,0.41618294,0.9678988,0.19193831,0.23853323,0.213971178,10,6,4,0.0590327196,0.5,0,0.0246922112,0.0559647479
3837420464590,1.20016014e+14,0.41618294,0.9678988,0.23853323,0.296439527,0.265914795,9,7,2,0.0911732081,0.666666667,0,0.0473938131,0.0559647479
3837420464590,1.20016014e+14,0.41618294,0.9678988,0.296439527,0.36840315,0.330468237,12,5,7,0.140812653,1,0,0.090966884,0.0559647479
3837420464590,1.20016014e+14,0.41618294,0.9678988,0.36840315,0.457836652,0.410692665,18,6,12,0.217478399,1.25,0,0.1746003,0.0559647479
3837420464590,1.20016014e+14,0.41618294,0.9678988,0.457836652,0.56898102,0.510392364,18,9,9,0.33588497,1.91666667,0,0.335124866,0.0559647479
3837420464590,1.20016014e+14,0.41618294,0.9678988,0.56898102,0.707106781,0.63429515,19,5,14,0.51875825,3,0,0.643233005,0.0559647479
3837420464590,1.20016014e+14,0.41618294,0.9678988,0.707106781,0.878763934,0.788276561,19,8,11,0.80119727,2.83333333,0,1.23461056,0.0559647479
3837420464590,1.20016014e+14,0.41618294,0.9678988,0.878763934,1.09209256,0.97963848,56,5,51,1.23741081,5.66666667,2,2.36969065,0.0559647479
3837420464590,1.20016014e+14,0.41618294,0.9678988,1.09209256,1.35720881,1.21745539,81,11,70,1.91112173,9.83333333,4,4.5483442,0.0559647479
3837420464590,1.20016014e+14,0.41618294,0.9678988,1.35720881,1.68668465,1.51300471,79,8,71,2.95163598,20.3333333,8,8.73001501,0.0559647479
3837420464590,1.20016014e+14,0.41618294,0.9678988,1.68668465,2.096144,1.88030155,115,7,108,4.5586604,29.75,10,16.7562433,0.0559647479
3837420464590,1.20016014e+14,0.41618294,0.9678988,2.096144,2.60500365,2.33676331,192,9,183,7.04063266,49.5833333,17,32.1616503,0.0559647479
3837420464590,1.20016014e+14,0.41618294,0.9678988,2.60500365,3.23739401,2.90403568,321,3,318,10.8739199,92.75,15,61.7305281,0.0559647479
3837420464590,1.20016014e+14,0.41618294,0.9678988,3.23739401,4.02330338,3.60901902,440,0,440,16.7942485,138.666667,47,118.484533,0.0559647479
3837420464590,1.20016014e+14,0.41618294,0.9678988,4.02330338,5,4.48514402,581,0,581,25.9379125,161.5,64,227.41721,0.0559647479
3837420465120,1.59553082e+14,0.41785574,1.0645371,0.1,0.124275987,0.11147914,5,5,0,0.0193834535,0.0833333333,0,0.00464587512,0.056258901
3837420465120,1.59553082e+14,0.41785574,1.0645371,0.124275987,0.15444521,0.138541802,4,4,0,0.0299368156,0.0833333333,0,0.00891721421,0.056258901
3837420465120,1.59553082e+14,0.41785574,1.0645371,0.15444521,0.19193831,0.172174193,6,5,1,0.0462359778,0.166666667,0,0.0171155503,0.056258901
3837420465120,1.59553082e+14,0.41785574,1.0645371,0.19193831,0.23853323,0.213971178,5,5,0,0.0714092533,0.25,0,0.032851298,0.056258901
3837420465120,1.59553082e+14,0.41785574,1.0645371,0.23853323,0.296439527,0.265914795,7,7,0,0.110288172,0.666666667,0,0.0630542264,0.056258901
3837420465120,1.59553082e+14,0.41785574,1.0645371,0.296439527,0.36840315,0.330468237,17,14,3,0.170334799,1.08333333,0,0.121025217,0.056258901
3837420465120,1.59553082e+14,0.41785574,1.0645371,0.36840315,0.457836652,0.410692665,17,14,3,0.263073938,1.83333333,0,0.232293756,0.056258901
3837420465120,1.59553082e+14,0.41785574,1.0645371,0.457836652,0.56898102,0.510392364,10,7,3,0.406305098,2.75,0,0.445860711,0.056258901
3837420465120,1.59553082e+14,0.41785574,1.0645371,0.56898102,0.707106781,0.63429515,21,14,7,0.627518764,4.41666667,0,0.855777514,0.056258901
3837420465120,1.59553082e+14,0.41785574,1.0645371,0.707106781,0.878763934,0.788276561,22,16,6,0.969172676,6.33333333,0,1.6425649,0.056258901
3837420465120,1.59553082e+14,0.41785574,1.0645371,0.878763934,1.09209256,0.97963848,40,20,20,1.49684078,8,1,3.15271132,0.056258901
3837420465120,1.59553082e+14,0.41785574,1.0645371,1.09209256,1.35720881,1.21745539,64,20,44,2.31179889,13.8333333,13,6.05126084,0.056258901
3837420465120,1.59553082e+14,0.41785574,1.0645371,1.35720881,1.68668465,1.51300471,82,12,70,3.57046266,20.0833333,13,11.6146878,0.056258901
3837420465120,1.59553082e+14,0.41785574,1.0645371,1.68668465,2.096144,1.88030155,132,10,122,5.51440858,23.6666667,12,22.2930355,0.056258901
3837420465120,1.59553082e+14,0.41785574,1.0645371,2.096144,2.60500365,2.33676331,140,7,133,8.51673994,38,16,42.7888757,0.056258901
3837420465120,1.59553082e+14,0.41785574,1.0645371,2.60500365,3.23739401,2.90403568,315,1,314,13.1536969,59.0833333,19,82.1282451,0.056258901
3837420465120,1.59553082e+14,0.41785574,1.0645371,3.23739401,4.02330338,3.60901902,500,0,500,20.3152549,85.4166667,44,157.635566,0.056258901
3837420465120,1.59553082e+14,0.41785574,1.0645371,4.02330338,5,4.48514402,581,0,581,31.3759382,127.833333,42,302.563042,0.056258901
3837420465444,1.53731972e+14,0.41929987,1.0517742,0.1,0.124275987,0.11147914,3,3,0,0.0189214572,0,0,0.00448077016,0.0562617812
3837420465444,1.53731972e+14,0.41929987,1.0517742,0.124275987,0.15444521,0.138541802,4,3,1,0.0292232845,0,0,0.00860031454,0.0562617812
3837420465444,1.53731972e+14,0.41929987,1.0517742,0.15444521,0.19193831,0.172174193,14,11,3,0.0451339632,0,0,0.0165072984,0.0562617812
3837420465444,1.53731972e+14,0.41929987,1.0517742,0.19193831,0.23853323,0.213971178,9,5,4,0.0697072445,0.0833333333,0,0.0316838297,0.0562617812
3837420465444,1.53731972e+14,0.41929987,1.0517742,0.23853323,0.296439527,0.265914795,8,6,2,0.1076595,0.166666667,0,0.0608134073,0.0562617812
3837420465444,1.53731972e+14,0.41929987,1.0517742,0.296439527,0.36840315,0.330468237,12,7,5,0.166274942,0.416666667,0,0.116724226,0.0562617812
3837420465444,1.53731972e+14,0.41929987,1.0517742,0.36840315,0.457836652,0.410692665,18,7,11,0.256803684,0.416666667,0,0.224038508,0.0562617812
3837420465444,1.53731972e+14,0.41929987,1.0517742,0.457836652,0.56898102,0.510392364,20,10,10,0.396620991,1.25,0,0.430015727,0.0562617812
3837420465444,1.53731972e+14,0.41929987,1.0517742,0.56898102,0.707106781,0.63429515,24,8,16,0.612562124,1.16666667,0,0.82536492,0.0562617812
3837420465444,1.53731972e+14,0.41929987,1.0517742,0.707106781,0.878763934,0.788276561,59,21,38,0.946072862,3.25,0,1.58419148,0.0562617812
3837420465444,1.53731972e+14,0.41929987,1.0517742,0.878763934,1.09209256,0.97963848,52,22,30,1.46116422,4.5,1,3.04067036,0.0562617812
3837420465444,1.53731972e+14,0.41929987,1.0517742,1.09209256,1.35720881,1.21745539,61,13,48,2.25669816,9.33333333,6,5.83621132,0.0562617812
3837420465444,1.53731972e+14,0.41929987,1.0517742,1.35720881,1.68668465,1.51300471,65,11,54,3.48536222,14.1666667,12,11.2019254,0.0562617812
3837420465444,1.53731972e+14,0.41929987,1.0517742,1.68668465,2.096144,1.88030155,102,13,89,5.38297502,23.0833333,9,21.5007863,0.0562617812
3837420465444,1.53731972e+14,0.41929987,1.0517742,2.096144,2.60500365,2.33676331,125,12,113,8.3137471,31.9166667,9,41.268246,0.0562617812
3837420465444,1.53731972e+14,0.41929987,1.0517742,2.60500365,3.23739401,2.90403568,221,1,220,12.8401842,64.5833333,32,79.2095741,0.0562617812
3837420465444,1.53731972e+14,0.41929987,1.0517742,3.23739401,4.02330338,3.60901902,263,0,263,19.8310495,114.166667,27,152.033518,0.0562617812
3837420465444,1.53731972e+14,0.41929987,1.0517742,4.02330338,5,4.48514402,450,0,450,30.6281062,167.833333,60,291.810566,0.0562617812
3837420485639,2.54927213e+14,0.41566184,1.2444779,0.1,0.124275987,0.11147914,4,3,1,0.0264901203,0,0,0.00742243996,0.0560227682
3837420485639,2.54927213e+14,0.41566184,1.2444779,0.124275987,0.15444521,0.138541802,7,6,1,0.0409127221,0.416666667,0,0.0142465058,0.0560227682
3837420485639,2.54927213e+14,0.41566184,1.2444779,0.15444521,0.19193831,0.172174193,13,9,4,0.0631877398,0.5,0,0.0273445026,0.0560227682
3837420485639,2.54927213e+14,0.41566184,1.2444779,0.19193831,0.23853323,0.213971178,9,7,2,0.0975904377,0.833333333,0,0.0524845763,0.0560227682
3837420485639,2.54927213e+14,0.41566184,1.2444779,0.23853323,0.296439527,0.265914795,11,11,0,0.150723757,0.833333333,0,0.100738009,0.0560227682
3837420485639,2.54927213e+14,0.41566184,1.2444779,0.296439527,0.36840315,0.330468237,15,13,2,0.232785624,1.25,0,0.193354832,0.0560227682
3837420485639,2.54927213e+14,0.41566184,1.2444779,0.36840315,0.457836652,0.410692665,18,14,4,0.359526247,1.5,0,0.371121998,0.0560227682
3837420485639,2.54927213e+14,0.41566184,1.2444779,0.457836652,0.56898102,0.510392364,30,11,19,0.555271068,3.16666667,0,0.712325292,0.0560227682
3837420485639,2.54927213e+14,0.41566184,1.2444779,0.56898102,0.707106781,0.63429515,51,34,17,0.85758957,4.58333333,0,1.36722513,0.0560227682
3837420485639,2.54927213e+14,0.41566184,1.2444779,0.707106781,0.878763934,0.788276561,54,24,30,1.32450602,7.08333333,0,2.62422881,0.0560227682
3837420485639,2.54927213e+14,0.41566184,1.2444779,0.878763934,1.09209256,0.97963848,51,15,36,2.04563611,9.25,7,5.03690045,0.0560227682
3837420485639,2.54927213e+14,0.41566184,1.2444779,1.09209256,1.35720881,1.21745539,74,25,49,3.15938699,13.1666667,13,9.66774161,0.0560227682
3837420485639,2.54927213e+14,0.41566184,1.2444779,1.35720881,1.68668465,1.51300471,85,29,56,4.87952189,18.75,15,18.5560999,0.0560227682
3837420485639,2.54927213e+14,0.41566184,1.2444779,1.68668465,2.096144,1.88030155,85,18,67,7.53618785,29,17,35.6162646,0.0560227682
3837420485639,2.54927213e+14,0.41566184,1.2444779,2.096144,2.60500365,2.33676331,111,21,90,11.6392812,45.8333333,12,68.3612565,0.0560227682
3837420485639,2.54927213e+14,0.41566184,1.2444779,2.60500365,3.23739401,2.90403568,149,1,148,17.9763123,81.4166667,38,131.211441,0.0560227682
3837420485639,2.54927213e+14,0.41566184,1.2444779,3.23739401,4.02330338,3.60901902,126,0,126,27.7635534,139.083333,30,251.845022,0.0560227682
3837420485639,2.54927213e+14,0.41566184,1.2444779,4.02330338,5,4.48514402,182,0,182,42.8794785,179.75,62,483.387081,0.0560227682
3837420885780,1.85374161e+14,0.41861606,1.118872,0.1,0.124275987,0.11147914,3,2,1,0.0214126474,0.25,0,0.0053941913,0.0563139693
3837420885780,1.85374161e+14,0.41861606,1.118872,0.124275987,0.15444521,0.138541802,5,2,3,0.0330708083,0,0,0.0103535196,0.0563139693
3837420885780,1.85374161e+14,0.41861606,1.118872,0.15444521,0.19193831,0.172174193,9,7,2,0.0510762795,0.166666667,0,0.0198723707,0.0563139693
3837420885780,1.85374161e+14,0.41861606,1.118872,0.19193831,0.23853323,0.213971178,4,2,2,0.0788848674,0.5,0,0.0381426925,0.0563139693
3837420885780,1.85374161e+14,0.41861606,1.118872,0.23853323,0.296439527,0.265914795,8,6,2,0.1218339,0.583333333,0,0.0732104395,0.0563139693
3837420885780,1.85374161e+14,0.41861606,1.118872,0.296439527,0.36840315,0.330468237,20,12,8,0.188166623,0.666666667,0,0.140518881,0.0563139693
3837420885780,1.85374161e+14,0.41861606,1.118872,0.36840315,0.457836652,0.410692665,16,9,7,0.290614336,1.08333333,0,0.269709565,0.0563139693
3837420885780,1.85374161e+14,0.41861606,1.118872,0.457836652,0.56898102,0.510392364,26,18,8,0.448839924,1.41666667,0,0.517675982,0.0563139693
3837420885780,1.85374161e+14,0.41861606,1.118872,0.56898102,0.707106781,0.63429515,34,12,22,0.693211765,2.25,0,0.993618533,0.0563139693
3837420885780,1.85374161e+14,0.41861606,1.118872,0.707106781,0.878763934,0.788276561,38,16,22,1.07063237,2.75,0,1.90713462,0.0563139693
3837420885780,1.85374161e+14,0.41861606,1.118872,0.878763934,1.09209256,0.97963848,56,19,37,1.65354042,4.83333333,2,3.66052197,0.0563139693
3837420885780,1.85374161e+14,0.41861606,1.118872,1.09209256,1.35720881,1.21745539,79,21,58,2.55381398,9.83333333,8,7.02594403,0.0563139693
3837420885780,1.85374161e+14,0.41861606,1.118872,1.35720881,1.68668465,1.51300471,80,25,55,3.94424337,18.5833333,5,13.4854783,0.0563139693
3837420885780,1.85374161e+14,0.41861606,1.118872,1.68668465,2.096144,1.88030155,77,13,64,6.09169498,27.0833333,9,25.8837991,0.0563139693
3837420885780,1.85374161e+14,0.41861606,1.118872,2.096144,2.60500365,2.33676331,116,4,112,9.40833113,41.8333333,12,49.6809267,0.0563139693
3837420885780,1.85374161e+14,0.41861606,1.118872,2.60500365,3.23739401,2.90403568,170,1,169,14.5307168,60.5,24,95.3567312,0.0563139693
3837420885780,1.85374161e+14,0.41861606,1.118872,3.23739401,4.02330338,3.60901902,195,0,195,22.4419962,106.333333,40,183.026099,0.0563139693
3837420885780,1.85374161e+14,0.41861606,1.118872,4.02330338,5,4.48514402,239,0,239,34.6605882,181.416667,58,351.297201,0.0563139693
3837420905074,1.09792127e+14,0.41346735,0.93979144,0.1,0.124275987,0.11147914,1,1,0,0.0151068015,0.0833333333,0,0.00319653587,0.0560285711
3837420905074,1.09792127e+14,0.41346735,0.93979144,0.124275987,0.15444521,0.138541802,3,3,0,0.0233317314,0.0833333333,0,0.00613537694,0.0560285711
3837420905074,1.09792127e+14,0.41346735,0.93979144,0.15444521,0.19193831,0.172174193,5,5,0,0.0360347417,0.166666667,0,0.0117761388,0.0560285711
3837420905074,1.09792127e+14,0.41346735,0.93979144,0.19193831,0.23853323,0.213971178,4,4,0,0.0556539327,0.333333333,0,0.0226029219,0.0560285711
3837420905074,1.09792127e+14,0.41346735,0.93979144,0.23853323,0.296439527,0.265914795,5,5,0,0.0859548335,0.166666667,0,0.0433836664,0.0560285711
3837420905074,1.09792127e+14,0.41346735,0.93979144,0.296439527,0.36840315,0.330468237,7,7,0,0.132753124,0.5,0,0.0832698763,0.0560285711
3837420905074,1.09792127e+14,0.41346735,0.93979144,0.36840315,0.457836652,0.410692665,10,9,1,0.205030841,0.5,0,0.159826794,0.0560285711
3837420905074,1.09792127e+14,0.41346735,0.93979144,0.457836652,0.56898102,0.510392364,15,14,1,0.316660314,0.916666667,0,0.306768847,0.0560285711
3837420905074,1.09792127e+14,0.41346735,0.93979144,0.56898102,0.707106781,0.63429515,12,9,3,0.489066689,2.16666667,0,0.588806942,0.0560285711
3837420905074,1.09792127e+14,0.41346735,0.93979144,0.707106781,0.878763934,0.788276561,15,11,4,0.755340077,3.16666667,0,1.1301461,0.0560285711
3837420905074,1.09792127e+14,0.41346735,0.93979144,0.878763934,1.09209256,0.97963848,17,10,7,1.16658657,5.41666667,2,2.16918332,0.0560285711
3837420905074,1.09792127e+14,0.41346735,0.93979144,1.09209256,1.35720881,1.21745539,22,12,10,1.80173709,9.25,3,4.16349381,0.0560285711
3837420905074,1.09792127e+14,0.41346735,0.93979144,1.35720881,1.68668465,1.51300471,35,12,23,2.78269664,12.75,7,7.99133968,0.0560285711
3837420905074,1.09792127e+14,0.41346735,0.93979144,1.68668465,2.096144,1.88030155,33,7,26,4.29774168,17,3,15.3384423,0.0560285711
3837420905074,1.09792127e+14,0.41346735,0.93979144,2.096144,2.60500365,2.33676331,27,7,20,6.63765618,28.5,5,29.4403471,0.0560285711
3837420905074,1.09792127e+14,0.41346735,0.93979144,2.60500365,3.23739401,2.90403568,32,1,31,10.2515421,45.4166667,11,56.5073048,0.0560285711
3837420905074,1.09792127e+14,0.41346735,0.93979144,3.23739401,4.02330338,3.60901902,54,0,54,15.8330157,82.6666667,12,108.459166,0.0560285711
3837420905074,1.09792127e+14,0.41346735,0.93979144,4.02330338,5,4.48514402,77,0,77,24.4533344,121.083333,24,208.174691,0.0560285711
3837430048083,1.45060843e+14,0.42862228,1.038466,0.1,0.124275987,0.11147914,2,2,0,0.0184456565,0.0833333333,0,0.00431282636,0.0544944979
3837430048083,1.45060843e+14,0.42862228,1.038466,0.124275987,0.15444521,0.138541802,3,3,0,0.0284884331,0.0833333333,0,0.00827796605,0.0544944979
3837430048083,1.45060843e+14,0.42862228,1.038466,0.15444521,0.19193831,0.172174193,6,6,0,0.0439990204,0.25,0,0.0158885882,0.0544944979
3837430048083,1.45060843e+14,0.42862228,1.038466,0.19193831,0.23853323,0.213971178,6,5,1,0.0679543797,0.333333333,0,0.0304962877,0.0544944979
3837430048083,1.45060843e+14,0.42862228,1.038466,0.23853323,0.296439527,0.265914795,7,7,0,0.104952285,0.0833333333,0,0.0585340593,0.0544944979
3837430048083,1.45060843e+14,0.42862228,1.038466,0.296439527,0.36840315,0.330468237,6,6,0,0.162093777,0.583333333,0,0.112349284,0.0544944979
3837430048083,1.45060843e+14,0.42862228,1.038466,0.36840315,0.457836652,0.410692665,4,3,1,0.250346075,1.16666667,0,0.215641318,0.0544944979
3837430048083,1.45060843e+14,0.42862228,1.038466,0.457836652,0.56898102,0.510392364,6,6,0,0.386647523,0.75,0,0.413898302,0.0544944979
3837430048083,1.45060843e+14,0.42862228,1.038466,0.56898102,0.707106781,0.63429515,8,7,1,0.597158581,1.08333333,0,0.794429408,0.0544944979
3837430048083,1.45060843e+14,0.42862228,1.038466,0.707106781,0.878763934,0.788276561,14,12,2,0.922282827,1.33333333,0,1.52481438,0.0544944979
3837430048083,1.45060843e+14,0.42862228,1.038466,0.878763934,1.09209256,0.97963848,35,20,15,1.42442165,3.41666667,1,2.92670296,0.0544944979
3837430048083,1.45060843e+14,0.42862228,1.038466,1.09209256,1.35720881,1.21745539,36,14,22,2.19995102,5,6,5.61746422,0.0544944979
3837430048083,1.45060843e+14,0.42862228,1.038466,1.35720881,1.68668465,1.51300471,49,14,35,3.39771899,7.08333333,10,10.7820659,0.0544944979
3837430048083,1.45060843e+14,0.42862228,1.038466,1.68668465,2.096144,1.88030155,65,16,49,5.24761424,13.5,9,20.6949151,0.0544944979
3837430048083,1.45060843e+14,0.42862228,1.038466,2.096144,2.60500365,2.33676331,67,15,52,8.10468886,23.4166667,8,39.7214704,0.0544944979
3837430048083,1.45060843e+14,0.42862228,1.038466,2.60500365,3.23739401,2.90403568,58,0,58,12.5173038,42.6666667,16,76.2407192,0.0544944979
3837430048083,1.45060843e+14,0.42862228,1.038466,3.23739401,4.02330338,3.60901902,165,0,165,19.3323762,67.5833333,32,146.335148,0.0544944979
3837430048083,1.45060843e+14,0.42862228,1.038466,4.02330338,5,4.48514402,214,0,214,29.8579291,109.083333,38,280.873211,0.0544944979
3837430053998,1.1052339e+14,0.42768088,0.9484398,0.1,0.124275987,0.11147914,3,1,2,0.0153861193,0,0,0.0032855981,0.0550086155
3837430053998,1.1052339e+14,0.42768088,0.9484398,0.124275987,0.15444521,0.138541802,4,3,1,0.0237631243,0,0,0.00630632147,0.0550086155
3837430053998,1.1052339e+14,0.42768088,0.9484398,0.15444521,0.19193831,0.172174193,3,2,1,0.0367010073,0,0,0.0121042469,0.0550086155
3837430053998,1.1052339e+14,0.42768088,0.9484398,0.19193831,0.23853323,0.213971178,7,3,4,0.056682948,0.25,0,0.0232326869,0.0550086155
3837430053998,1.1052339e+14,0.42768088,0.9484398,0.23853323,0.296439527,0.265914795,12,6,6,0.0875440984,0.166666667,0,0.0445924268,0.0550086155
3837430053998,1.1052339e+14,0.42768088,0.9484398,0.296439527,0.36840315,0.330468237,17,7,10,0.135207667,0.166666667,0,0.0855899505,0.0550086155
3837430053998,1.1052339e+14,0.42768088,0.9484398,0.36840315,0.457836652,0.410692665,19,7,12,0.208821766,0.333333333,0,0.164279905,0.0550086155
3837430053998,1.1052339e+14,0.42768088,0.9484398,0.457836652,0.56898102,0.510392364,32,7,25,0.322515216,0.666666667,0,0.315316074,0.0550086155
3837430053998,1.1052339e+14,0.42768088,0.9484398,0.56898102,0.707106781,0.63429515,36,15,21,0.498109304,1,0,0.605212344,0.0550086155
3837430053998,1.1052339e+14,0.42768088,0.9484398,0.707106781,0.878763934,0.788276561,42,18,24,0.769305963,2.08333333,0,1.16163435,0.0550086155
3837430053998,1.1052339e+14,0.42768088,0.9484398,0.878763934,1.09209256,0.97963848,52,17,35,1.18815621,3.58333333,0,2.22962134,0.0550086155
3837430053998,1.1052339e+14,0.42768088,0.9484398,1.09209256,1.35720881,1.21745539,45,6,39,1.83505037,5.41666667,7,4.27949752,0.0550086155
3837430053998,1.1052339e+14,0.42768088,0.9484398,1.35720881,1.68668465,1.51300471,41,9,32,2.8341474,8.75,11,8.21399524,0.0550086155
3837430053998,1.1052339e+14,0.42768088,0.9484398,1.68668465,2.096144,1.88030155,44,12,32,4.37720492,13.6666667,3,15.7658037,0.0550086155
3837430053998,1.1052339e+14,0.42768088,0.9484398,2.096144,2.60500365,2.33676331,38,2,36,6.76038335,20.5833333,10,30.2606172,0.0550086155
3837430053998,1.1052339e+14,0.42768088,0.9484398,2.60500365,3.23739401,2.90403568,95,2,93,10.4410883,28.9166667,14,58.0817173,0.0550086155
3837430053998,1.1052339e+14,0.42768088,0.9484398,3.23739401,4.02330338,3.60901902,107,0,107,16.1257608,46.5833333,25,111.481067,0.0550086155
3837430053998,1.1052339e+14,0.42768088,0.9484398,4.02330338,5,4.48514402,168,0,168,24.9054652,82.0833333,30,213.974876,0.0550086155
3837430091533,1.07374634e+14,0.42046916,0.94082227,0.1,0.124275987,0.11147914,5,4,1,0.0151399601,0,0,0.00320706597,0.0562683775
3837430091533,1.07374634e+14,0.42046916,0.94082227,0.124275987,0.15444521,0.138541802,3,2,1,0.0233829433,0,0,0.00615558824,0.0562683775
3837430091533,1.07374634e+14,0.42046916,0.94082227,0.15444521,0.19193831,0.172174193,5,5,0,0.036113836,0.166666667,0,0.0118149321,0.0562683775
3837430091533,1.07374634e+14,0.42046916,0.94082227,0.19193831,0.23853323,0.213971178,6,4,2,0.05577609,0.75,0,0.022677381,0.0562683775
3837430091533,1.07374634e+14,0.42046916,0.94082227,0.23853323,0.296439527,0.265914795,2,2,0,0.0861434997,0.416666667,0,0.0435265819,0.0562683775
3837430091533,1.07374634e+14,0.42046916,0.94082227,0.296439527,0.36840315,0.330468237,6,6,0,0.133044509,0.25,0,0.0835441859,0.0562683775
3837430091533,1.07374634e+14,0.42046916,0.94082227,0.36840315,0.457836652,0.410692665,6,6,0,0.205480873,0.75,0,0.160353299,0.0562683775
3837430091533,1.07374634e+14,0.42046916,0.94082227,0.457836652,0.56898102,0.510392364,23,12,11,0.317355366,1.25,0,0.307779412,0.0562683775
3837430091533,1.07374634e+14,0.42046916,0.94082227,0.56898102,0.707106781,0.63429515,20,10,10,0.490140163,2.16666667,0,0.590746603,0.0562683775
3837430091533,1.07374634e+14,0.42046916,0.94082227,0.707106781,0.878763934,0.788276561,19,5,14,0.756998007,2.91666667,0,1.13386905,0.0562683775
3837430091533,1.07374634e+14,0.42046916,0.94082227,0.878763934,1.09209256,0.97963848,40,13,27,1.16914717,5.08333333,1,2.17632909,0.0562683775
3837430091533,1.07374634e+14,0.42046916,0.94082227,1.09209256,1.35720881,1.21745539,73,13,60,1.8056918,8.16666667,8,4.17720929,0.0562683775
3837430091533,1.07374634e+14,0.42046916,0.94082227,1.35720881,1.68668465,1.51300471,101,12,89,2.7888045,12.25,3,8.01766494,0.0562683775
3837430091533,1.07374634e+14,0.42046916,0.94082227,1.68668465,2.096144,1.88030155,110,15,95,4.30717498,17.1666667,11,15.3889706,0.0562683775
3837430091533,1.07374634e+14,0.42046916,0.94082227,2.096144,2.60500365,2.33676331,142,6,136,6.65222547,25.75,15,29.5373302,0.0562683775
3837430091533,1.07374634e+14,0.42046916,0.94082227,2.60500365,3.23739401,2.90403568,176,0,176,10.2740436,39.1666667,19,56.6934525,0.0562683775
3837430091533,1.07374634e+14,0.42046916,0.94082227,3.23739401,4.02330338,3.60901902,282,0,282,15.8677683,56,22,108.816455,0.0562683775
3837430091533,1.07374634e+14,0.42046916,0.94082227,4.02330338,5,4.48514402,462,0,462,24.5070082,106.5,40,208.860465,0.0562683775
3837430091732,1.84777122e+14,0.42167774,1.1264159,0.1,0.124275987,0.11147914,3,3,0,0.0217023667,0.25,0,0.00550403826,0.0562371323
3837430091732,1.84777122e+14,0.42167774,1.1264159,0.124275987,0.15444521,0.138541802,0,0,0,0.033518266,0.666666667,0,0.010564358,0.0562371323
3837430091732,1.84777122e+14,0.42167774,1.1264159,0.15444521,0.19193831,0.172174193,4,2,2,0.0517673565,1,0,0.0202770503,0.0562371323
3837430091732,1.84777122e+14,0.42167774,1.1264159,0.19193831,0.23853323,0.213971178,11,8,3,0.0799522027,1.25,0,0.0389194277,0.0562371323
3837430091732,1.84777122e+14,0.42167774,1.1264159,0.23853323,0.296439527,0.265914795,12,10,2,0.123482348,2.08333333,0,0.074701292,0.0562371323
3837430091732,1.84777122e+14,0.42167774,1.1264159,0.296439527,0.36840315,0.330468237,12,9,3,0.190712572,1.91666667,0,0.143380398,0.0562371323
3837430091732,1.84777122e+14,0.42167774,1.1264159,0.36840315,0.457836652,0.410692665,23,16,7,0.294546433,2.33333333,0,0.275201913,0.0562371323
3837430091732,1.84777122e+14,0.42167774,1.1264159,0.457836652,0.56898102,0.510392364,35,22,13,0.454912858,3,0,0.528217902,0.0562371323
3837430091732,1.84777122e+14,0.42167774,1.1264159,0.56898102,0.707106781,0.63429515,26,16,10,0.702591122,6,0,1.01385252,0.0562371323
3837430091732,1.84777122e+14,0.42167774,1.1264159,0.707106781,0.878763934,0.788276561,38,18,20,1.08511834,10.75,0,1.94597139,0.0562371323
3837430091732,1.84777122e+14,0.42167774,1.1264159,0.878763934,1.09209256,0.97963848,39,14,25,1.6759133,13.8333333,2,3.7350646,0.0562371323
3837430091732,1.84777122e+14,0.42167774,1.1264159,1.09209256,1.35720881,1.21745539,70,23,47,2.58836782,14.3333333,4,7.16901989,0.0562371323
3837430091732,1.84777122e+14,0.42167774,1.1264159,1.35720881,1.68668465,1.51300471,94,19,75,3.99761013,23.6666667,5,13.7600956,0.0562371323
3837430091732,1.84777122e+14,0.42167774,1.1264159,1.68668465,2.096144,1.88030155,178,13,165,6.17411739,34.3333333,1,26.4108951,0.0562371323
3837430091732,1.84777122e+14,0.42167774,1.1264159,2.096144,2.60500365,2.33676331,201,12,189,9.53562859,48.75,9,50.6926258,0.0562371323
3837430091732,1.84777122e+14,0.42167774,1.1264159,2.60500365,3.23739401,2.90403568,266,2,264,14.7273217,75.75,26,97.2985694,0.0562371323
3837430091732,1.84777122e+14,0.42167774,1.1264159,3.23739401,4.02330338,3.60901902,382,0,382,22.7456429,116.916667,46,186.75323,0.0562371323
3837430091732,1.84777122e+14,0.42167774,1.1264159,4.02330338,5,4.48514402,532,0,532,35.1295561,186.25,76,358.450994,0.0562371323
3837430113735,2.29702751e+14,0.42813465,1.2104192,0.1,0.124275987,0.11147914,6,3,3,0.0250600055,0.0833333333,0,0.00682955708,0.0548094106
3837430113735,2.29702751e+14,0.42813465,1.2104192,0.124275987,0.15444521,0.138541802,10,10,0,0.0387039782,0.166666667,0,0.0131085365,0.0548094106
3837430113735,2.29702751e+14,0.42813465,1.2104192,0.15444521,0.19193831,0.172174193,14,13,1,0.0597764407,0.416666667,0,0.0251603034,0.0548094106
3837430113735,2.29702751e+14,0.42813465,1.2104192,0.19193831,0.23853323,0.213971178,13,13,0,0.0923218496,0.333333333,0,0.0482922613,0.0548094106
3837430113735,2.29702751e+14,0.42813465,1.2104192,0.23853323,0.296439527,0.265914795,10,7,3,0.142586675,0.25,0,0.0926913503,0.0548094106
3837430113735,2.29702751e+14,0.42813465,1.2104192,0.296439527,0.36840315,0.330468237,14,11,3,0.22021829,0.916666667,0,0.177910212,0.0548094106
3837430113735,2.29702751e+14,0.42813465,1.2104192,0.36840315,0.457836652,0.410692665,19,13,6,0.340116602,1.25,0,0.341477854,0.0548094106
3837430113735,2.29702751e+14,0.42813465,1.2104192,0.457836652,0.56898102,0.510392364,21,19,2,0.525293802,1.41666667,0,0.655426823,0.0548094106
3837430113735,2.29702751e+14,0.42813465,1.2104192,0.56898102,0.707106781,0.63429515,33,16,17,0.811291118,1.41666667,0,1.25801517,0.0548094106
3837430113735,2.29702751e+14,0.42813465,1.2104192,0.707106781,0.878763934,0.788276561,47,20,27,1.25300027,3.33333333,0,2.41461306,0.0548094106
3837430113735,2.29702751e+14,0.42813465,1.2104192,0.878763934,1.09209256,0.97963848,61,20,41,1.93519891,5.5,5,4.63456751,0.0548094106
3837430113735,2.29702751e+14,0.42813465,1.2104192,1.09209256,1.35720881,1.21745539,67,13,54,2.98882203,7.5,13,8.89551058,0.0548094106
3837430113735,2.29702751e+14,0.42813465,1.2104192,1.35720881,1.68668465,1.51300471,60,22,38,4.61609248,10.75,12,17.0738927,0.0548094106
3837430113735,2.29702751e+14,0.42813465,1.2104192,1.68668465,2.096144,1.88030155,87,18,69,7.12933375,20.6666667,13,32.7713412,0.0548094106
3837430113735,2.29702751e+14,0.42813465,1.2104192,2.096144,2.60500365,2.33676331,116,5,111,11.0109145,35,21,62.9007585,0.0548094106
3837430113735,2.29702751e+14,0.42813465,1.2104192,2.60500365,3.23739401,2.90403568,189,2,187,17.0058301,49.4166667,30,120.730653,0.0548094106
3837430113735,2.29702751e+14,0.42813465,1.2104192,3.23739401,4.02330338,3.60901902,180,0,180,26.2646901,67,41,231.728376,0.0548094106
3837430113735,2.29702751e+14,0.42813465,1.2104192,4.02330338,5,4.48514402,290,0,290,40.5645559,94.25,61,444.775529,0.0548094106
3837430113935,1.37254059e+14,0.42933652,1.01957074,0.1,0.124275987,0.11147914,2,2,0,0.0177805127,0,0,0.00408166369,0.0542253758
3837430113935,1.37254059e+14,0.42933652,1.01957074,0.124275987,0.15444521,0.138541802,5,4,1,0.0274611503,0,0,0.00783427632,0.0542253758
3837430113935,1.37254059e+14,0.42933652,1.01957074,0.15444521,0.19193831,0.172174193,6,4,2,0.0424124314,0.0833333333,0,0.0150369776,0.0542253758
3837430113935,1.37254059e+14,0.42933652,1.01957074,0.19193831,0.23853323,0.213971178,6,5,1,0.065503969,0,0,0.0288617207,0.0542253758
3837430113935,1.37254059e+14,0.42933652,1.01957074,0.23853323,0.296439527,0.265914795,10,6,4,0.101167743,0.166666667,0,0.0553966991,0.0542253758
3837430113935,1.37254059e+14,0.42933652,1.01957074,0.296439527,0.36840315,0.330468237,15,10,5,0.156248733,0.5,0,0.106327488,0.0542253758
3837430113935,1.37254059e+14,0.42933652,1.01957074,0.36840315,0.457836652,0.410692665,11,6,5,0.241318685,0.75,0,0.204083184,0.0542253758
3837430113935,1.37254059e+14,0.42933652,1.01957074,0.457836652,0.56898102,0.510392364,17,6,11,0.372705151,1,0,0.391713816,0.0542253758
3837430113935,1.37254059e+14,0.42933652,1.01957074,0.56898102,0.707106781,0.63429515,14,5,9,0.575625255,2.16666667,0,0.751848879,0.0542253758
3837430113935,1.37254059e+14,0.42933652,1.01957074,0.707106781,0.878763934,0.788276561,27,16,11,0.889025637,2.75,0,1.44308604,0.0542253758
3837430113935,1.37254059e+14,0.42933652,1.01957074,0.878763934,1.09209256,0.97963848,39,8,31,1.37305752,3.75,2,2.76983495,0.0542253758
3837430113935,1.37254059e+14,0.42933652,1.01957074,1.09209256,1.35720881,1.21745539,96,9,87,2.12062157,7.41666667,7,5.31637441,0.0542253758
3837430113935,1.37254059e+14,0.42933652,1.01957074,1.35720881,1.68668465,1.51300471,88,14,74,3.27519845,10.9166667,3,10.2041592,0.0542253758
3837430113935,1.37254059e+14,0.42933652,1.01957074,1.68668465,2.096144,1.88030155,78,8,70,5.05838714,21.5833333,9,19.5856908,0.0542253758
3837430113935,1.37254059e+14,0.42933652,1.01957074,2.096144,2.60500365,2.33676331,98,12,86,7.81243667,31,19,37.592444,0.0542253758
3837430113935,1.37254059e+14,0.42933652,1.01957074,2.60500365,3.23739401,2.90403568,90,2,88,12.0659343,52.4166667,18,72.1543018,0.0542253758
3837430113935,1.37254059e+14,0.42933652,1.01957074,3.23739401,4.02330338,3.60901902,133,0,133,18.6352576,59.5,33,138.491748,0.0542253758
3837430113935,1.37254059e+14,0.42933652,1.01957074,4.02330338,5,4.48514402,269,0,269,28.7812628,97.8333333,49,265.818721,0.0542253758
3837430172144,1.11328715e+14,0.41999057,0.95072266,0.1,0.124275987,0.11147914,5,5,0,0.0154602761,0,0,0.00330938019,0.0562213611
3837430172144,1.11328715e+14,0.41999057,0.95072266,0.124275987,0.15444521,0.138541802,1,1,0,0.0238776559,0,0,0.00635196842,0.0562213611
3837430172144,1.11328715e+14,0.41999057,0.95072266,0.15444521,0.19193831,0.172174193,5,5,0,0.0368778959,0.416666667,0,0.0121918609,0.0562213611
3837430172144,1.11328715e+14,0.41999057,0.95072266,0.19193831,0.23853323,0.213971178,4,4,0,0.056956144,0.166666667,0,0.0234008517,0.0562213611
3837430172144,1.11328715e+14,0.41999057,0.95072266,0.23853323,0.296439527,0.265914795,4,3,1,0.0879660364,0,0,0.0449151995,0.0562213611
3837430172144,1.11328715e+14,0.41999057,0.95072266,0.296439527,0.36840315,0.330468237,9,9,0,0.13585933,0.333333333,0,0.0862094749,0.0562213611
3837430172144,1.11328715e+14,0.41999057,0.95072266,0.36840315,0.457836652,0.410692665,8,8,0,0.209828228,1.16666667,0,0.16546901,0.0562213611
3837430172144,1.11328715e+14,0.41999057,0.95072266,0.457836652,0.56898102,0.510392364,9,8,1,0.324069649,0.916666667,0,0.317598421,0.0562213611
3837430172144,1.11328715e+14,0.41999057,0.95072266,0.56898102,0.707106781,0.63429515,9,9,0,0.500510052,1.33333333,0,0.609593043,0.0562213611
3837430172144,1.11328715e+14,0.41999057,0.95072266,0.707106781,0.878763934,0.788276561,11,11,0,0.773013803,1.41666667,0,1.17004259,0.0562213611
3837430172144,1.11328715e+14,0.41999057,0.95072266,0.878763934,1.09209256,0.97963848,18,16,2,1.19388279,3.75,0,2.24575997,0.0562213611
3837430172144,1.11328715e+14,0.41999057,0.95072266,1.09209256,1.35720881,1.21745539,15,9,6,1.8438948,7.08333333,5,4.31047375,0.0562213611
3837430172144,1.11328715e+14,0.41999057,0.95072266,1.35720881,1.68668465,1.51300471,20,11,9,2.8478072,9.25,5,8.27345048,0.0562213611
3837430172144,1.11328715e+14,0.41999057,0.95072266,1.68668465,2.096144,1.88030155,32,11,21,4.39830182,12.3333333,7,15.8799211,0.0562213611
3837430172144,1.11328715e+14,0.41999057,0.95072266,2.096144,2.60500365,2.33676331,24,7,17,6.79296651,24.8333333,11,30.4796522,0.0562213611
3837430172144,1.11328715e+14,0.41999057,0.95072266,2.60500365,3.23739401,2.90403568,35,0,35,10.4914114,37.25,8,58.5021294,0.0562213611
3837430172144,1.11328715e+14,0.41999057,0.95072266,3.23739401,4.02330338,3.60901902,59,0,59,16.2034825,59.75,13,112.287999,0.0562213611
3837430172144,1.11328715e+14,0.41999057,0.95072266,4.02330338,5,4.48514402,116,0,116,25.0255026,109.75,27,215.523687,0.0562213611
3837430203213,1.35075069e+14,0.4411176,1.0142117,0.1,0.124275987,0.11147914,2,2,0,0.0175940891,0,0,0.0040176396,0.0502406733
3837430203213,1.35075069e+14,0.4411176,1.0142117,0.124275987,0.15444521,0.138541802,4,4,0,0.0271732279,0.0833333333,0,0.00771138957,0.0502406733
3837430203213,1.35075069e+14,0.4411176,1.0142117,0.15444521,0.19193831,0.172174193,5,5,0,0.041967749,0.333333333,0,0.0148011108,0.0502406733
3837430203213,1.35075069e+14,0.4411176,1.0142117,0.19193831,0.23853323,0.213971178,5,5,0,0.0648171784,0.0833333333,0,0.0284090021,0.0502406733
3837430203213,1.35075069e+14,0.4411176,1.0142117,0.23853323,0.296439527,0.265914795,4,4,0,0.100107028,0.0833333333,0,0.0545277586,0.0502406733
3837430203213,1.35075069e+14,0.4411176,1.0142117,0.296439527,0.36840315,0.330468237,5,5,0,0.154610509,0.666666667,0,0.104659658,0.0502406733
3837430203213,1.35075069e+14,0.4411176,1.0142117,0.36840315,0.457836652,0.410692665,11,10,1,0.238788527,1.08333333,0,0.20088198,0.0502406733
3837430203213,1.35075069e+14,0.4411176,1.0142117,0.457836652,0.56898102,0.510392364,8,6,2,0.368797443,1.16666667,0,0.385569478,0.0502406733
3837430203213,1.35075069e+14,0.4411176,1.0142117,0.56898102,0.707106781,0.63429515,13,8,5,0.569589987,1.58333333,0,0.740055542,0.0502406733
3837430203213,1.35075069e+14,0.4411176,1.0142117,0.707106781,0.878763934,0.788276561,22,11,11,0.879704454,4.41666667,0,1.4204501,0.0502406733
3837430203213,1.35075069e+14,0.4411176,1.0142117,0.878763934,1.09209256,0.97963848,36,15,21,1.3586614,7.08333333,1,2.72638793,0.0502406733
3837430203213,1.35075069e+14,0.4411176,1.0142117,1.09209256,1.35720881,1.21745539,44,14,30,2.09838745,8.41666667,5,5.23298292,0.0502406733
3837430203213,1.35075069e+14,0.4411176,1.0142117,1.35720881,1.68668465,1.51300471,46,18,28,3.24085892,12.5833333,5,10.044099,0.0502406733
3837430203213,1.35075069e+14,0.4411176,1.0142117,1.68668465,2.096144,1.88030155,50,8,42,5.00535138,25.75,4,19.2784739,0.0502406733
3837430203213,1.35075069e+14,0.4411176,1.0142117,2.096144,2.60500365,2.33676331,52,1,51,7.73052547,33.5833333,7,37.0027771,0.0502406733
3837430203213,1.35075069e+14,0.4411176,1.0142117,2.60500365,3.23739401,2.90403568,91,0,91,11.9394263,45,12,71.0225052,0.0502406733
3837430203213,1.35075069e+14,0.4411176,1.0142117,3.23739401,4.02330338,3.60901902,139,0,139,18.4398721,72.6666667,28,136.319396,0.0502406733
3837430203213,1.35075069e+14,0.4411176,1.0142117,4.02330338,5,4.48514402,201,0,201,28.4794993,118,30,261.649146,0.0502406733
3837430204323,1.02298484e+14,0.444566,0.92431195,0.1,0.124275987,0.11147914,4,4,0,0.0146132458,0,0,0.00304117093,0.0486512507
3837430204323,1.02298484e+14,0.444566,0.92431195,0.124275987,0.15444521,0.138541802,1,1,0,0.0225694583,0.0833333333,0,0.0058371721,0.0486512507
3837430204323,1.02298484e+14,0.444566,0.92431195,0.15444521,0.19193831,0.172174193,3,3,0,0.0348574473,0.166666667,0,0.0112037695,0.0486512507
3837430204323,1.02298484e+14,0.444566,0.92431195,0.19193831,0.23853323,0.213971178,3,3,0,0.0538356579,0.0833333333,0,0.0215043259,0.0486512507
3837430204323,1.02298484e+14,0.444566,0.92431195,0.23853323,0.296439527,0.265914795,3,3,0,0.0831465951,0.0833333333,0,0.0412750398,0.0486512507
3837430204323,1.02298484e+14,0.444566,0.92431195,0.296439527,0.36840315,0.330468237,10,10,0,0.128415934,0.166666667,0,0.079222614,0.0486512507
3837430204323,1.02298484e+14,0.444566,0.92431195,0.36840315,0.457836652,0.410692665,8,8,0,0.198332259,0.666666667,0,0.152058547,0.0486512507
3837430204323,1.02298484e+14,0.444566,0.92431195,0.457836652,0.56898102,0.510392364,7,6,1,0.306314675,0.666666667,0,0.291858605,0.0486512507
3837430204323,1.02298484e+14,0.444566,0.92431195,0.56898102,0.707106781,0.63429515,13,11,2,0.473088345,1.08333333,0,0.560188476,0.0486512507
3837430204323,1.02298484e+14,0.444566,0.92431195,0.707106781,0.878763934,0.788276561,22,15,7,0.73066229,1.25,0,1.07521629,0.0486512507
3837430204323,1.02298484e+14,0.444566,0.92431195,0.878763934,1.09209256,0.97963848,21,9,12,1.12847291,2.5,0,2.06375199,0.0486512507
3837430204323,1.02298484e+14,0.444566,0.92431195,1.09209256,1.35720881,1.21745539,25,11,14,1.74287237,3.66666667,4,3.9611307,0.0486512507
3837430204323,1.02298484e+14,0.444566,0.92431195,1.35720881,1.68668465,1.51300471,17,6,11,2.69178289,8.16666667,4,7.60292733,0.0486512507
3837430204323,1.02298484e+14,0.444566,0.92431195,1.68668465,2.096144,1.88030155,14,0,14,4.15732976,10.9166667,8,14.5929303,0.0486512507
3837430204323,1.02298484e+14,0.444566,0.92431195,2.096144,2.60500365,2.33676331,15,0,15,6.42079669,18.0833333,2,28.0094238,0.0486512507
3837430204323,1.02298484e+14,0.444566,0.92431195,2.60500365,3.23739401,2.90403568,32,0,32,9.91661297,32.3333333,7,53.7608147,0.0486512507
3837430204323,1.02298484e+14,0.444566,0.92431195,3.23739401,4.02330338,3.60901902,33,0,33,15.3157338,47.8333333,6,103.187599,0.0486512507
3837430204323,1.02298484e+14,0.444566,0.92431195,4.02330338,5,4.48514402,39,0,39,23.6544173,78.75,11,198.056535,0.0486512507
3837430260104,1.2713502e+14,0.44596204,0.9938152,0.1,0.124275987,0.11147914,3,3,0,0.0168935462,0.166666667,0,0.00378008906,0.0482083483
3837430260104,1.2713502e+14,0.44596204,0.9938152,0.124275987,0.15444521,0.138541802,4,3,1,0.026091273,0.0833333333,0,0.00725543907,0.0482083483
3837430260104,1.2713502e+14,0.44596204,0.9938152,0.15444521,0.19193831,0.172174193,3,2,1,0.0402967215,0.0833333333,0,0.0139259672,0.0482083483
3837430260104,1.2713502e+14,0.44596204,0.9938152,0.19193831,0.23853323,0.213971178,6,5,1,0.0622363563,0.416666667,0,0.0267292661,0.0482083483
3837430260104,1.2713502e+14,0.44596204,0.9938152,0.23853323,0.296439527,0.265914795,11,10,1,0.0961210715,0.166666667,0,0.0513037017,0.0482083483
3837430260104,1.2713502e+14,0.44596204,0.9938152,0.296439527,0.36840315,0.330468237,8,6,2,0.148454391,0.5,0,0.0984714581,0.0482083483
3837430260104,1.2713502e+14,0.44596204,0.9938152,0.36840315,0.457836652,0.410692665,13,10,3,0.229280697,1.41666667,0,0.189004453,0.0482083483
3837430260104,1.2713502e+14,0.44596204,0.9938152,0.457836652,0.56898102,0.510392364,4,4,0,0.354113055,2.33333333,0,0.362771953,0.0482083483
3837430260104,1.2713502e+14,0.44596204,0.9938152,0.56898102,0.707106781,0.63429515,9,7,2,0.546910653,1.91666667,0,0.696298358,0.0482083483
3837430260104,1.2713502e+14,0.44596204,0.9938152,0.707106781,0.878763934,0.788276561,18,11,7,0.844677309,3.5,0,1.3364633,0.0482083483
3837430260104,1.2713502e+14,0.44596204,0.9938152,0.878763934,1.09209256,0.97963848,13,6,7,1.30456365,5.33333333,1,2.56518508,0.0482083483
3837430260104,1.2713502e+14,0.44596204,0.9938152,1.09209256,1.35720881,1.21745539,24,7,17,2.01483607,7.16666667,7,4.92357291,0.0482083483
3837430260104,1.2713502e+14,0.44596204,0.9938152,1.35720881,1.68668465,1.51300471,39,12,27,3.11181781,14.4166667,2,9.45022264,0.0482083483
3837430260104,1.2713502e+14,0.44596204,0.9938152,1.68668465,2.096144,1.88030155,40,5,35,4.80605357,23.8333333,8,18.1385977,0.0482083483
3837430260104,1.2713502e+14,0.44596204,0.9938152,2.096144,2.60500365,2.33676331,66,6,60,7.42271956,32.4166667,6,34.8149179,0.0482083483
3837430260104,1.2713502e+14,0.44596204,0.9938152,2.60500365,3.23739401,2.90403568,134,0,134,11.4640348,50.8333333,12,66.8231652,0.0482083483
3837430260104,1.2713502e+14,0.44596204,0.9938152,3.23739401,4.02330338,3.60901902,148,0,148,17.7056527,68.25,27,128.259254,0.0482083483
3837430260104,1.2713502e+14,0.44596204,0.9938152,4.02330338,5,4.48514402,249,0,249,27.3455327,96.0833333,36,246.178645,0.0482083483
3837430303777,1.24329789e+14,0.448407,0.98952344,0.1,0.124275987,0.11147914,1,1,0,0.0167479527,0,0,0.00373132765,0.0479718866
3837430303777,1.24329789e+14,0.448407,0.98952344,0.124275987,0.15444521,0.138541802,3,3,0,0.0258664109,0,0,0.00716184724,0.0479718866
3837430303777,1.24329789e+14,0.448407,0.98952344,0.15444521,0.19193831,0.172174193,4,3,1,0.0399494327,0.25,0,0.0137463286,0.0479718866
3837430303777,1.24329789e+14,0.448407,0.98952344,0.19193831,0.23853323,0.213971178,5,5,0,0.0616999854,0.25,0,0.0263844708,0.0479718866
3837430303777,1.24329789e+14,0.448407,0.98952344,0.23853323,0.296439527,0.265914795,5,5,0,0.0952926723,0.166666667,0,0.0506419075,0.0479718866
3837430303777,1.24329789e+14,0.448407,0.98952344,0.296439527,0.36840315,0.330468237,13,10,3,0.147174968,1,0,0.0972012216,0.0479718866
3837430303777,1.24329789e+14,0.448407,0.98952344,0.36840315,0.457836652,0.410692665,14,10,4,0.22730469,1.16666667,0,0.186566382,0.0479718866
3837430303777,1.24329789e+14,0.448407,0.98952344,0.457836652,0.56898102,0.510392364,10,7,3,0.351061206,2.25,0,0.358092362,0.0479718866
3837430303777,1.24329789e+14,0.448407,0.98952344,0.56898102,0.707106781,0.63429515,19,11,8,0.542197219,2.75,0,0.68731643,0.0479718866
3837430303777,1.24329789e+14,0.448407,0.98952344,0.707106781,0.878763934,0.788276561,28,9,19,0.837397637,3.25,0,1.31922354,0.0479718866
3837430303777,1.24329789e+14,0.448407,0.98952344,0.878763934,1.09209256,0.97963848,27,7,20,1.29332054,5.5,0,2.53209538,0.0479718866
3837430303777,1.24329789e+14,0.448407,0.98952344,1.09209256,1.35720881,1.21745539,23,8,15,1.99747163,11.0833333,1,4.86006108,0.0479718866
3837430303777,1.24329789e+14,0.448407,0.98952344,1.35720881,1.68668465,1.51300471,35,15,20,3.08499927,13.4166667,3,9.32831912,0.0479718866
3837430303777,1.24329789e+14,0.448407,0.98952344,1.68668465,2.096144,1.88030155,54,8,46,4.76463362,20.5833333,0,17.9046181,0.0479718866
3837430303777,1.24329789e+14,0.448407,0.98952344,2.096144,2.60500365,2.33676331,62,4,58,7.35874842,38.6666667,5,34.3658215,0.0479718866
3837430303777,1.24329789e+14,0.448407,0.98952344,2.60500365,3.23739401,2.90403568,116,0,116,11.3652345,60.9166667,6,65.9611771,0.0479718866
3837430303777,1.24329789e+14,0.448407,0.98952344,3.23739401,4.02330338,3.60901902,169,0,169,17.5530603,69.5833333,20,126.604769,0.0479718866
3837430303777,1.24329789e+14,0.448407,0.98952344,4.02330338,5,4.48514402,173,0,173,27.109861,109.666667,35,243.003054,0.0479718866
3837430376639,1.48702818e+14,0.4612482,1.047528,0.1,0.124275987,0.11147914,5,5,0,0.018768987,0.0833333333,0,0.00442671995,0.0447154642
3837430376639,1.48702818e+14,0.4612482,1.047528,0.124275987,0.15444521,0.138541802,3,3,0,0.0289878015,0,0,0.00849657149,0.0447154642
3837430376639,1.48702818e+14,0.4612482,1.047528,0.15444521,0.19193831,0.172174193,2,2,0,0.0447702711,0.416666667,0,0.0163081757,0.0447154642
3837430376639,1.48702818e+14,0.4612482,1.047528,0.19193831,0.23853323,0.213971178,2,1,1,0.0691455395,0.416666667,0,0.031301637,0.0447154642
3837430376639,1.48702818e+14,0.4612482,1.047528,0.23853323,0.296439527,0.265914795,3,3,0,0.106791974,0.75,0,0.0600798331,0.0447154642
3837430376639,1.48702818e+14,0.4612482,1.047528,0.296439527,0.36840315,0.330468237,8,8,0,0.164935089,1.08333333,0,0.115316217,0.0447154642
3837430376639,1.48702818e+14,0.4612482,1.047528,0.36840315,0.457836652,0.410692665,11,11,0,0.254734345,0.833333333,0,0.221335998,0.0447154642
3837430376639,1.48702818e+14,0.4612482,1.047528,0.457836652,0.56898102,0.510392364,7,7,0,0.393424996,1.16666667,0,0.424828574,0.0447154642
3837430376639,1.48702818e+14,0.4612482,1.047528,0.56898102,0.707106781,0.63429515,18,17,1,0.607626063,2.41666667,0,0.815408787,0.0447154642
3837430376639,1.48702818e+14,0.4612482,1.047528,0.707106781,0.878763934,0.788276561,15,15,0,0.938449352,2.33333333,0,1.56508185,0.0447154642
3837430376639,1.48702818e+14,0.4612482,1.047528,0.878763934,1.09209256,0.97963848,23,11,12,1.44939008,3.08333333,3,3.00399166,0.0447154642
3837430376639,1.48702818e+14,0.4612482,1.047528,1.09209256,1.35720881,1.21745539,30,14,16,2.23851356,4.83333333,5,5.76581083,0.0447154642
3837430376639,1.48702818e+14,0.4612482,1.047528,1.35720881,1.68668465,1.51300471,31,11,20,3.45727697,8,7,11.0667999,0.0447154642
3837430376639,1.48702818e+14,0.4612482,1.047528,1.68668465,2.096144,1.88030155,38,9,29,5.3395987,14.0833333,7,21.2414287,0.0447154642
3837430376639,1.48702818e+14,0.4612482,1.047528,2.096144,2.60500365,2.33676331,47,4,43,8.24675445,25.0833333,11,40.7704394,0.0447154642
3837430376639,1.48702818e+14,0.4612482,1.047528,2.60500365,3.23739401,2.90403568,84,2,82,12.7367173,53.3333333,10,78.2540925,0.0447154642
3837430376639,1.48702818e+14,0.4612482,1.047528,3.23739401,4.02330338,3.60901902,112,0,112,19.6712498,76.9166667,16,150.199583,0.0447154642
3837430376639,1.48702818e+14,0.4612482,1.047528,4.02330338,5,4.48514402,110,0,110,30.3813032,101.416667,19,288.290542,0.0447154642
3837430405771,1.541797e+14,0.45768756,1.0613645,0.1,0.124275987,0.11147914,2,2,0,0.0192680901,0,0,0.00460446101,0.0456250529
3837430405771,1.541797e+14,0.45768756,1.0613645,0.124275987,0.15444521,0.138541802,4,4,0,0.0297586423,0.25,0,0.00883772466,0.0456250529
3837430405771,1.541797e+14,0.45768756,1.0613645,0.15444521,0.19193831,0.172174193,4,4,0,0.0459607978,0.0833333333,0,0.0169629794,0.0456250529
3837430405771,1.541797e+14,0.45768756,1.0613645,0.19193831,0.23853323,0.213971178,9,8,1,0.0709842509,0.0833333333,0,0.032558456,0.0456250529
3837430405771,1.541797e+14,0.45768756,1.0613645,0.23853323,0.296439527,0.265914795,12,11,1,0.109631776,0.0833333333,0,0.0624921504,0.0456250529
3837430405771,1.541797e+14,0.45768756,1.0613645,0.296439527,0.36840315,0.330468237,13,10,3,0.169321027,0.833333333,0,0.119946378,0.0456250529
3837430405771,1.541797e+14,0.45768756,1.0613645,0.36840315,0.457836652,0.410692665,14,12,2,0.261508216,1.41666667,0,0.23022305,0.0456250529
3837430405771,1.541797e+14,0.45768756,1.0613645,0.457836652,0.56898102,0.510392364,17,12,5,0.403886915,1.25,0,0.441886233,0.0456250529
3837430405771,1.541797e+14,0.45768756,1.0613645,0.56898102,0.707106781,0.63429515,22,14,8,0.623783996,1.58333333,0,0.84814897,0.0456250529
3837430405771,1.541797e+14,0.45768756,1.0613645,0.707106781,0.878763934,0.788276561,20,9,11,0.963404506,3.83333333,0,1.6279228,0.0456250529
3837430405771,1.541797e+14,0.45768756,1.0613645,0.878763934,1.09209256,0.97963848,44,12,32,1.48793212,5.33333333,4,3.12460752,0.0456250529
3837430405771,1.541797e+14,0.45768756,1.0613645,1.09209256,1.35720881,1.21745539,44,12,32,2.29803989,7.16666667,4,5.99731888,0.0456250529
3837430405771,1.541797e+14,0.45768756,1.0613645,1.35720881,1.68668465,1.51300471,48,15,33,3.54921255,9.75,4,11.5111525,0.0456250529
3837430405771,1.541797e+14,0.45768756,1.0613645,1.68668465,2.096144,1.88030155,62,3,59,5.48158879,13.9166667,5,22.0943117,0.0456250529
3837430405771,1.541797e+14,0.45768756,1.0613645,2.096144,2.60500365,2.33676331,139,10,129,8.46605134,21.1666667,9,42.4074485,0.0456250529
3837430405771,1.541797e+14,0.45768756,1.0613645,2.60500365,3.23739401,2.90403568,145,0,145,13.0754108,33.5,25,81.3961401,0.0456250529
3837430405771,1.541797e+14,0.45768756,1.0613645,3.23739401,4.02330338,3.60901902,180,0,180,20.1943458,48.1666667,21,156.230376,0.0456250529
3837430405771,1.541797e+14,0.45768756,1.0613645,4.02330338,5,4.48514402,261,0,261,31.1891998,75.75,27,299.865944,0.0456250529
3837430405960,1.43135447e+14,0.45786002,1.0338157,0.1,0.124275987,0.11147914,6,6,0,0.0182808254,0.0833333333,0,0.00425514631,0.0455984342
3837430405960,1.43135447e+14,0.45786002,1.0338157,0.124275987,0.15444521,0.138541802,4,3,1,0.0282338593,0,0,0.00816725592,0.0455984342
3837430405960,1.43135447e+14,0.45786002,1.0338157,0.15444521,0.19193831,0.172174193,3,3,0,0.0436058434,0,0,0.015676093,0.0455984342
3837430405960,1.43135447e+14,0.45786002,1.0338157,0.19193831,0.23853323,0.213971178,5,3,2,0.0673471366,0.0833333333,0,0.0300884281,0.0455984342
3837430405960,1.43135447e+14,0.45786002,1.0338157,0.23853323,0.296439527,0.265914795,7,5,2,0.104014427,0,0,0.0577512205,0.0455984342
3837430405960,1.43135447e+14,0.45786002,1.0338157,0.296439527,0.36840315,0.330468237,7,7,0,0.1606453,0.166666667,0,0.110846717,0.0455984342
3837430405960,1.43135447e+14,0.45786002,1.0338157,0.36840315,0.457836652,0.410692665,9,7,2,0.248108972,0.166666667,0,0.212757315,0.0455984342
3837430405960,1.43135447e+14,0.45786002,1.0338157,0.457836652,0.56898102,0.510392364,9,7,2,0.383192425,0.583333333,0,0.408362796,0.0455984342
3837430405960,1.43135447e+14,0.45786002,1.0338157,0.56898102,0.707106781,0.63429515,11,9,2,0.591822347,1.08333333,0,0.783804651,0.0455984342
3837430405960,1.43135447e+14,0.45786002,1.0338157,0.707106781,0.878763934,0.788276561,18,12,6,0.914041269,2,0,1.5044214,0.0455984342
3837430405960,1.43135447e+14,0.45786002,1.0338157,0.878763934,1.09209256,0.97963848,22,10,12,1.41169296,3.16666667,4,2.88756102,0.0455984342
3837430405960,1.43135447e+14,0.45786002,1.0338157,1.09209256,1.35720881,1.21745539,32,12,20,2.18029217,5.91666667,5,5.54233584,0.0455984342
3837430405960,1.43135447e+14,0.45786002,1.0338157,1.35720881,1.68668465,1.51300471,65,13,52,3.36735683,10.75,5,10.6378658,0.0455984342
3837430405960,1.43135447e+14,0.45786002,1.0338157,1.68668465,2.096144,1.88030155,70,14,56,5.20072134,13.75,4,20.4181398,0.0455984342
3837430405960,1.43135447e+14,0.45786002,1.0338157,2.096144,2.60500365,2.33676331,84,8,76,8.03226502,19.0833333,6,39.1902326,0.0455984342
3837430405960,1.43135447e+14,0.45786002,1.0338157,2.60500365,3.23739401,2.90403568,65,2,63,12.4054486,24.25,9,75.2210702,0.0455984342
3837430405960,1.43135447e+14,0.45786002,1.0338157,3.23739401,4.02330338,3.60901902,141,0,141,19.1596212,46.5,30,144.378051,0.0455984342
3837430405960,1.43135447e+14,0.45786002,1.0338157,4.02330338,5,4.48514402,252,0,252,29.5911173,71.1666667,34,277.116792,0.0455984342
3837430432858,1.33492294e+14,0.46349472,1.0100316,0.1,0.124275987,0.11147914,1,1,0,0.017449359,0,0,0.00396816764,0.0442063839
3837430432858,1.33492294e+14,0.46349472,1.0100316,0.124275987,0.15444521,0.138541802,4,3,1,0.0269496992,0.0833333333,0,0.00761643393,0.0442063839
3837430432858,1.33492294e+14,0.46349472,1.0100316,0.15444521,0.19193831,0.172174193,3,3,0,0.0416225196,0,0,0.0146188546,0.0442063839
3837430432858,1.33492294e+14,0.46349472,1.0100316,0.19193831,0.23853323,0.213971178,2,2,0,0.064283988,0.166666667,0,0.0280591825,0.0442063839
3837430432858,1.33492294e+14,0.46349472,1.0100316,0.23853323,0.296439527,0.265914795,7,7,0,0.0992835406,0.166666667,0,0.0538563208,0.0442063839
3837430432858,1.33492294e+14,0.46349472,1.0100316,0.296439527,0.36840315,0.330468237,11,9,2,0.153338673,0.666666667,0,0.103370912,0.0442063839
3837430432858,1.33492294e+14,0.46349472,1.0100316,0.36840315,0.457836652,0.410692665,12,10,2,0.236824237,0.833333333,0,0.198408382,0.0442063839
3837430432858,1.33492294e+14,0.46349472,1.0100316,0.457836652,0.56898102,0.510392364,10,6,4,0.365763691,1,0,0.380821696,0.0442063839
3837430432858,1.33492294e+14,0.46349472,1.0100316,0.56898102,0.707106781,0.63429515,16,11,5,0.564904502,1.41666667,0,0.73094273,0.0442063839
3837430432858,1.33492294e+14,0.46349472,1.0100316,0.707106781,0.878763934,0.788276561,17,6,11,0.872467948,2,0,1.40295912,0.0442063839
3837430432858,1.33492294e+14,0.46349472,1.0100316,0.878763934,1.09209256,0.97963848,19,10,9,1.34748496,2.58333333,1,2.69281604,0.0442063839
3837430432858,1.33492294e+14,0.46349472,1.0100316,1.09209256,1.35720881,1.21745539,31,15,16,2.08112598,4.58333333,1,5.16854561,0.0442063839
3837430432858,1.33492294e+14,0.46349472,1.0100316,1.35720881,1.68668465,1.51300471,29,7,22,3.2141994,8.58333333,1,9.92041911,0.0442063839
3837430432858,1.33492294e+14,0.46349472,1.0100316,1.68668465,2.096144,1.88030155,49,10,39,4.96417703,14.5,5,19.0410848,0.0442063839
3837430432858,1.33492294e+14,0.46349472,1.0100316,2.096144,2.60500365,2.33676331,74,8,66,7.66693366,20.75,3,36.5471365,0.0442063839
3837430432858,1.33492294e+14,0.46349472,1.0100316,2.60500365,3.23739401,2.90403568,89,0,89,11.8412118,32.8333333,6,70.1479562,0.0442063839
3837430432858,1.33492294e+14,0.46349472,1.0100316,3.23739401,4.02330338,3.60901902,97,0,97,18.2881845,56.0833333,20,134.640802,0.0442063839
3837430432858,1.33492294e+14,0.46349472,1.0100316,4.02330338,5,4.48514402,151,0,151,28.2452251,91.25,27,258.42728,0.0442063839
3837430627821,1.29208831e+14,0.44641298,0.999583,0.1,0.124275987,0.11147914,4,4,0,0.0170902052,0.0833333333,0,0.00384628722,0.0481030417
3837430627821,1.29208831e+14,0.44641298,0.999583,0.124275987,0.15444521,0.138541802,9,9,0,0.0263950034,0.0833333333,0,0.0073824987,0.0481030417
3837430627821,1.29208831e+14,0.44641298,0.999583,0.15444521,0.19193831,0.172174193,11,11,0,0.0407658185,0,0,0.0141698433,0.0481030417
3837430627821,1.29208831e+14,0.44641298,0.999583,0.19193831,0.23853323,0.213971178,6,6,0,0.0629608542,0.166666667,0,0.0271973577,0.0481030417
3837430627821,1.29208831e+14,0.44641298,0.999583,0.23853323,0.296439527,0.265914795,6,6,0,0.0972400238,0.25,0,0.0522021489,0.0481030417
3837430627821,1.29208831e+14,0.44641298,0.999583,0.296439527,0.36840315,0.330468237,11,11,0,0.150182559,0.916666667,0,0.100195923,0.0481030417
3837430627821,1.29208831e+14,0.44641298,0.999583,0.36840315,0.457836652,0.410692665,7,7,0,0.23194977,0.916666667,0,0.192314361,0.0481030417
3837430627821,1.29208831e+14,0.44641298,0.999583,0.457836652,0.56898102,0.510392364,10,10,0,0.358235311,2.33333333,0,0.369124935,0.0481030417
3837430627821,1.29208831e+14,0.44641298,0.999583,0.56898102,0.707106781,0.63429515,14,9,5,0.55327728,3.16666667,0,0.708492163,0.0481030417
3837430627821,1.29208831e+14,0.44641298,0.999583,0.707106781,0.878763934,0.788276561,9,8,1,0.854510259,3.75,0,1.35986789,0.0481030417
3837430627821,1.29208831e+14,0.44641298,0.999583,0.878763934,1.09209256,0.97963848,29,14,15,1.31975017,7.25,2,2.61010745,0.0481030417
3837430627821,1.29208831e+14,0.44641298,0.999583,1.09209256,1.35720881,1.21745539,31,15,16,2.03829093,8.83333333,8,5.00979613,0.0481030417
3837430627821,1.29208831e+14,0.44641298,0.999583,1.35720881,1.68668465,1.51300471,43,9,34,3.14804271,12.5833333,6,9.61571805,0.0481030417
3837430627821,1.29208831e+14,0.44641298,0.999583,1.68668465,2.096144,1.88030155,27,11,16,4.86200119,18.3333333,4,18.4562467,0.0481030417
3837430627821,1.29208831e+14,0.44641298,0.999583,2.096144,2.60500365,2.33676331,25,1,24,7.50912797,32,7,35.4246082,0.0481030417
3837430627821,1.29208831e+14,0.44641298,0.999583,2.60500365,3.23739401,2.90403568,37,0,37,11.5974885,52.25,13,67.9933944,0.0481030417
3837430627821,1.29208831e+14,0.44641298,0.999583,3.23739401,4.02330338,3.60901902,76,0,76,17.9117655,82.6666667,21,130.505372,0.0481030417
3837430627821,1.29208831e+14,0.44641298,0.999583,4.02330338,5,4.48514402,134,0,134,27.663864,138.75,24,250.489807,0.0481030417
3837430793047,3.96717353e+14,0.46213683,1.4523849,0.1,0.124275987,0.11147914,7,6,1,0.0360805379,0.25,0,0.0117985952,0.0445772287
3837430793047,3.96717353e+14,0.46213683,1.4523849,0.124275987,0.15444521,0.138541802,9,8,1,0.0557246628,0.333333333,0,0.0226460243,0.0445772287
3837430793047,3.96717353e+14,0.46213683,1.4523849,0.15444521,0.19193831,0.172174193,14,13,1,0.0860640727,0.25,0,0.0434663965,0.0445772287
3837430793047,3.96717353e+14,0.46213683,1.4523849,0.19193831,0.23853323,0.213971178,12,12,0,0.132921838,0.75,0,0.083428667,0.0445772287
3837430793047,3.96717353e+14,0.46213683,1.4523849,0.23853323,0.296439527,0.265914795,20,20,0,0.205291413,1.41666667,0,0.160131574,0.0445772287
3837430793047,3.96717353e+14,0.46213683,1.4523849,0.296439527,0.36840315,0.330468237,16,15,1,0.317062755,0.333333333,0,0.307353837,0.0445772287
3837430793047,3.96717353e+14,0.46213683,1.4523849,0.36840315,0.457836652,0.410692665,29,27,2,0.489688239,1.58333333,0,0.589929762,0.0445772287
3837430793047,3.96717353e+14,0.46213683,1.4523849,0.457836652,0.56898102,0.510392364,22,20,2,0.756300031,2.66666667,0,1.13230122,0.0445772287
3837430793047,3.96717353e+14,0.46213683,1.4523849,0.56898102,0.707106781,0.63429515,40,33,7,1.16806918,3.91666667,0,2.17331982,0.0445772287
3837430793047,3.96717353e+14,0.46213683,1.4523849,0.707106781,0.878763934,0.788276561,45,34,11,1.8040269,5.66666667,0,4.17143335,0.0445772287
3837430793047,3.96717353e+14,0.46213683,1.4523849,0.878763934,1.09209256,0.97963848,61,36,25,2.78623314,9.66666667,5,8.00657869,0.0445772287
3837430793047,3.96717353e+14,0.46213683,1.4523849,1.09209256,1.35720881,1.21745539,67,34,33,4.30320364,14.9166667,14,15.3676919,0.0445772287
3837430793047,3.96717353e+14,0.46213683,1.4523849,1.35720881,1.68668465,1.51300471,77,31,46,6.64609191,18.9166667,17,29.4964881,0.0445772287
3837430793047,3.96717353e+14,0.46213683,1.4523849,1.68668465,2.096144,1.88030155,87,20,67,10.2645706,26.25,20,56.6150609,0.0445772287
3837430793047,3.96717353e+14,0.46213683,1.4523849,2.096144,2.60500365,2.33676331,86,21,65,15.8531377,43.6666667,20,108.665991,0.0445772287
3837430793047,3.96717353e+14,0.46213683,1.4523849,2.60500365,3.23739401,2.90403568,105,4,101,24.4844119,57.8333333,26,208.571668,0.0445772287
3837430793047,3.96717353e+14,0.46213683,1.4523849,3.23739401,4.02330338,3.60901902,203,0,203,37.8150016,93.8333333,53,400.328935,0.0445772287
3837430793047,3.96717353e+14,0.46213683,1.4523849,4.02330338,5,4.48514402,267,0,267,58.4034588,138.333333,78,768.384593,0.0445772287
3837430878684,1.04732675e+14,0.47470155,0.93158154,0.1,0.124275987,0.11147914,1,1,0,0.0148440122,0.0833333333,0,0.00311349197,0.0423713596
3837430878684,1.04732675e+14,0.47470155,0.93158154,0.124275987,0.15444521,0.138541802,5,5,0,0.0229258659,0,0,0.00597598388,0.0423713596
3837430878684,1.04732675e+14,0.47470155,0.93158154,0.15444521,0.19193831,0.172174193,2,2,0,0.0354079018,0.0833333333,0,0.0114702025,0.0423713596
3837430878684,1.04732675e+14,0.47470155,0.93158154,0.19193831,0.23853323,0.213971178,3,3,0,0.0546858084,0.25,0,0.0220157128,0.0423713596
3837430878684,1.04732675e+14,0.47470155,0.93158154,0.23853323,0.296439527,0.265914795,3,3,0,0.084459612,0.25,0,0.0422565872,0.0423713596
3837430878684,1.04732675e+14,0.47470155,0.93158154,0.296439527,0.36840315,0.330468237,10,9,1,0.130443825,0.25,0,0.0811065795,0.0423713596
3837430878684,1.04732675e+14,0.47470155,0.93158154,0.36840315,0.457836652,0.410692665,7,5,2,0.201464241,0.416666667,0,0.155674598,0.0423713596
3837430878684,1.04732675e+14,0.47470155,0.93158154,0.457836652,0.56898102,0.510392364,6,5,1,0.311151871,0.666666667,0,0.298799194,0.0423713596
3837430878684,1.04732675e+14,0.47470155,0.93158154,0.56898102,0.707106781,0.63429515,10,8,2,0.480559162,1,0,0.573510124,0.0423713596
3837430878684,1.04732675e+14,0.47470155,0.93158154,0.707106781,0.878763934,0.788276561,15,14,1,0.742200609,1.75,0,1.10078564,0.0423713596
3837430878684,1.04732675e+14,0.47470155,0.93158154,0.878763934,1.09209256,0.97963848,17,9,8,1.14629329,3.41666667,3,2.11282936,0.0423713596
3837430878684,1.04732675e+14,0.47470155,0.93158154,1.09209256,1.35720881,1.21745539,20,8,12,1.77039509,4.41666667,2,4.05532898,0.0423713596
3837430878684,1.04732675e+14,0.47470155,0.93158154,1.35720881,1.68668465,1.51300471,38,19,19,2.73429042,6.83333333,6,7.78372992,0.0423713596
3837430878684,1.04732675e+14,0.47470155,0.93158154,1.68668465,2.096144,1.88030155,24,13,11,4.2229806,7.66666667,2,14.9399597,0.0423713596
3837430878684,1.04732675e+14,0.47470155,0.93158154,2.096144,2.60500365,2.33676331,21,4,17,6.52219127,15.5833333,7,28.6755062,0.0423713596
3837430878684,1.04732675e+14,0.47470155,0.93158154,2.60500365,3.23739401,2.90403568,31,0,31,10.073212,23.8333333,11,55.0392821,0.0423713596
3837430878684,1.04732675e+14,0.47470155,0.93158154,3.23739401,4.02330338,3.60901902,35,0,35,15.5575935,31.25,12,105.641468,0.0423713596
3837430878684,1.04732675e+14,0.47470155,0.93158154,4.02330338,5,4.48514402,83,0,83,24.0279581,54.5,14,202.766449,0.0423713596
3837430881900,1.20059961e+14,0.47441357,0.9752257,0.1,0.124275987,0.11147914,0,0,0,0.0162674631,0,0,0.00357191027,0.0424423274
3837430881900,1.20059961e+14,0.47441357,0.9752257,0.124275987,0.15444521,0.138541802,3,3,0,0.0251243176,0,0,0.00685586422,0.0424423274
3837430881900,1.20059961e+14,0.47441357,0.9752257,0.15444521,0.19193831,0.172174193,1,1,0,0.0388033052,0.0833333333,0,0.0131590299,0.0424423274
3837430881900,1.20059961e+14,0.47441357,0.9752257,0.19193831,0.23853323,0.213971178,4,4,0,0.0599298463,0.166666667,0,0.0252572197,0.0424423274
3837430881900,1.20059961e+14,0.47441357,0.9752257,0.23853323,0.296439527,0.265914795,5,5,0,0.0925587773,0.25,0,0.0484782808,0.0424423274
3837430881900,1.20059961e+14,0.47441357,0.9752257,0.296439527,0.36840315,0.330468237,6,6,0,0.142952598,0.166666667,0,0.0930483931,0.0424423274
3837430881900,1.20059961e+14,0.47441357,0.9752257,0.36840315,0.457836652,0.410692665,2,1,1,0.220783442,0.416666667,0,0.178595513,0.0424423274
3837430881900,1.20059961e+14,0.47441357,0.9752257,0.457836652,0.56898102,0.510392364,10,10,0,0.340989451,0.583333333,0,0.342793211,0.0424423274
3837430881900,1.20059961e+14,0.47441357,0.9752257,0.56898102,0.707106781,0.63429515,10,8,2,0.526641875,1.5,0,0.657951497,0.0424423274
3837430881900,1.20059961e+14,0.47441357,0.9752257,0.707106781,0.878763934,0.788276561,14,10,4,0.813373153,1.25,0,1.26286099,0.0424423274
3837430881900,1.20059961e+14,0.47441357,0.9752257,0.878763934,1.09209256,0.97963848,19,8,11,1.25621588,1.66666667,0,2.42391404,0.0424423274
3837430881900,1.20059961e+14,0.47441357,0.9752257,1.09209256,1.35720881,1.21745539,23,8,15,1.94016526,3.58333333,7,4.65241965,0.0424423274
3837430881900,1.20059961e+14,0.47441357,0.9752257,1.35720881,1.68668465,1.51300471,23,13,10,2.99649232,5.83333333,6,8.92977567,0.0424423274
3837430881900,1.20059961e+14,0.47441357,0.9752257,1.68668465,2.096144,1.88030155,42,16,26,4.62793886,9.08333333,8,17.1396605,0.0424423274
3837430881900,1.20059961e+14,0.47441357,0.9752257,2.096144,2.60500365,2.33676331,41,4,37,7.14762992,14,8,32.8975749,0.0424423274
3837430881900,1.20059961e+14,0.47441357,0.9752257,2.60500365,3.23739401,2.90403568,77,0,77,11.0391721,25.5,9,63.1430493,0.0424423274
3837430881900,1.20059961e+14,0.47441357,0.9752257,3.23739401,4.02330338,3.60901902,130,0,130,17.0494726,34.9166667,25,121.195702,0.0424423274
3837430881900,1.20059961e+14,0.47441357,0.9752257,4.02330338,5,4.48514402,191,0,191,26.3320938,56.4166667,36,232.620983,0.0424423274
3837440726353,1.63731861e+14,0.49294347,1.0904297,0.1,0.124275987,0.11147914,2,2,0,0.0203378433,0.0833333333,0,0.00499319058,0.0413181312
3837440726353,1.63731861e+14,0.49294347,1.0904297,0.124275987,0.15444521,0.138541802,3,2,1,0.031410825,0.25,0,0.00958384564,0.0413181312
3837440726353,1.63731861e+14,0.49294347,1.0904297,0.15444521,0.19193831,0.172174193,6,4,2,0.0485125147,0.0833333333,0,0.0183950714,0.0413181312
3837440726353,1.63731861e+14,0.49294347,1.0904297,0.19193831,0.23853323,0.213971178,10,9,1,0.0749252555,0.25,0,0.0353071892,0.0413181312
3837440726353,1.63731861e+14,0.49294347,1.0904297,0.23853323,0.296439527,0.265914795,9,9,0,0.115718469,0.333333333,0,0.0677680224,0.0413181312
3837440726353,1.63731861e+14,0.49294347,1.0904297,0.296439527,0.36840315,0.330468237,7,7,0,0.178721632,0.5,0,0.130072797,0.0413181312
3837440726353,1.63731861e+14,0.49294347,1.0904297,0.36840315,0.457836652,0.410692665,18,15,3,0.276027001,0.583333333,0,0.249659529,0.0413181312
3837440726353,1.63731861e+14,0.49294347,1.0904297,0.457836652,0.56898102,0.510392364,16,13,3,0.426310483,1.16666667,0,0.479192282,0.0413181312
3837440726353,1.63731861e+14,0.49294347,1.0904297,0.56898102,0.707106781,0.63429515,16,13,3,0.658416123,1.41666667,0,0.91975357,0.0413181312
3837440726353,1.63731861e+14,0.49294347,1.0904297,0.707106781,0.878763934,0.788276561,17,11,6,1.01689217,4.91666667,0,1.76535946,0.0413181312
3837440726353,1.63731861e+14,0.49294347,1.0904297,0.878763934,1.09209256,0.97963848,15,6,9,1.57054125,6.5,0,3.38840112,0.0413181312
3837440726353,1.63731861e+14,0.49294347,1.0904297,1.09209256,1.35720881,1.21745539,30,12,18,2.42562574,8.58333333,2,6.50363986,0.0413181312
3837440726353,1.63731861e+14,0.49294347,1.0904297,1.35720881,1.68668465,1.51300471,30,13,17,3.74626277,10.4166667,8,12.4829765,0.0413181312
3837440726353,1.63731861e+14,0.49294347,1.0904297,1.68668465,2.096144,1.88030155,20,6,14,5.78592343,14.5,5,23.9596141,0.0413181312
3837440726353,1.63731861e+14,0.49294347,1.0904297,2.096144,2.60500365,2.33676331,42,3,39,8.93608161,22.9166667,10,45.9876785,0.0413181312
3837440726353,1.63731861e+14,0.49294347,1.0904297,2.60500365,3.23739401,2.90403568,70,2,68,13.8013501,42.0833333,13,88.2679731,0.0413181312
3837440726353,1.63731861e+14,0.49294347,1.0904297,3.23739401,4.02330338,3.60901902,78,0,78,21.3155241,52.0833333,13,169.420056,0.0413181312
3837440726353,1.63731861e+14,0.49294347,1.0904297,4.02330338,5,4.48514402,153,0,153,32.9208061,76.75,27,325.181993,0.0413181312
3837440746666,1.11836147e+14,0.5027863,0.9588202,0.1,0.124275987,0.11147914,1,1,0,0.0157247556,0.0833333333,0,0.00339466289,0.0404580609
3837440746666,1.11836147e+14,0.5027863,0.9588202,0.124275987,0.15444521,0.138541802,1,1,0,0.0242861319,0.25,0,0.00651565859,0.0404580609
3837440746666,1.11836147e+14,0.5027863,0.9588202,0.15444521,0.19193831,0.172174193,7,6,1,0.0375087675,0.833333333,0,0.012506045,0.0404580609
3837440746666,1.11836147e+14,0.5027863,0.9588202,0.19193831,0.23853323,0.213971178,1,1,0,0.0579304949,0.416666667,0,0.0240038915,0.0404580609
3837440746666,1.11836147e+14,0.5027863,0.9588202,0.23853323,0.296439527,0.265914795,7,6,1,0.0894708748,0.916666667,0,0.0460726637,0.0404580609
3837440746666,1.11836147e+14,0.5027863,0.9588202,0.296439527,0.36840315,0.330468237,3,3,0,0.138183481,1,0,0.0884310923,0.0404580609
3837440746666,1.11836147e+14,0.5027863,0.9588202,0.36840315,0.457836652,0.410692665,5,4,1,0.213417768,1.5,0,0.169733144,0.0404580609
3837440746666,1.11836147e+14,0.5027863,0.9588202,0.457836652,0.56898102,0.510392364,8,4,4,0.329613521,1.75,0,0.325782929,0.0404580609
3837440746666,1.11836147e+14,0.5027863,0.9588202,0.56898102,0.707106781,0.63429515,14,6,8,0.509072296,4.41666667,0,0.62530225,0.0404580609
3837440746666,1.11836147e+14,0.5027863,0.9588202,0.707106781,0.878763934,0.788276561,19,7,12,0.786237779,5.91666667,0,1.20019457,0.0404580609
3837440746666,1.11836147e+14,0.5027863,0.9588202,0.878763934,1.09209256,0.97963848,28,11,17,1.21430659,9,5,2.30363319,0.0404580609
3837440746666,1.11836147e+14,0.5027863,0.9588202,1.09209256,1.35720881,1.21745539,28,9,19,1.87543837,13.1666667,6,4.42155461,0.0404580609
3837440746666,1.11836147e+14,0.5027863,0.9588202,1.35720881,1.68668465,1.51300471,34,9,25,2.89652474,16.1666667,1,8.48665722,0.0404580609
3837440746666,1.11836147e+14,0.5027863,0.9588202,1.68668465,2.096144,1.88030155,50,8,42,4.47354374,23.4166667,5,16.2891465,0.0404580609
3837440746666,1.11836147e+14,0.5027863,0.9588202,2.096144,2.60500365,2.33676331,67,11,56,6.90917404,30,9,31.2651125,0.0404580609
3837440746666,1.11836147e+14,0.5027863,0.9588202,2.60500365,3.23739401,2.90403568,103,1,102,10.6708884,48.5833333,12,60.0097287,0.0404580609
3837440746666,1.11836147e+14,0.5027863,0.9588202,3.23739401,4.02330338,3.60901902,119,0,119,16.480676,77.3333333,26,115.181659,0.0404580609
3837440746666,1.11836147e+14,0.5027863,0.9588202,4.02330338,5,4.48514402,163,0,163,25.4536148,97.8333333,26,221.077731,0.0404580609
3837440786901,1.33403185e+14,0.5151296,1.0167787,0.1,0.124275987,0.11147914,3,3,0,0.0176832641,0,0,0.00404822318,0.0415676123
3837440786901,1.33403185e+14,0.5151296,1.0167787,0.124275987,0.15444521,0.138541802,4,4,0,0.0273109545,0,0,0.00777009116,0.0415676123
3837440786901,1.33403185e+14,0.5151296,1.0167787,0.15444521,0.19193831,0.172174193,3,3,0,0.0421804611,0.166666667,0,0.0149137817,0.0415676123
3837440786901,1.33403185e+14,0.5151296,1.0167787,0.19193831,0.23853323,0.213971178,5,5,0,0.065145702,0.25,0,0.0286252606,0.0415676123
3837440786901,1.33403185e+14,0.5151296,1.0167787,0.23853323,0.296439527,0.265914795,3,3,0,0.100614417,0.166666667,0,0.0549428415,0.0415676123
3837440786901,1.33403185e+14,0.5151296,1.0167787,0.296439527,0.36840315,0.330468237,7,7,0,0.155394147,0.5,0,0.105456362,0.0415676123
3837440786901,1.33403185e+14,0.5151296,1.0167787,0.36840315,0.457836652,0.410692665,12,11,1,0.239998818,0.5,0,0.202411159,0.0415676123
3837440786901,1.33403185e+14,0.5151296,1.0167787,0.457836652,0.56898102,0.510392364,14,8,6,0.37066668,1.58333333,0,0.388504558,0.0415676123
3837440786901,1.33403185e+14,0.5151296,1.0167787,0.56898102,0.707106781,0.63429515,12,6,6,0.572476934,2.16666667,0,0.745689085,0.0415676123
3837440786901,1.33403185e+14,0.5151296,1.0167787,0.707106781,0.878763934,0.788276561,21,14,7,0.884163206,2.91666667,0,1.43126303,0.0415676123
3837440786901,1.33403185e+14,0.5151296,1.0167787,0.878763934,1.09209256,0.97963848,21,10,11,1.36554772,4.91666667,1,2.74714208,0.0415676123
3837440786901,1.33403185e+14,0.5151296,1.0167787,1.09209256,1.35720881,1.21745539,34,16,18,2.10902306,6,7,5.27281808,0.0415676123
3837440786901,1.33403185e+14,0.5151296,1.0167787,1.35720881,1.68668465,1.51300471,46,6,40,3.2572851,10.75,8,10.1205579,0.0415676123
3837440786901,1.33403185e+14,0.5151296,1.0167787,1.68668465,2.096144,1.88030155,63,10,53,5.03072083,17.75,5,19.4252279,0.0415676123
3837440786901,1.33403185e+14,0.5151296,1.0167787,2.096144,2.60500365,2.33676331,99,2,97,7.76970737,25.5833333,4,37.2844542,0.0415676123
3837440786901,1.33403185e+14,0.5151296,1.0167787,2.60500365,3.23739401,2.90403568,82,2,80,11.9999409,36,15,71.5631515,0.0415676123
3837440786901,1.33403185e+14,0.5151296,1.0167787,3.23739401,4.02330338,3.60901902,103,0,103,18.533334,67.8333333,15,137.357104,0.0415676123
3837440786901,1.33403185e+14,0.5151296,1.0167787,4.02330338,5,4.48514402,134,0,134,28.6238467,106.666667,22,263.640904,0.0415676123
3837440790750,1.02642967e+14,0.5254216,0.93196985,0.1,0.124275987,0.11147914,1,1,0,0.0148563896,0,0,0.00311738697,0.0408358739
3837440790750,1.02642967e+14,0.5254216,0.93196985,0.124275987,0.15444521,0.138541802,3,3,0,0.0229449822,0.0833333333,0,0.00598345988,0.0408358739
3837440790750,1.02642967e+14,0.5254216,0.93196985,0.15444521,0.19193831,0.172174193,2,2,0,0.035437426,0,0,0.0114845518,0.0408358739
3837440790750,1.02642967e+14,0.5254216,0.93196985,0.19193831,0.23853323,0.213971178,7,7,0,0.0547314072,0.166666667,0,0.0220432547,0.0408358739
3837440790750,1.02642967e+14,0.5254216,0.93196985,0.23853323,0.296439527,0.265914795,5,5,0,0.084530037,0.25,0,0.0423094505,0.0408358739
3837440790750,1.02642967e+14,0.5254216,0.93196985,0.296439527,0.36840315,0.330468237,8,8,0,0.130552594,0.333333333,0,0.0812080445,0.0408358739
3837440790750,1.02642967e+14,0.5254216,0.93196985,0.36840315,0.457836652,0.410692665,11,9,2,0.201632228,0.583333333,0,0.155869348,0.0408358739
3837440790750,1.02642967e+14,0.5254216,0.93196985,0.457836652,0.56898102,0.510392364,6,5,1,0.311411319,0.916666667,0,0.299172994,0.0408358739
3837440790750,1.02642967e+14,0.5254216,0.93196985,0.56898102,0.707106781,0.63429515,12,6,6,0.480959867,0.916666667,0,0.574227589,0.0408358739
3837440790750,1.02642967e+14,0.5254216,0.93196985,0.707106781,0.878763934,0.788276561,13,10,3,0.742819479,2.33333333,0,1.10216273,0.0408358739
3837440790750,1.02642967e+14,0.5254216,0.93196985,0.878763934,1.09209256,0.97963848,30,9,21,1.14724911,3,1,2.11547253,0.0408358739
3837440790750,1.02642967e+14,0.5254216,0.93196985,1.09209256,1.35720881,1.21745539,28,9,19,1.7718713,4.16666667,3,4.06040222,0.0408358739
3837440790750,1.02642967e+14,0.5254216,0.93196985,1.35720881,1.68668465,1.51300471,36,14,22,2.73657036,7.5,7,7.79346742,0.0408358739
3837440790750,1.02642967e+14,0.5254216,0.93196985,1.68668465,2.096144,1.88030155,34,7,27,4.22650185,10,4,14.9586497,0.0408358739
3837440790750,1.02642967e+14,0.5254216,0.93196985,2.096144,2.60500365,2.33676331,25,2,23,6.52762968,15.0833333,2,28.7113795,0.0408358739
3837440790750,1.02642967e+14,0.5254216,0.93196985,2.60500365,3.23739401,2.90403568,30,1,29,10.0816114,22.6666667,12,55.1081366,0.0408358739
3837440790750,1.02642967e+14,0.5254216,0.93196985,3.23739401,4.02330338,3.60901902,74,0,74,15.5705659,33.4166667,22,105.773626,0.0408358739
3837440790750,1.02642967e+14,0.5254216,0.93196985,4.02330338,5,4.48514402,79,0,79,24.0479934,57.1666667,23,203.020111,0.0408358739
3838420074928,1.0203066e+14,0.40164173,0.9204213,0.1,0.124275987,0.11147914,2,2,0,0.0144904834,0.333333333,0,0.00300292931,0.0548592778
3838420074928,1.0203066e+14,0.40164173,0.9204213,0.124275987,0.15444521,0.138541802,3,3,0,0.0223798576,0.333333333,0,0.00576377177,0.0548592778
3838420074928,1.0203066e+14,0.40164173,0.9204213,0.15444521,0.19193831,0.172174193,5,4,1,0.0345646182,0.333333333,0,0.0110628862,0.0548592778
3838420074928,1.0203066e+14,0.40164173,0.9204213,0.19193831,0.23853323,0.213971178,2,2,0,0.0533833974,0.583333333,0,0.0212339168,0.0548592778
3838420074928,1.0203066e+14,0.40164173,0.9204213,0.23853323,0.296439527,0.265914795,10,8,2,0.0824481005,1,0,0.0407560211,0.0548592778
3838420074928,1.0203066e+14,0.40164173,0.9204213,0.296439527,0.36840315,0.330468237,5,5,0,0.127337142,1.16666667,0,0.0782264182,0.0548592778
3838420074928,1.0203066e+14,0.40164173,0.9204213,0.36840315,0.457836652,0.410692665,5,5,0,0.196666117,1.83333333,0,0.150146465,0.0548592778
3838420074928,1.0203066e+14,0.40164173,0.9204213,0.457836652,0.56898102,0.510392364,10,6,4,0.303741399,2.75,0,0.288188589,0.0548592778
3838420074928,1.0203066e+14,0.40164173,0.9204213,0.56898102,0.707106781,0.63429515,20,10,10,0.469114043,2.83333333,0,0.553144308,0.0548592778
3838420074928,1.0203066e+14,0.40164173,0.9204213,0.707106781,0.878763934,0.788276561,14,10,4,0.724524172,5.25,0,1.06169584,0.0548592778
3838420074928,1.0203066e+14,0.40164173,0.9204213,0.878763934,1.09209256,0.97963848,34,12,22,1.11899288,7.25,4,2.03780105,0.0548592778
3838420074928,1.0203066e+14,0.40164173,0.9204213,1.09209256,1.35720881,1.21745539,39,13,26,1.72823091,9,11,3.91132091,0.0548592778
3838420074928,1.0203066e+14,0.40164173,0.9204213,1.35720881,1.68668465,1.51300471,38,6,32,2.66916987,14.3333333,4,7.50732327,0.0548592778
3838420074928,1.0203066e+14,0.40164173,0.9204213,1.68668465,2.096144,1.88030155,43,9,34,4.12240502,25.4166667,0,14.4094294,0.0548592778
3838420074928,1.0203066e+14,0.40164173,0.9204213,2.096144,2.60500365,2.33676331,66,8,58,6.36685712,37.5833333,7,27.6572154,0.0548592778
3838420074928,1.0203066e+14,0.40164173,0.9204213,2.60500365,3.23739401,2.90403568,81,4,77,9.83330587,53.25,9,53.0847919,0.0548592778
3838420074928,1.0203066e+14,0.40164173,0.9204213,3.23739401,4.02330338,3.60901902,125,0,125,15.18707,95.1666667,14,101.890053,0.0548592778
3838420074928,1.0203066e+14,0.40164173,0.9204213,4.02330338,5,4.48514402,180,0,180,23.4557022,143.166667,36,195.566046,0.0548592778
3838420178295,1.20165334e+14,0.41836748,0.97139777,0.1,0.124275987,0.11147914,1,1,0,0.0161400085,0,0,0.00353001405,0.0562881514
3838420178295,1.20165334e+14,0.41836748,0.97139777,0.124275987,0.15444521,0.138541802,6,6,0,0.02492747,0.166666667,0,0.00677544932,0.0562881514
3838420178295,1.20165334e+14,0.41836748,0.97139777,0.15444521,0.19193831,0.172174193,4,3,1,0.0384992836,0.0833333333,0,0.0130046829,0.0562881514
3838420178295,1.20165334e+14,0.41836748,0.97139777,0.19193831,0.23853323,0.213971178,3,3,0,0.0594602996,0.25,0,0.0249609687,0.0562881514
3838420178295,1.20165334e+14,0.41836748,0.97139777,0.23853323,0.296439527,0.265914795,3,3,0,0.0918335848,0.25,0,0.0479096616,0.0562881514
3838420178295,1.20165334e+14,0.41836748,0.97139777,0.296439527,0.36840315,0.330468237,5,5,0,0.141832573,0.75,0,0.091956995,0.0562881514
3838420178295,1.20165334e+14,0.41836748,0.97139777,0.36840315,0.457836652,0.410692665,7,5,2,0.219053617,1.33333333,0,0.176500702,0.0562881514
3838420178295,1.20165334e+14,0.41836748,0.97139777,0.457836652,0.56898102,0.510392364,8,8,0,0.338317819,2,0,0.338772466,0.0562881514
3838420178295,1.20165334e+14,0.41836748,0.97139777,0.56898102,0.707106781,0.63429515,11,10,1,0.522515668,2.16666667,0,0.650234147,0.0562881514
3838420178295,1.20165334e+14,0.41836748,0.97139777,0.707106781,0.878763934,0.788276561,12,7,5,0.807000423,4.16666667,0,1.24804844,0.0562881514
3838420178295,1.20165334e+14,0.41836748,0.97139777,0.878763934,1.09209256,0.97963848,20,10,10,1.2463735,7.08333333,0,2.39548308,0.0562881514
3838420178295,1.20165334e+14,0.41836748,0.97139777,1.09209256,1.35720881,1.21745539,35,15,20,1.92496418,11.5,4,4.59784975,0.0562881514
3838420178295,1.20165334e+14,0.41836748,0.97139777,1.35720881,1.68668465,1.51300471,44,10,34,2.97301498,15.3333333,7,8.82503512,0.0562881514
3838420178295,1.20165334e+14,0.41836748,0.97139777,1.68668465,2.096144,1.88030155,35,10,25,4.59167924,22.4166667,10,16.9386233,0.0562881514
3838420178295,1.20165334e+14,0.41836748,0.97139777,2.096144,2.60500365,2.33676331,58,4,54,7.09162867,32.4166667,16,32.5117074,0.0562881514
3838420178295,1.20165334e+14,0.41836748,0.97139777,2.60500365,3.23739401,2.90403568,40,2,38,10.9526808,55.4166667,8,62.4024218,0.0562881514
3838420178295,1.20165334e+14,0.41836748,0.97139777,3.23739401,4.02330338,3.60901902,93,0,93,16.915891,82.6666667,16,119.774154,0.0562881514
3838420178295,1.20165334e+14,0.41836748,0.97139777,4.02330338,5,4.48514402,201,0,201,26.1257834,119.25,38,229.892487,0.0562881514
3838420185350,1.00522712e+14,0.4187275,0.91519714,0.1,0.124275987,0.11147914,1,1,0,0.014326459,0.0833333333,0,0.00295208658,0.0563221614
3838420185350,1.00522712e+14,0.4187275,0.91519714,0.124275987,0.15444521,0.138541802,2,2,0,0.0221265298,0,0,0.0056661851,0.0563221614
3838420185350,1.00522712e+14,0.4187275,0.91519714,0.15444521,0.19193831,0.172174193,2,2,0,0.0341733656,0.166666667,0,0.0108755799,0.0563221614
3838420185350,1.00522712e+14,0.4187275,0.91519714,0.19193831,0.23853323,0.213971178,5,5,0,0.0527791264,0.0833333333,0,0.0208744044,0.0563221614
3838420185350,1.00522712e+14,0.4187275,0.91519714,0.23853323,0.296439527,0.265914795,4,4,0,0.0815148328,0.166666667,0,0.0400659791,0.0563221614
3838420185350,1.00522712e+14,0.4187275,0.91519714,0.296439527,0.36840315,0.330468237,5,4,1,0.125895755,0.25,0,0.0769019632,0.0563221614
3838420185350,1.00522712e+14,0.4187275,0.91519714,0.36840315,0.457836652,0.410692665,5,4,1,0.194439964,0.333333333,0,0.147604329,0.0563221614
3838420185350,1.00522712e+14,0.4187275,0.91519714,0.457836652,0.56898102,0.510392364,4,4,0,0.300303212,1.08333333,0,0.283309255,0.0563221614
3838420185350,1.00522712e+14,0.4187275,0.91519714,0.56898102,0.707106781,0.63429515,6,6,0,0.463803927,1.41666667,0,0.543778997,0.0563221614
3838420185350,1.00522712e+14,0.4187275,0.91519714,0.707106781,0.878763934,0.788276561,15,15,0,0.716322952,2.16666667,0,1.04372022,0.0563221614
3838420185350,1.00522712e+14,0.4187275,0.91519714,0.878763934,1.09209256,0.97963848,14,10,4,1.10632649,3.5,2,2.00329895,0.0563221614
3838420185350,1.00522712e+14,0.4187275,0.91519714,1.09209256,1.35720881,1.21745539,19,15,4,1.70866828,4.75,5,3.84509816,0.0563221614
3838420185350,1.00522712e+14,0.4187275,0.91519714,1.35720881,1.68668465,1.51300471,11,11,0,2.63895632,7.91666667,1,7.38021644,0.0563221614
3838420185350,1.00522712e+14,0.4187275,0.91519714,1.68668465,2.096144,1.88030155,18,9,9,4.07574164,12.25,2,14.1654627,0.0563221614
3838420185350,1.00522712e+14,0.4187275,0.91519714,2.096144,2.60500365,2.33676331,12,1,11,6.29478776,17.0833333,6,27.1889498,0.0563221614
3838420185350,1.00522712e+14,0.4187275,0.91519714,2.60500365,3.23739401,2.90403568,22,0,22,9.7219982,29.5,12,52.1860109,0.0563221614
3838420185350,1.00522712e+14,0.4187275,0.91519714,3.23739401,4.02330338,3.60901902,45,0,45,15.0151606,47.3333333,6,100.164948,0.0563221614
3838420185350,1.00522712e+14,0.4187275,0.91519714,4.02330338,5,4.48514402,89,0,89,23.1901964,79.8333333,24,192.254908,0.0563221614
3838420589248,1.55672607e+14,0.43379292,1.0592031,0.1,0.124275987,0.11147914,3,3,0,0.0191896936,0,0,0.0045763882,0.0531523777
3838420589248,1.55672607e+14,0.43379292,1.0592031,0.124275987,0.15444521,0.138541802,2,2,0,0.0296375627,0,0,0.00878384218,0.0531523777
3838420589248,1.55672607e+14,0.43379292,1.0592031,0.15444521,0.19193831,0.172174193,4,2,2,0.045773796,0.25,0,0.0168595583,0.0531523777
3838420589248,1.55672607e+14,0.43379292,1.0592031,0.19193831,0.23853323,0.213971178,8,6,2,0.0706954356,0.25,0,0.0323599513,0.0531523777
3838420589248,1.55672607e+14,0.43379292,1.0592031,0.23853323,0.296439527,0.265914795,7,4,3,0.109185714,0.416666667,0,0.0621111437,0.0531523777
3838420589248,1.55672607e+14,0.43379292,1.0592031,0.296439527,0.36840315,0.330468237,19,13,6,0.168632106,0.583333333,0,0.11921508,0.0531523777
3838420589248,1.55672607e+14,0.43379292,1.0592031,0.36840315,0.457836652,0.410692665,13,9,4,0.260444212,1.5,0,0.22881941,0.0531523777
3838420589248,1.55672607e+14,0.43379292,1.0592031,0.457836652,0.56898102,0.510392364,27,16,11,0.402243611,2.25,0,0.439192109,0.0531523777
3838420589248,1.55672607e+14,0.43379292,1.0592031,0.56898102,0.707106781,0.63429515,30,16,14,0.621245992,2.5,0,0.842977913,0.0531523777
3838420589248,1.55672607e+14,0.43379292,1.0592031,0.707106781,0.878763934,0.788276561,36,10,26,0.959484679,5.75,0,1.61799756,0.0531523777
3838420589248,1.55672607e+14,0.43379292,1.0592031,0.878763934,1.09209256,0.97963848,47,8,39,1.48187813,6.58333333,2,3.10555719,0.0531523777
3838420589248,1.55672607e+14,0.43379292,1.0592031,1.09209256,1.35720881,1.21745539,64,19,45,2.2886898,10.25,3,5.96075399,0.0531523777
3838420589248,1.55672607e+14,0.43379292,1.0592031,1.35720881,1.68668465,1.51300471,72,13,59,3.53477178,16.3333333,7,11.4409705,0.0531523777
3838420589248,1.55672607e+14,0.43379292,1.0592031,1.68668465,2.096144,1.88030155,83,12,71,5.45928572,26.4166667,15,21.9596055,0.0531523777
3838420589248,1.55672607e+14,0.43379292,1.0592031,2.096144,2.60500365,2.33676331,54,3,51,8.43160532,40.8333333,8,42.1488957,0.0531523777
3838420589248,1.55672607e+14,0.43379292,1.0592031,2.60500365,3.23739401,2.90403568,109,0,109,13.0222106,48.5,13,80.8998782,0.0531523777
3838420589248,1.55672607e+14,0.43379292,1.0592031,3.23739401,4.02330338,3.60901902,243,0,243,20.1121805,73.9166667,27,155.277859,0.0531523777
3838420589248,1.55672607e+14,0.43379292,1.0592031,4.02330338,5,4.48514402,274,0,274,31.0622996,124.916667,43,298.037699,0.0531523777
3838430081455,1.80448883e+14,0.44163126,1.1201777,0.1,0.124275987,0.11147914,1,1,0,0.0214626528,0,0,0.00541309807,0.0500345386
3838430081455,1.80448883e+14,0.44163126,1.1201777,0.124275987,0.15444521,0.138541802,4,2,2,0.0331480392,0,0,0.010389809,0.0500345386
3838430081455,1.80448883e+14,0.44163126,1.1201777,0.15444521,0.19193831,0.172174193,4,3,1,0.051195559,0.0833333333,0,0.0199420238,0.0500345386
3838430081455,1.80448883e+14,0.44163126,1.1201777,0.19193831,0.23853323,0.213971178,9,6,3,0.0790690888,0,0,0.0382763835,0.0500345386
3838430081455,1.80448883e+14,0.44163126,1.1201777,0.23853323,0.296439527,0.265914795,7,3,4,0.122118421,0.416666667,0,0.0734670438,0.0500345386
3838430081455,1.80448883e+14,0.44163126,1.1201777,0.296439527,0.36840315,0.330468237,17,10,7,0.188606052,0.25,0,0.141011403,0.0500345386
3838430081455,1.80448883e+14,0.44163126,1.1201777,0.36840315,0.457836652,0.410692665,19,14,5,0.291293014,0.5,0,0.270654904,0.0500345386
3838430081455,1.80448883e+14,0.44163126,1.1201777,0.457836652,0.56898102,0.510392364,32,16,16,0.449888108,1.66666667,0,0.519490449,0.0500345386
3838430081455,1.80448883e+14,0.44163126,1.1201777,0.56898102,0.707106781,0.63429515,34,13,21,0.694830636,2.25,0,0.99710119,0.0500345386
3838430081455,1.80448883e+14,0.44163126,1.1201777,0.707106781,0.878763934,0.788276561,35,14,21,1.07313264,3,0,1.91381918,0.0500345386
3838430081455,1.80448883e+14,0.44163126,1.1201777,0.878763934,1.09209256,0.97963848,33,19,14,1.65740196,4.25,2,3.67335219,0.0500345386
3838430081455,1.80448883e+14,0.44163126,1.1201777,1.09209256,1.35720881,1.21745539,44,20,24,2.55977795,4.33333333,4,7.05057013,0.0500345386
3838430081455,1.80448883e+14,0.44163126,1.1201777,1.35720881,1.68668465,1.51300471,53,19,34,3.95345444,9,4,13.5327452,0.0500345386
3838430081455,1.80448883e+14,0.44163126,1.1201777,1.68668465,2.096144,1.88030155,53,22,31,6.10592103,14.0833333,9,25.9745224,0.0500345386
3838430081455,1.80448883e+14,0.44163126,1.1201777,2.096144,2.60500365,2.33676331,93,5,88,9.43030259,24.6666667,13,49.8550595,0.0500345386
3838430081455,1.80448883e+14,0.44163126,1.1201777,2.60500365,3.23739401,2.90403568,134,1,133,14.5646507,37.4166667,24,95.6909588,0.0500345386
3838430081455,1.80448883e+14,0.44163126,1.1201777,3.23739401,4.02330338,3.60901902,203,0,203,22.4944054,70.25,34,183.66761,0.0500345386
3838430081455,1.80448883e+14,0.44163126,1.1201777,4.02330338,5,4.48514402,289,0,289,34.7415318,121.666667,32,352.528506,0.0500345386
3838430198863,1.5283654e+14,0.45505935,1.0597455,0.1,0.124275987,0.11147914,2,2,0,0.0192093521,0,0,0.00458342227,0.04613874
3838430198863,1.5283654e+14,0.45505935,1.0597455,0.124275987,0.15444521,0.138541802,3,3,0,0.0296679242,0,0,0.00879734326,0.04613874
3838430198863,1.5283654e+14,0.45505935,1.0597455,0.15444521,0.19193831,0.172174193,4,4,0,0.045820688,0,0,0.016885472,0.04613874
3838430198863,1.5283654e+14,0.45505935,1.0597455,0.19193831,0.23853323,0.213971178,5,5,0,0.070767858,0.25,0,0.0324096897,0.04613874
3838430198863,1.5283654e+14,0.45505935,1.0597455,0.23853323,0.296439527,0.265914795,12,9,3,0.109297567,0.166666667,0,0.0622066108,0.04613874
3838430198863,1.5283654e+14,0.45505935,1.0597455,0.296439527,0.36840315,0.330468237,5,5,0,0.168804858,1,0,0.119398318,0.04613874
3838430198863,1.5283654e+14,0.45505935,1.0597455,0.36840315,0.457836652,0.410692665,9,8,1,0.260711018,1.75,0,0.229171114,0.04613874
3838430198863,1.5283654e+14,0.45505935,1.0597455,0.457836652,0.56898102,0.510392364,12,12,0,0.402655681,2.33333333,0,0.439867163,0.04613874
3838430198863,1.5283654e+14,0.45505935,1.0597455,0.56898102,0.707106781,0.63429515,13,12,1,0.621882414,2.25,0,0.844273601,0.04613874
3838430198863,1.5283654e+14,0.45505935,1.0597455,0.707106781,0.878763934,0.788276561,15,7,8,0.960467603,4,0,1.62048448,0.04613874
3838430198863,1.5283654e+14,0.45505935,1.0597455,0.878763934,1.09209256,0.97963848,25,10,15,1.48339621,7.5,4,3.11033054,0.04613874
3838430198863,1.5283654e+14,0.45505935,1.0597455,1.09209256,1.35720881,1.21745539,26,10,16,2.2910344,11.25,3,5.96991588,0.04613874
3838430198863,1.5283654e+14,0.45505935,1.0597455,1.35720881,1.68668465,1.51300471,50,17,33,3.5383929,12.25,6,11.4585557,0.04613874
3838430198863,1.5283654e+14,0.45505935,1.0597455,1.68668465,2.096144,1.88030155,47,15,32,5.46487837,16.9166667,6,21.9933582,0.04613874
3838430198863,1.5283654e+14,0.45505935,1.0597455,2.096144,2.60500365,2.33676331,56,5,51,8.4402429,25.25,9,42.21368,0.04613874
3838430198863,1.5283654e+14,0.45505935,1.0597455,2.60500365,3.23739401,2.90403568,92,1,91,13.0355509,45.6666667,22,81.0242242,0.04613874
3838430198863,1.5283654e+14,0.45505935,1.0597455,3.23739401,4.02330338,3.60901902,95,0,95,20.132784,75.25,23,155.516527,0.04613874
3838430198863,1.5283654e+14,0.45505935,1.0597455,4.02330338,5,4.48514402,166,0,166,31.0941207,119.25,49,298.495794,0.04613874
3838430204911,1.6656824e+14,0.46393222,1.0902295,0.1,0.124275987,0.11147914,4,3,1,0.0203303761,0.0833333333,0,0.00499044088,0.0441127769
3838430204911,1.6656824e+14,0.46393222,1.0902295,0.124275987,0.15444521,0.138541802,9,6,3,0.0313992921,0.333333333,0,0.0095785679,0.0441127769
3838430204911,1.6656824e+14,0.46393222,1.0902295,0.15444521,0.19193831,0.172174193,7,5,2,0.0484947028,0.25,0,0.0183849414,0.0441127769
3838430204911,1.6656824e+14,0.46393222,1.0902295,0.19193831,0.23853323,0.213971178,13,8,5,0.0748977458,0.416666667,0,0.0352877459,0.0441127769
3838430204911,1.6656824e+14,0.46393222,1.0902295,0.23853323,0.296439527,0.265914795,12,6,6,0.115675981,0.5,0,0.0677307032,0.0441127769
3838430204911,1.6656824e+14,0.46393222,1.0902295,0.296439527,0.36840315,0.330468237,11,7,4,0.178656013,0.833333333,0,0.130001167,0.0441127769
3838430204911,1.6656824e+14,0.46393222,1.0902295,0.36840315,0.457836652,0.410692665,11,7,4,0.275925655,1.5,0,0.249522044,0.0441127769
3838430204911,1.6656824e+14,0.46393222,1.0902295,0.457836652,0.56898102,0.510392364,19,12,7,0.426153958,2,0,0.478928395,0.0441127769
3838430204911,1.6656824e+14,0.46393222,1.0902295,0.56898102,0.707106781,0.63429515,31,15,16,0.658174378,3.5,0,0.91924707,0.0441127769
3838430204911,1.6656824e+14,0.46393222,1.0902295,0.707106781,0.878763934,0.788276561,26,16,10,1.0165188,4.08333333,0,1.76438729,0.0441127769
3838430204911,1.6656824e+14,0.46393222,1.0902295,0.878763934,1.09209256,0.97963848,28,10,18,1.56996461,6.91666667,0,3.38653516,0.0441127769
3838430204911,1.6656824e+14,0.46393222,1.0902295,1.09209256,1.35720881,1.21745539,38,16,22,2.42473514,9.25,7,6.50005837,0.0441127769
3838430204911,1.6656824e+14,0.46393222,1.0902295,1.35720881,1.68668465,1.51300471,27,6,21,3.74488729,15.0833333,9,12.4761022,0.0441127769
3838430204911,1.6656824e+14,0.46393222,1.0902295,1.68668465,2.096144,1.88030155,35,11,24,5.78379906,17.6666667,2,23.9464198,0.0441127769
3838430204911,1.6656824e+14,0.46393222,1.0902295,2.096144,2.60500365,2.33676331,39,2,37,8.93280063,34,12,45.9623535,0.0441127769
3838430204911,1.6656824e+14,0.46393222,1.0902295,2.60500365,3.23739401,2.90403568,64,0,64,13.7962827,48.8333333,11,88.2193647,0.0441127769
3838430204911,1.6656824e+14,0.46393222,1.0902295,3.23739401,4.02330338,3.60901902,72,0,72,21.3076979,104.333333,16,169.326758,0.0441127769
3838430204911,1.6656824e+14,0.46393222,1.0902295,4.02330338,5,4.48514402,97,0,97,32.9087189,165.583333,27,325.002918,0.0441127769
3838430217621,1.14806955e+14,0.47398612,0.9660913,0.1,0.124275987,0.11147914,2,2,0,0.0159641535,0.0833333333,0,0.0034724791,0.0424760444
3838430217621,1.14806955e+14,0.47398612,0.9660913,0.124275987,0.15444521,0.138541802,2,2,0,0.0246558705,0.166666667,0,0.00666501772,0.0424760444
3838430217621,1.14806955e+14,0.47398612,0.9660913,0.15444521,0.19193831,0.172174193,3,3,0,0.0380798112,0.0833333333,0,0.0127927224,0.0424760444
3838430217621,1.14806955e+14,0.47398612,0.9660913,0.19193831,0.23853323,0.213971178,5,5,0,0.0588124445,0.666666667,0,0.0245541352,0.0424760444
3838430217621,1.14806955e+14,0.47398612,0.9660913,0.23853323,0.296439527,0.265914795,6,5,1,0.0908330037,0.166666667,0,0.0471287922,0.0424760444
3838430217621,1.14806955e+14,0.47398612,0.9660913,0.296439527,0.36840315,0.330468237,4,4,0,0.140287224,0.333333333,0,0.0904582075,0.0424760444
3838430217621,1.14806955e+14,0.47398612,0.9660913,0.36840315,0.457836652,0.410692665,7,7,0,0.216666898,0.833333333,0,0.173623955,0.0424760444
3838430217621,1.14806955e+14,0.47398612,0.9660913,0.457836652,0.56898102,0.510392364,10,10,0,0.334631647,0.833333333,0,0.333250886,0.0424760444
3838430217621,1.14806955e+14,0.47398612,0.9660913,0.56898102,0.707106781,0.63429515,10,7,3,0.516822551,1.75,0,0.63963612,0.0424760444
3838430217621,1.14806955e+14,0.47398612,0.9660913,0.707106781,0.878763934,0.788276561,15,10,5,0.798207677,2.83333333,0,1.22770676,0.0424760444
3838430217621,1.14806955e+14,0.47398612,0.9660913,0.878763934,1.09209256,0.97963848,15,12,3,1.23279353,3.83333333,0,2.35643961,0.0424760444
3838430217621,1.14806955e+14,0.47398612,0.9660913,1.09209256,1.35720881,1.21745539,23,8,15,1.90399056,5.33333333,2,4.52291038,0.0424760444
3838430217621,1.14806955e+14,0.47398612,0.9660913,1.35720881,1.68668465,1.51300471,40,12,28,2.94062223,9.08333333,2,8.68119776,0.0424760444
3838430217621,1.14806955e+14,0.47398612,0.9660913,1.68668465,2.096144,1.88030155,43,5,38,4.54165019,14.25,5,16.6625443,0.0424760444
3838430217621,1.14806955e+14,0.47398612,0.9660913,2.096144,2.60500365,2.33676331,48,4,44,7.01436119,21.0833333,5,31.981806,0.0424760444
3838430217621,1.14806955e+14,0.47398612,0.9660913,2.60500365,3.23739401,2.90403568,60,0,60,10.8333449,26.5833333,10,61.385338,0.0424760444
3838430217621,1.14806955e+14,0.47398612,0.9660913,3.23739401,4.02330338,3.60901902,85,0,85,16.7315823,47.6666667,17,117.821981,0.0424760444
3838430217621,1.14806955e+14,0.47398612,0.9660913,4.02330338,5,4.48514402,99,0,99,25.8411276,73.3333333,22,226.145519,0.0424760444
3838430238884,1.38776266e+14,0.4670892,1.0256371,0.1,0.124275987,0.11147914,2,2,0,0.0179927273,0.25,0,0.0041549547,0.0432645169
3838430238884,1.38776266e+14,0.4670892,1.0256371,0.124275987,0.15444521,0.138541802,2,2,0,0.0277889056,0.0833333333,0,0.00797494985,0.0432645169
3838430238884,1.38776266e+14,0.4670892,1.0256371,0.15444521,0.19193831,0.172174193,4,4,0,0.0429186337,0,0,0.015306984,0.0432645169
3838430238884,1.38776266e+14,0.4670892,1.0256371,0.19193831,0.23853323,0.213971178,9,9,0,0.0662857741,0,0,0.0293799665,0.0432645169
3838430238884,1.38776266e+14,0.4670892,1.0256371,0.23853323,0.296439527,0.265914795,8,7,1,0.102375203,0.416666667,0,0.0563914112,0.0432645169
3838430238884,1.38776266e+14,0.4670892,1.0256371,0.296439527,0.36840315,0.330468237,4,3,1,0.158113598,1.08333333,0,0.108236722,0.0432645169
3838430238884,1.38776266e+14,0.4670892,1.0256371,0.36840315,0.457836652,0.410692665,11,10,1,0.24419888,0.5,0,0.207747735,0.0432645169
3838430238884,1.38776266e+14,0.4670892,1.0256371,0.457836652,0.56898102,0.510392364,12,8,4,0.377153474,1.66666667,0,0.398747493,0.0432645169
3838430238884,1.38776266e+14,0.4670892,1.0256371,0.56898102,0.707106781,0.63429515,10,10,0,0.582495477,2.5,0,0.7653492,0.0432645169
3838430238884,1.38776266e+14,0.4670892,1.0256371,0.707106781,0.878763934,0.788276561,15,9,6,0.899636365,2.16666667,0,1.46899832,0.0432645169
3838430238884,1.38776266e+14,0.4670892,1.0256371,0.878763934,1.09209256,0.97963848,24,15,9,1.38944528,4.83333333,0,2.81957056,0.0432645169
3838430238884,1.38776266e+14,0.4670892,1.0256371,1.09209256,1.35720881,1.21745539,33,21,12,2.14593168,8.41666667,4,5.41183609,0.0432645169
3838430238884,1.38776266e+14,0.4670892,1.0256371,1.35720881,1.68668465,1.51300471,39,13,26,3.31428871,11.5,6,10.3873868,0.0432645169
3838430238884,1.38776266e+14,0.4670892,1.0256371,1.68668465,2.096144,1.88030155,53,9,44,5.11876017,20.0833333,5,19.9373746,0.0432645169
3838430238884,1.38776266e+14,0.4670892,1.0256371,2.096144,2.60500365,2.33676331,81,7,74,7.90567992,25.3333333,6,38.26746,0.0432645169
3838430238884,1.38776266e+14,0.4670892,1.0256371,2.60500365,3.23739401,2.90403568,106,1,105,12.209944,34.25,13,73.4499161,0.0432645169
3838430238884,1.38776266e+14,0.4670892,1.0256371,3.23739401,4.02330338,3.60901902,188,0,188,18.8576737,58.0833333,31,140.978528,0.0432645169
3838430238884,1.38776266e+14,0.4670892,1.0256371,4.02330338,5,4.48514402,224,0,224,29.1247738,92.4166667,36,270.591805,0.0432645169
3838430498861,1.62089991e+14,0.4437466,1.081004,0.1,0.124275987,0.11147914,1,1,0,0.0199877614,0.0833333333,0,0.00486482285,0.0490989398
3838430498861,1.62089991e+14,0.4437466,1.081004,0.124275987,0.15444521,0.138541802,1,1,0,0.0308701401,0,0,0.00933745878,0.0490989398
3838430498861,1.62089991e+14,0.4437466,1.081004,0.15444521,0.19193831,0.172174193,5,5,0,0.0476774529,0.166666667,0,0.0179221606,0.0490989398
3838430498861,1.62089991e+14,0.4437466,1.081004,0.19193831,0.23853323,0.213971178,3,1,2,0.0736355425,0,0,0.0343994923,0.0490989398
3838430498861,1.62089991e+14,0.4437466,1.081004,0.23853323,0.296439527,0.265914795,10,9,1,0.113726569,0,0,0.0660258042,0.0490989398
3838430498861,1.62089991e+14,0.4437466,1.081004,0.296439527,0.36840315,0.330468237,4,2,2,0.175645238,1.08333333,0,0.126728813,0.0490989398
3838430498861,1.62089991e+14,0.4437466,1.081004,0.36840315,0.457836652,0.410692665,16,9,7,0.271275658,1.08333333,0,0.243241142,0.0490989398
3838430498861,1.62089991e+14,0.4437466,1.081004,0.457836652,0.56898102,0.510392364,14,10,4,0.418972261,0.5,0,0.466872939,0.0490989398
3838430498861,1.62089991e+14,0.4437466,1.081004,0.56898102,0.707106781,0.63429515,18,12,6,0.64708259,1.16666667,0,0.896108031,0.0490989398
3838430498861,1.62089991e+14,0.4437466,1.081004,0.707106781,0.878763934,0.788276561,11,6,5,0.999388068,2.91666667,0,1.71997461,0.0490989398
3838430498861,1.62089991e+14,0.4437466,1.081004,0.878763934,1.09209256,0.97963848,37,19,18,1.54350701,3.16666667,5,3.30129021,0.0490989398
3838430498861,1.62089991e+14,0.4437466,1.081004,1.09209256,1.35720881,1.21745539,51,20,31,2.38387264,6.25,6,6.33644065,0.0490989398
3838430498861,1.62089991e+14,0.4437466,1.081004,1.35720881,1.68668465,1.51300471,58,19,39,3.68177712,11.25,12,12.1620571,0.0490989398
3838430498861,1.62089991e+14,0.4437466,1.081004,1.68668465,2.096144,1.88030155,78,16,62,5.68632843,17.9166667,9,23.3436469,0.0490989398
3838430498861,1.62089991e+14,0.4437466,1.081004,2.096144,2.60500365,2.33676331,117,6,111,8.78226191,27.3333333,14,44.8054015,0.0490989398
3838430498861,1.62089991e+14,0.4437466,1.081004,2.60500365,3.23739401,2.90403568,152,3,149,13.5637829,42.4166667,23,85.9987307,0.0490989398
3838430498861,1.62089991e+14,0.4437466,1.081004,3.23739401,4.02330338,3.60901902,174,0,174,20.948613,70.5833333,39,165.064511,0.0490989398
3838430498861,1.62089991e+14,0.4437466,1.081004,4.02330338,5,4.48514402,173,0,173,32.3541295,102.416667,36,316.822033,0.0490989398
3838430523614,1.07777275e+14,0.43814844,0.9427857,0.1,0.124275987,0.11147914,2,2,0,0.0152032181,0.0833333333,0,0.00322718667,0.0513860435
3838430523614,1.07777275e+14,0.43814844,0.9427857,0.124275987,0.15444521,0.138541802,4,2,2,0.0234806423,0,0,0.00619420757,0.0513860435
3838430523614,1.07777275e+14,0.43814844,0.9427857,0.15444521,0.19193831,0.172174193,1,1,0,0.0362647274,0.0833333333,0,0.0118890573,0.0513860435
3838430523614,1.07777275e+14,0.43814844,0.9427857,0.19193831,0.23853323,0.213971178,6,4,2,0.0560091345,0,0,0.0228196558,0.0513860435
3838430523614,1.07777275e+14,0.43814844,0.9427857,0.23853323,0.296439527,0.265914795,3,1,2,0.0865034257,0,0,0.0437996618,0.0513860435
3838430523614,1.07777275e+14,0.43814844,0.9427857,0.296439527,0.36840315,0.330468237,7,5,2,0.133600398,0.583333333,0,0.0840683307,0.0513860435
3838430523614,1.07777275e+14,0.43814844,0.9427857,0.36840315,0.457836652,0.410692665,11,9,2,0.206339416,0.5,0,0.161359334,0.0513860435
3838430523614,1.07777275e+14,0.43814844,0.9427857,0.457836652,0.56898102,0.510392364,15,6,9,0.318681345,0.75,0,0.309710378,0.0513860435
3838430523614,1.07777275e+14,0.43814844,0.9427857,0.56898102,0.707106781,0.63429515,25,11,14,0.492188074,1.41666667,0,0.594452867,0.0513860435
3838430523614,1.07777275e+14,0.43814844,0.9427857,0.707106781,0.878763934,0.788276561,27,12,15,0.760160907,1.58333333,0,1.14098279,0.0513860435
3838430523614,1.07777275e+14,0.43814844,0.9427857,0.878763934,1.09209256,0.97963848,42,7,35,1.17403211,3.16666667,0,2.18998309,0.0513860435
3838430523614,1.07777275e+14,0.43814844,0.9427857,1.09209256,1.35720881,1.21745539,82,17,65,1.81323637,5.75,6,4.20341654,0.0513860435
3838430523614,1.07777275e+14,0.43814844,0.9427857,1.35720881,1.68668465,1.51300471,60,11,49,2.80045673,7.08333333,7,8.06796668,0.0513860435
3838430523614,1.07777275e+14,0.43814844,0.9427857,1.68668465,2.096144,1.88030155,72,9,63,4.32517129,12,8,15.4855189,0.0513860435
3838430523614,1.07777275e+14,0.43814844,0.9427857,2.096144,2.60500365,2.33676331,41,4,37,6.6800199,22.1666667,10,29.7226434,0.0513860435
3838430523614,1.07777275e+14,0.43814844,0.9427857,2.60500365,3.23739401,2.90403568,94,1,93,10.3169708,39.3333333,16,57.0491395,0.0513860435
3838430523614,1.07777275e+14,0.43814844,0.9427857,3.23739401,4.02330338,3.60901902,126,0,126,15.9340673,54.5,23,109.499154,0.0513860435
3838430523614,1.07777275e+14,0.43814844,0.9427857,4.02330338,5,4.48514402,254,0,254,24.6094037,80.75,48,210.170827,0.0513860435
3838430524174,1.03777737e+14,0.44078934,0.94261163,0.1,0.124275987,0.11147914,3,2,1,0.0151976046,0,0,0.00322539946,0.0502955615
3838430524174,1.03777737e+14,0.44078934,0.94261163,0.124275987,0.15444521,0.138541802,5,4,1,0.0234719724,0,0,0.00619077722,0.0502955615
3838430524174,1.03777737e+14,0.44078934,0.94261163,0.15444521,0.19193831,0.172174193,3,3,0,0.0362513372,0.333333333,0,0.0118824732,0.0502955615
3838430524174,1.03777737e+14,0.44078934,0.94261163,0.19193831,0.23853323,0.213971178,3,3,0,0.0559884541,0.0833333333,0,0.0228070183,0.0502955615
3838430524174,1.03777737e+14,0.44078934,0.94261163,0.23853323,0.296439527,0.265914795,5,5,0,0.0864714858,0.166666667,0,0.0437754056,0.0502955615
3838430524174,1.03777737e+14,0.44078934,0.94261163,0.296439527,0.36840315,0.330468237,6,6,0,0.133551068,0.25,0,0.0840217738,0.0502955615
3838430524174,1.03777737e+14,0.44078934,0.94261163,0.36840315,0.457836652,0.410692665,12,10,2,0.206263228,0.333333333,0,0.161269973,0.0502955615
3838430524174,1.03777737e+14,0.44078934,0.94261163,0.457836652,0.56898102,0.510392364,11,10,1,0.318563677,0.833333333,0,0.309538861,0.0502955615
3838430524174,1.03777737e+14,0.44078934,0.94261163,0.56898102,0.707106781,0.63429515,20,14,6,0.492006342,1.33333333,0,0.59412366,0.0502955615
3838430524174,1.03777737e+14,0.44078934,0.94261163,0.707106781,0.878763934,0.788276561,14,11,3,0.759880231,1.66666667,0,1.14035091,0.0502955615
3838430524174,1.03777737e+14,0.44078934,0.94261163,0.878763934,1.09209256,0.97963848,18,10,8,1.17359862,3.41666667,1,2.18877028,0.0502955615
3838430524174,1.03777737e+14,0.44078934,0.94261163,1.09209256,1.35720881,1.21745539,46,21,25,1.81256686,5.83333333,4,4.20108869,0.0502955615
3838430524174,1.03777737e+14,0.44078934,0.94261163,1.35720881,1.68668465,1.51300471,72,6,66,2.7994227,10.75,5,8.06349865,0.0502955615
3838430524174,1.03777737e+14,0.44078934,0.94261163,1.68668465,2.096144,1.88030155,101,2,99,4.32357429,15,5,15.4769431,0.0502955615
3838430524174,1.03777737e+14,0.44078934,0.94261163,2.096144,2.60500365,2.33676331,162,0,162,6.67755341,24.25,4,29.706183,0.0502955615
3838430524174,1.03777737e+14,0.44078934,0.94261163,2.60500365,3.23739401,2.90403568,190,0,190,10.3131614,38.5,12,57.0175457,0.0502955615
3838430524174,1.03777737e+14,0.44078934,0.94261163,3.23739401,4.02330338,3.60901902,216,0,216,15.9281839,61.9166667,20,109.438514,0.0502955615
3838430524174,1.03777737e+14,0.44078934,0.94261163,4.02330338,5,4.48514402,291,0,291,24.6003171,98.25,25,210.054434,0.0502955615
3838430529423,1.83134513e+14,0.44212466,1.1253235,0.1,0.124275987,0.11147914,4,4,0,0.0216602932,0,0,0.0054880403,0.049863957
3838430529423,1.83134513e+14,0.44212466,1.1253235,0.124275987,0.15444521,0.138541802,3,2,1,0.0334532854,0,0,0.0105336518,0.049863957
3838430529423,1.83134513e+14,0.44212466,1.1253235,0.15444521,0.19193831,0.172174193,4,2,2,0.051666997,0.0833333333,0,0.0202181133,0.049863957
3838430529423,1.83134513e+14,0.44212466,1.1253235,0.19193831,0.23853323,0.213971178,5,4,1,0.0797972023,0.166666667,0,0.0388063052,0.049863957
3838430529423,1.83134513e+14,0.44212466,1.1253235,0.23853323,0.296439527,0.265914795,7,7,0,0.123242957,0.166666667,0,0.0744841664,0.049863957
3838430529423,1.83134513e+14,0.44212466,1.1253235,0.296439527,0.36840315,0.330468237,6,5,1,0.190342844,0.333333333,0,0.142963651,0.049863957
3838430529423,1.83134513e+14,0.44212466,1.1253235,0.36840315,0.457836652,0.410692665,26,20,6,0.293975407,1.08333333,0,0.274402015,0.049863957
3838430529423,1.83134513e+14,0.44212466,1.1253235,0.457836652,0.56898102,0.510392364,19,12,7,0.454030936,1.58333333,0,0.526682592,0.049863957
3838430529423,1.83134513e+14,0.44212466,1.1253235,0.56898102,0.707106781,0.63429515,26,19,7,0.701229035,2.41666667,0,1.01090567,0.049863957
3838430529423,1.83134513e+14,0.44212466,1.1253235,0.707106781,0.878763934,0.788276561,39,20,19,1.08301466,3.83333333,0,1.94031526,0.049863957
3838430529423,1.83134513e+14,0.44212466,1.1253235,0.878763934,1.09209256,0.97963848,48,24,24,1.67266427,6.08333333,3,3.72420832,0.049863957
3838430529423,1.83134513e+14,0.44212466,1.1253235,1.09209256,1.35720881,1.21745539,61,19,42,2.58334985,7.25,4,7.14818253,0.049863957
3838430529423,1.83134513e+14,0.44212466,1.1253235,1.35720881,1.68668465,1.51300471,92,17,75,3.98986012,12.6666667,10,13.7201008,0.049863957
3838430529423,1.83134513e+14,0.44212466,1.1253235,1.68668465,2.096144,1.88030155,127,22,105,6.16214785,18.8333333,11,26.3341296,0.049863957
3838430529423,1.83134513e+14,0.44212466,1.1253235,2.096144,2.60500365,2.33676331,134,14,120,9.51714222,31.9166667,10,50.5452834,0.049863957
3838430529423,1.83134513e+14,0.44212466,1.1253235,2.60500365,3.23739401,2.90403568,187,1,186,14.6987703,48.1666667,8,97.0157629,0.049863957
3838430529423,1.83134513e+14,0.44212466,1.1253235,3.23739401,4.02330338,3.60901902,326,0,326,22.7015468,76.8333333,22,186.210416,0.049863957
3838430529423,1.83134513e+14,0.44212466,1.1253235,4.02330338,5,4.48514402,287,0,287,35.0614517,153,29,357.409126,0.049863957
3838430564441,3.94330344e+14,0.4542087,1.4534574,0.1,0.124275987,0.11147914,5,4,1,0.0361338443,0.0833333333,0,0.0118247522,0.0463241324
3838430564441,3.94330344e+14,0.4542087,1.4534574,0.124275987,0.15444521,0.138541802,11,11,0,0.0558069919,0.333333333,0,0.0226962296,0.0463241324
3838430564441,3.94330344e+14,0.4542087,1.4534574,0.15444521,0.19193831,0.172174193,5,5,0,0.0861912261,0.333333333,0,0.0435627597,0.0463241324
3838430564441,3.94330344e+14,0.4542087,1.4534574,0.19193831,0.23853323,0.213971178,14,13,1,0.133118221,0.5,0,0.0836136249,0.0463241324
3838430564441,3.94330344e+14,0.4542087,1.4534574,0.23853323,0.296439527,0.265914795,14,14,0,0.205594716,1.16666667,0,0.160486579,0.0463241324
3838430564441,3.94330344e+14,0.4542087,1.4534574,0.296439527,0.36840315,0.330468237,13,13,0,0.317531192,0.666666667,0,0.308035228,0.0463241324
3838430564441,3.94330344e+14,0.4542087,1.4534574,0.36840315,0.457836652,0.410692665,18,18,0,0.490411717,1.83333333,0,0.591237611,0.0463241324
3838430564441,3.94330344e+14,0.4542087,1.4534574,0.457836652,0.56898102,0.510392364,21,19,2,0.757417409,2.16666667,0,1.13481148,0.0463241324
3838430564441,3.94330344e+14,0.4542087,1.4534574,0.56898102,0.707106781,0.63429515,44,36,8,1.16979491,5.58333333,0,2.17813798,0.0463241324
3838430564441,3.94330344e+14,0.4542087,1.4534574,0.707106781,0.878763934,0.788276561,38,29,9,1.80669221,8,0,4.18068124,0.0463241324
3838430564441,3.94330344e+14,0.4542087,1.4534574,0.878763934,1.09209256,0.97963848,55,41,14,2.79034959,9.58333333,5,8.02432894,0.0463241324
3838430564441,3.94330344e+14,0.4542087,1.4534574,1.09209256,1.35720881,1.21745539,71,45,26,4.3095613,13.0833333,9,15.4017614,0.0463241324
3838430564441,3.94330344e+14,0.4542087,1.4534574,1.35720881,1.68668465,1.51300471,85,37,48,6.65591103,22.5833333,9,29.5618806,0.0463241324
3838430564441,3.94330344e+14,0.4542087,1.4534574,1.68668465,2.096144,1.88030155,88,32,56,10.2797358,35.5,24,56.7405741,0.0463241324
3838430564441,3.94330344e+14,0.4542087,1.4534574,2.096144,2.60500365,2.33676331,99,16,83,15.8765596,60.5833333,17,108.906899,0.0463241324
3838430564441,3.94330344e+14,0.4542087,1.4534574,2.60500365,3.23739401,2.90403568,139,2,137,24.5205859,98.0833333,24,209.034062,0.0463241324
3838430564441,3.94330344e+14,0.4542087,1.4534574,3.23739401,4.02330338,3.60901902,196,0,196,37.8708705,153.416667,48,401.216447,0.0463241324
3838430564441,3.94330344e+14,0.4542087,1.4534574,4.02330338,5,4.48514402,208,0,208,58.4897456,223.333333,63,770.088069,0.0463241324
3838430847288,1.37837122e+14,0.48578486,1.0236845,0.1,0.124275987,0.11147914,0,0,0,0.0179242837,0,0,0.00413126934,0.0405989471
3838430847288,1.37837122e+14,0.48578486,1.0236845,0.124275987,0.15444521,0.138541802,8,8,0,0.0276831977,0.0833333333,0,0.00792948857,0.0405989471
3838430847288,1.37837122e+14,0.48578486,1.0236845,0.15444521,0.19193831,0.172174193,6,6,0,0.0427553729,0.0833333333,0,0.0152197264,0.0405989471
3838430847288,1.37837122e+14,0.48578486,1.0236845,0.19193831,0.23853323,0.213971178,5,5,0,0.0660336257,0.25,0,0.0292124857,0.0405989471
3838430847288,1.37837122e+14,0.48578486,1.0236845,0.23853323,0.296439527,0.265914795,7,6,1,0.101985772,0.25,0,0.0560699514,0.0405989471
3838430847288,1.37837122e+14,0.48578486,1.0236845,0.296439527,0.36840315,0.330468237,7,7,0,0.157512141,0.416666667,0,0.107619717,0.0405989471
3838430847288,1.37837122e+14,0.48578486,1.0236845,0.36840315,0.457836652,0.410692665,13,12,1,0.243269957,0.416666667,0,0.206563467,0.0405989471
3838430847288,1.37837122e+14,0.48578486,1.0236845,0.457836652,0.56898102,0.510392364,10,10,0,0.375718797,1.41666667,0,0.396474428,0.0405989471
3838430847288,1.37837122e+14,0.48578486,1.0236845,0.56898102,0.707106781,0.63429515,15,15,0,0.580279687,1.75,0,0.760986319,0.0405989471
3838430847288,1.37837122e+14,0.48578486,1.0236845,0.707106781,0.878763934,0.788276561,14,7,7,0.896214185,1.91666667,0,1.46062428,0.0405989471
3838430847288,1.37837122e+14,0.48578486,1.0236845,0.878763934,1.09209256,0.97963848,20,16,4,1.38415988,3.83333333,3,2.80349757,0.0405989471
3838430847288,1.37837122e+14,0.48578486,1.0236845,1.09209256,1.35720881,1.21745539,28,15,13,2.13776865,6.16666667,2,5.38098586,0.0405989471
3838430847288,1.37837122e+14,0.48578486,1.0236845,1.35720881,1.68668465,1.51300471,23,8,15,3.30168129,7.66666667,6,10.3281733,0.0405989471
3838430847288,1.37837122e+14,0.48578486,1.0236845,1.68668465,2.096144,1.88030155,25,8,17,5.09928861,9.58333333,1,19.8237214,0.0405989471
3838430847288,1.37837122e+14,0.48578486,1.0236845,2.096144,2.60500365,2.33676331,43,4,39,7.87560703,13.8333333,9,38.0493159,0.0405989471
3838430847288,1.37837122e+14,0.48578486,1.0236845,2.60500365,3.23739401,2.90403568,50,1,49,12.1634979,27.75,14,73.0312141,0.0405989471
3838430847288,1.37837122e+14,0.48578486,1.0236845,3.23739401,4.02330338,3.60901902,79,0,79,18.7859399,38.5833333,13,140.174878,0.0405989471
3838430847288,1.37837122e+14,0.48578486,1.0236845,4.02330338,5,4.48514402,72,0,72,29.0139844,56,21,269.049293,0.0405989471
3838440462202,2.35821391e+14,0.49322602,1.2320055,0.1,0.124275987,0.11147914,0,0,0,0.0259618028,0,0,0.0072015017,0.0413234241
3838440462202,2.35821391e+14,0.49322602,1.2320055,0.124275987,0.15444521,0.138541802,2,2,0,0.040096761,0,0,0.0138224407,0.0413234241
3838440462202,2.35821391e+14,0.49322602,1.2320055,0.15444521,0.19193831,0.172174193,7,7,0,0.061927527,0.0833333333,0,0.0265305591,0.0413234241
3838440462202,2.35821391e+14,0.49322602,1.2320055,0.19193831,0.23853323,0.213971178,6,6,0,0.0956440994,0,0,0.0509223068,0.0413234241
3838440462202,2.35821391e+14,0.49322602,1.2320055,0.23853323,0.296439527,0.265914795,9,9,0,0.147717731,0.25,0,0.0977394153,0.0413234241
3838440462202,2.35821391e+14,0.49322602,1.2320055,0.296439527,0.36840315,0.330468237,14,14,0,0.22814296,0.416666667,0,0.187599382,0.0413234241
3838440462202,2.35821391e+14,0.49322602,1.2320055,0.36840315,0.457836652,0.410692665,12,11,1,0.352355875,0.416666667,0,0.360075085,0.0413234241
3838440462202,2.35821391e+14,0.49322602,1.2320055,0.457836652,0.56898102,0.510392364,18,16,2,0.544196772,1,0,0.691122034,0.0413234241
3838440462202,2.35821391e+14,0.49322602,1.2320055,0.56898102,0.707106781,0.63429515,15,11,4,0.840485851,2.75,0,1.32652795,0.0413234241
3838440462202,2.35821391e+14,0.49322602,1.2320055,0.707106781,0.878763934,0.788276561,32,23,9,1.29809014,2.58333333,0,2.54611534,0.0413234241
3838440462202,2.35821391e+14,0.49322602,1.2320055,0.878763934,1.09209256,0.97963848,33,20,13,2.00483805,3.66666667,0,4.88697077,0.0413234241
3838440462202,2.35821391e+14,0.49322602,1.2320055,1.09209256,1.35720881,1.21745539,45,24,21,3.09637635,3.75,5,9.37996912,0.0413234241
3838440462202,2.35821391e+14,0.49322602,1.2320055,1.35720881,1.68668465,1.51300471,47,17,30,4.78220497,8,4,18.0037542,0.0413234241
3838440462202,2.35821391e+14,0.49322602,1.2320055,1.68668465,2.096144,1.88030155,105,8,97,7.38588653,14.9166667,15,34.5561017,0.0413234241
3838440462202,2.35821391e+14,0.49322602,1.2320055,2.096144,2.60500365,2.33676331,85,0,85,11.407148,19.6666667,14,66.3263977,0.0413234241
3838440462202,2.35821391e+14,0.49322602,1.2320055,2.60500365,3.23739401,2.90403568,102,0,102,17.6177937,31.0833333,20,127.305767,0.0413234241
3838440462202,2.35821391e+14,0.49322602,1.2320055,3.23739401,4.02330338,3.60901902,113,0,113,27.2098386,52,32,244.348538,0.0413234241
3838440462202,2.35821391e+14,0.49322602,1.2320055,4.02330338,5,4.48514402,236,0,236,42.0242925,82.8333333,46,468.998456,0.0413234241
3838440491781,1.01239548e+14,0.507181,0.92947174,0.1,0.124275987,0.11147914,1,1,0,0.0147768523,0.25,0,0.00309238599,0.0403133513
3838440491781,1.01239548e+14,0.507181,0.92947174,0.124275987,0.15444521,0.138541802,3,3,0,0.0228221407,0,0,0.00593547342,0.0403133513
3838440491781,1.01239548e+14,0.507181,0.92947174,0.15444521,0.19193831,0.172174193,4,4,0,0.0352477032,0,0,0.0113924474,0.0403133513
3838440491781,1.01239548e+14,0.507181,0.92947174,0.19193831,0.23853323,0.213971178,1,1,0,0.0544383895,0.0833333333,0,0.021866471,0.0403133513
3838440491781,1.01239548e+14,0.507181,0.92947174,0.23853323,0.296439527,0.265914795,2,1,1,0.0840774852,0.0833333333,0,0.041970135,0.0403133513
3838440491781,1.01239548e+14,0.507181,0.92947174,0.296439527,0.36840315,0.330468237,4,4,0,0.129853649,0.5,0,0.080556768,0.0403133513
3838440491781,1.01239548e+14,0.507181,0.92947174,0.36840315,0.457836652,0.410692665,6,3,3,0.200552742,0.166666667,0,0.154619299,0.0403133513
3838440491781,1.01239548e+14,0.507181,0.92947174,0.457836652,0.56898102,0.510392364,18,3,15,0.309744104,0.5,0,0.296773671,0.0403133513
3838440491781,1.01239548e+14,0.507181,0.92947174,0.56898102,0.707106781,0.63429515,17,11,6,0.478384933,0.583333333,0,0.56962237,0.0403133513
3838440491781,1.01239548e+14,0.507181,0.92947174,0.707106781,0.878763934,0.788276561,15,8,7,0.738842617,2,0,1.09332355,0.0403133513
3838440491781,1.01239548e+14,0.507181,0.92947174,0.878763934,1.09209256,0.97963848,28,9,19,1.14110704,2,2,2.09850675,0.0403133513
3838440491781,1.01239548e+14,0.507181,0.92947174,1.09209256,1.35720881,1.21745539,28,5,23,1.76238516,4.58333333,4,4.0278384,0.0403133513
3838440491781,1.01239548e+14,0.507181,0.92947174,1.35720881,1.68668465,1.51300471,26,8,18,2.72191947,6.08333333,2,7.73096497,0.0403133513
3838440491781,1.01239548e+14,0.507181,0.92947174,1.68668465,2.096144,1.88030155,49,7,42,4.20387426,11,2,14.8386835,0.0403133513
3838440491781,1.01239548e+14,0.507181,0.92947174,2.096144,2.60500365,2.33676331,82,3,79,6.49268245,16.25,6,28.4811185,0.0403133513
3838440491781,1.01239548e+14,0.507181,0.92947174,2.60500365,3.23739401,2.90403568,97,0,97,10.0276371,28.0833333,5,54.6661776,0.0403133513
3838440491781,1.01239548e+14,0.507181,0.92947174,3.23739401,4.02330338,3.60901902,138,0,138,15.4872052,39.5833333,18,104.925338,0.0403133513
3838440491781,1.01239548e+14,0.507181,0.92947174,4.02330338,5,4.48514402,215,0,215,23.9192467,58.25,36,201.39192,0.0403133513
3838440507853,2.90598386e+14,0.49465707,1.3235847,0.1,0.124275987,0.11147914,4,4,0,0.0299649136,0.166666667,0,0.00892977142,0.0412196926
3838440507853,2.90598386e+14,0.49465707,1.3235847,0.124275987,0.15444521,0.138541802,5,5,0,0.046279374,0.166666667,0,0.0171396524,0.0412196926
3838440507853,2.90598386e+14,0.49465707,1.3235847,0.15444521,0.19193831,0.172174193,8,8,0,0.0714762765,0.25,0,0.0328975592,0.0412196926
3838440507853,2.90598386e+14,0.49465707,1.3235847,0.19193831,0.23853323,0.213971178,7,7,0,0.110391686,0.666666667,0,0.0631430193,0.0412196926
3838440507853,2.90598386e+14,0.49465707,1.3235847,0.23853323,0.296439527,0.265914795,10,9,1,0.170494671,0.833333333,0,0.121195644,0.0412196926
3838440507853,2.90598386e+14,0.49465707,1.3235847,0.296439527,0.36840315,0.330468237,17,17,0,0.263320854,0.916666667,0,0.232620872,0.0412196926
3838440507853,2.90598386e+14,0.49465707,1.3235847,0.36840315,0.457836652,0.410692665,16,15,1,0.406686447,1.75,0,0.446488571,0.0412196926
3838440507853,2.90598386e+14,0.49465707,1.3235847,0.457836652,0.56898102,0.510392364,12,11,1,0.62810774,2.33333333,0,0.856982619,0.0412196926
3838440507853,2.90598386e+14,0.49465707,1.3235847,0.56898102,0.707106781,0.63429515,17,15,2,0.970082321,5.16666667,0,1.64487796,0.0412196926
3838440507853,2.90598386e+14,0.49465707,1.3235847,0.707106781,0.878763934,0.788276561,35,32,3,1.49824568,6.08333333,0,3.15715096,0.0412196926
3838440507853,2.90598386e+14,0.49465707,1.3235847,0.878763934,1.09209256,0.97963848,43,33,10,2.3139687,7.33333333,6,6.05978221,0.0412196926
3838440507853,2.90598386e+14,0.49465707,1.3235847,1.09209256,1.35720881,1.21745539,40,25,15,3.57381383,11.0833333,7,11.6310436,0.0412196926
3838440507853,2.90598386e+14,0.49465707,1.3235847,1.35720881,1.68668465,1.51300471,44,21,23,5.51958429,18.8333333,9,22.3244286,0.0412196926
3838440507853,2.90598386e+14,0.49465707,1.3235847,1.68668465,2.096144,1.88030155,55,9,46,8.52473357,24.25,12,42.849131,0.0412196926
3838440507853,2.90598386e+14,0.49465707,1.3235847,2.096144,2.60500365,2.33676331,45,4,41,13.1660427,30.5,14,82.243898,0.0412196926
3838440507853,2.90598386e+14,0.49465707,1.3235847,2.60500365,3.23739401,2.90403568,94,0,94,20.3343224,44.4166667,26,157.857548,0.0412196926
3838440507853,2.90598386e+14,0.49465707,1.3235847,3.23739401,4.02330338,3.60901902,93,0,93,31.405387,75.0833333,33,302.989111,0.0412196926
3838440507853,2.90598386e+14,0.49465707,1.3235847,4.02330338,5,4.48514402,243,0,243,48.504116,113,69,581.55218,0.0412196926
3838440532526,1.00090463e+14,0.5091364,0.92598413,0.1,0.124275987,0.11147914,2,2,0,0.0146661675,0.0833333333,0,0.00305770623,0.0403531964
3838440532526,1.00090463e+14,0.5091364,0.92598413,0.124275987,0.15444521,0.138541802,5,3,2,0.0226511933,0.166666667,0,0.00586890967,0.0403531964
3838440532526,1.00090463e+14,0.5091364,0.92598413,0.15444521,0.19193831,0.172174193,1,0,1,0.0349836831,0.25,0,0.0112646861,0.0403531964
3838440532526,1.00090463e+14,0.5091364,0.92598413,0.19193831,0.23853323,0.213971178,4,3,1,0.0540306231,0.333333333,0,0.0216212481,0.0403531964
3838440532526,1.00090463e+14,0.5091364,0.92598413,0.23853323,0.296439527,0.265914795,4,3,1,0.0834477095,0.25,0,0.0414994583,0.0403531964
3838440532526,1.00090463e+14,0.5091364,0.92598413,0.296439527,0.36840315,0.330468237,4,4,0,0.128880991,0.333333333,0,0.079653359,0.0403531964
3838440532526,1.00090463e+14,0.5091364,0.92598413,0.36840315,0.457836652,0.410692665,10,9,1,0.199050517,0.916666667,0,0.152885311,0.0403531964
3838440532526,1.00090463e+14,0.5091364,0.92598413,0.457836652,0.56898102,0.510392364,12,9,3,0.30742399,0.916666667,0,0.293445484,0.0403531964
3838440532526,1.00090463e+14,0.5091364,0.92598413,0.56898102,0.707106781,0.63429515,17,8,9,0.474801629,1.16666667,0,0.563234303,0.0403531964
3838440532526,1.00090463e+14,0.5091364,0.92598413,0.707106781,0.878763934,0.788276561,21,9,12,0.733308376,1.91666667,0,1.08106241,0.0403531964
3838440532526,1.00090463e+14,0.5091364,0.92598413,0.878763934,1.09209256,0.97963848,18,4,14,1.13255966,3.08333333,3,2.07497291,0.0403531964
3838440532526,1.00090463e+14,0.5091364,0.92598413,1.09209256,1.35720881,1.21745539,31,14,17,1.74918416,4,7,3.98266795,0.0403531964
3838440532526,1.00090463e+14,0.5091364,0.92598413,1.35720881,1.68668465,1.51300471,41,7,34,2.70153115,5.08333333,3,7.64426557,0.0403531964
3838440532526,1.00090463e+14,0.5091364,0.92598413,1.68668465,2.096144,1.88030155,41,2,39,4.17238548,9.66666667,7,14.6722742,0.0403531964
3838440532526,1.00090463e+14,0.5091364,0.92598413,2.096144,2.60500365,2.33676331,46,0,46,6.44404953,15.8333333,14,28.1617152,0.0403531964
3838440532526,1.00090463e+14,0.5091364,0.92598413,2.60500365,3.23739401,2.90403568,52,0,52,9.95252587,26.3333333,13,54.0531203,0.0403531964
3838440532526,1.00090463e+14,0.5091364,0.92598413,3.23739401,4.02330338,3.60901902,82,0,82,15.3711995,49.6666667,10,103.748646,0.0403531964
3838440532526,1.00090463e+14,0.5091364,0.92598413,4.02330338,5,4.48514402,118,0,118,23.7400815,70.5833333,23,199.133398,0.0403531964
3838440542088,2.69254021e+14,0.5132301,1.2875995,0.1,0.124275987,0.11147914,3,3,0,0.0283577097,0,0,0.00822105447,0.0408706382
3838440542088,2.69254021e+14,0.5132301,1.2875995,0.124275987,0.15444521,0.138541802,9,9,0,0.0437971245,0,0,0.015779353,0.0408706382
3838440542088,2.69254021e+14,0.5132301,1.2875995,0.15444521,0.19193831,0.172174193,6,6,0,0.0676425611,0.166666667,0,0.0302866236,0.0408706382
3838440542088,2.69254021e+14,0.5132301,1.2875995,0.19193831,0.23853323,0.213971178,18,18,0,0.104470696,0.0833333333,0,0.0581316336,0.0408706382
3838440542088,2.69254021e+14,0.5132301,1.2875995,0.23853323,0.296439527,0.265914795,11,11,0,0.161349986,0.0833333333,0,0.111576875,0.0408706382
3838440542088,2.69254021e+14,0.5132301,1.2875995,0.296439527,0.36840315,0.330468237,18,16,2,0.249197326,0.75,0,0.214158769,0.0408706382
3838440542088,2.69254021e+14,0.5132301,1.2875995,0.36840315,0.457836652,0.410692665,19,17,2,0.384873334,0.333333333,0,0.411052723,0.0408706382
3838440542088,2.69254021e+14,0.5132301,1.2875995,0.457836652,0.56898102,0.510392364,19,17,2,0.594418431,1,0,0.788967652,0.0408706382
3838440542088,2.69254021e+14,0.5132301,1.2875995,0.56898102,0.707106781,0.63429515,16,14,2,0.918050797,1.33333333,0,1.51433118,0.0408706382
3838440542088,2.69254021e+14,0.5132301,1.2875995,0.707106781,0.878763934,0.788276561,24,18,6,1.41788549,2.91666667,0,2.90658168,0.0408706382
3838440542088,2.69254021e+14,0.5132301,1.2875995,0.878763934,1.09209256,0.97963848,28,19,9,2.18985622,4.91666667,0,5.57884377,0.0408706382
3838440542088,2.69254021e+14,0.5132301,1.2875995,1.09209256,1.35720881,1.21745539,41,15,26,3.38212805,9.33333333,11,10.7079385,0.0408706382
3838440542088,2.69254021e+14,0.5132301,1.2875995,1.35720881,1.68668465,1.51300471,51,16,35,5.22353479,11.1666667,0,20.5526362,0.0408706382
3838440542088,2.69254021e+14,0.5132301,1.2875995,1.68668465,2.096144,1.88030155,63,14,49,8.06749931,18.3333333,6,39.4483826,0.0408706382
3838440542088,2.69254021e+14,0.5132301,1.2875995,2.096144,2.60500365,2.33676331,123,9,114,12.4598663,29,7,75.716559,0.0408706382
3838440542088,2.69254021e+14,0.5132301,1.2875995,2.60500365,3.23739401,2.90403568,172,3,169,19.2436667,44.1666667,20,145.329084,0.0408706382
3838440542088,2.69254021e+14,0.5132301,1.2875995,3.23739401,4.02330338,3.60901902,150,0,150,29.7209216,77.8333333,33,278.942188,0.0408706382
3838440542088,2.69254021e+14,0.5132301,1.2875995,4.02330338,5,4.48514402,323,0,323,45.9025399,96.5,62,535.396923,0.0408706382
3838440543652,1.57313574e+14,0.5074231,1.0769818,0.1,0.124275987,0.11147914,4,3,1,0.0198392971,0,0,0.00481072155,0.0403268229
3838440543652,1.57313574e+14,0.5074231,1.0769818,0.124275987,0.15444521,0.138541802,2,2,0,0.0306408442,0.166666667,0,0.00923361765,0.0403268229
3838440543652,1.57313574e+14,0.5074231,1.0769818,0.15444521,0.19193831,0.172174193,2,2,0,0.0473233164,0.0833333333,0,0.0177228497,0.0403268229
3838440543652,1.57313574e+14,0.5074231,1.0769818,0.19193831,0.23853323,0.213971178,7,6,1,0.0730885956,0.0833333333,0,0.0340169383,0.0403268229
3838440543652,1.57313574e+14,0.5074231,1.0769818,0.23853323,0.296439527,0.265914795,6,5,1,0.112881835,0.0833333333,0,0.0652915366,0.0403268229
3838440543652,1.57313574e+14,0.5074231,1.0769818,0.296439527,0.36840315,0.330468237,6,5,1,0.174340588,0.666666667,0,0.125319472,0.0403268229
3838440543652,1.57313574e+14,0.5074231,1.0769818,0.36840315,0.457836652,0.410692665,21,11,10,0.269260688,0.25,0,0.240536077,0.0403268229
3838440543652,1.57313574e+14,0.5074231,1.0769818,0.457836652,0.56898102,0.510392364,11,7,4,0.415860237,0.833333333,0,0.461680883,0.0403268229
3838440543652,1.57313574e+14,0.5074231,1.0769818,0.56898102,0.707106781,0.63429515,19,13,6,0.642276218,1.75,0,0.886142486,0.0403268229
3838440543652,1.57313574e+14,0.5074231,1.0769818,0.707106781,0.878763934,0.788276561,25,11,14,0.991964857,3.41666667,0,1.70084691,0.0403268229
3838440543652,1.57313574e+14,0.5074231,1.0769818,0.878763934,1.09209256,0.97963848,35,12,23,1.53204221,4.75,2,3.26457683,0.0403268229
3838440543652,1.57313574e+14,0.5074231,1.0769818,1.09209256,1.35720881,1.21745539,49,11,38,2.36616582,7.66666667,5,6.26597361,0.0403268229
3838440543652,1.57313574e+14,0.5074231,1.0769818,1.35720881,1.68668465,1.51300471,54,15,39,3.65442978,11.9166667,0,12.0268039,0.0403268229
3838440543652,1.57313574e+14,0.5074231,1.0769818,1.68668465,2.096144,1.88030155,89,10,79,5.64409177,15.5833333,4,23.0840441,0.0403268229
3838440543652,1.57313574e+14,0.5074231,1.0769818,2.096144,2.60500365,2.33676331,96,6,90,8.71702941,23.75,7,44.3071243,0.0403268229
3838440543652,1.57313574e+14,0.5074231,1.0769818,2.60500365,3.23739401,2.90403568,113,0,113,13.4630344,43.25,7,85.0423457,0.0403268229
3838440543652,1.57313574e+14,0.5074231,1.0769818,3.23739401,4.02330338,3.60901902,172,0,172,20.7930119,72.3333333,13,163.228841,0.0403268229
3838440543652,1.57313574e+14,0.5074231,1.0769818,4.02330338,5,4.48514402,275,0,275,32.1138109,103.25,28,313.29868,0.0403268229
3838440569818,1.90298865e+14,0.51458293,1.1476946,0.1,0.124275987,0.11147914,7,7,0,0.0225300539,0.0833333333,0,0.00582189197,0.0412988915
3838440569818,1.90298865e+14,0.51458293,1.1476946,0.124275987,0.15444521,0.138541802,6,6,0,0.0347965891,0,0,0.0111744411,0.0412988915
3838440569818,1.90298865e+14,0.51458293,1.1476946,0.15444521,0.19193831,0.172174193,9,8,1,0.0537416654,0.416666667,0,0.0214480334,0.0412988915
3838440569818,1.90298865e+14,0.51458293,1.1476946,0.19193831,0.23853323,0.213971178,6,6,0,0.0830014282,0.25,0,0.0411669929,0.0412988915
3838440569818,1.90298865e+14,0.51458293,1.1476946,0.23853323,0.296439527,0.265914795,10,8,2,0.12819173,0.333333333,0,0.0790152306,0.0412988915
3838440569818,1.90298865e+14,0.51458293,1.1476946,0.296439527,0.36840315,0.330468237,12,10,2,0.197985988,0.75,0,0.151660498,0.0412988915
3838440569818,1.90298865e+14,0.51458293,1.1476946,0.36840315,0.457836652,0.410692665,12,12,0,0.305779876,1.16666667,0,0.291094598,0.0412988915
3838440569818,1.90298865e+14,0.51458293,1.1476946,0.457836652,0.56898102,0.510392364,9,9,0,0.472262373,1.91666667,0,0.558722053,0.0412988915
3838440569818,1.90298865e+14,0.51458293,1.1476946,0.56898102,0.707106781,0.63429515,19,15,4,0.729386616,3.33333333,0,1.07240167,0.0412988915
3838440569818,1.90298865e+14,0.51458293,1.1476946,0.707106781,0.878763934,0.788276561,15,7,8,1.12650269,3.66666667,0,2.05834964,0.0412988915
3838440569818,1.90298865e+14,0.51458293,1.1476946,0.878763934,1.09209256,0.97963848,22,13,9,1.73982946,7.16666667,5,3.95076153,0.0412988915
3838440569818,1.90298865e+14,0.51458293,1.1476946,1.09209256,1.35720881,1.21745539,45,18,27,2.68708327,8.08333333,4,7.58302492,0.0412988915
3838440569818,1.90298865e+14,0.51458293,1.1476946,1.35720881,1.68668465,1.51300471,36,11,25,4.15007141,13.9166667,12,14.5547299,0.0412988915
3838440569818,1.90298865e+14,0.51458293,1.1476946,1.68668465,2.096144,1.88030155,64,17,47,6.40958652,18.5,7,27.9361027,0.0412988915
3838440569818,1.90298865e+14,0.51458293,1.1476946,2.096144,2.60500365,2.33676331,68,7,61,9.8992994,26.75,9,53.6200835,0.0412988915
3838440569818,1.90298865e+14,0.51458293,1.1476946,2.60500365,3.23739401,2.90403568,73,1,72,15.2889938,44.4166667,20,102.917482,0.0412988915
3838440569818,1.90298865e+14,0.51458293,1.1476946,3.23739401,4.02330338,3.60901902,67,0,67,23.6131186,63.6666667,27,197.538076,0.0412988915
3838440569818,1.90298865e+14,0.51458293,1.1476946,4.02330338,5,4.48514402,115,0,115,36.4693308,84,29,379.151246,0.0412988915
3838440573785,1.11030986e+14,0.5161302,0.95838605,0.1,0.124275987,0.11147914,2,2,0,0.0157105186,0,0,0.0033900537,0.0418998772
3838440573785,1.11030986e+14,0.5161302,0.95838605,0.124275987,0.15444521,0.138541802,2,2,0,0.0242641435,0,0,0.0065068118,0.0418998772
3838440573785,1.11030986e+14,0.5161302,0.95838605,0.15444521,0.19193831,0.172174193,3,3,0,0.0374748075,0.166666667,0,0.0124890646,0.0418998772
3838440573785,1.11030986e+14,0.5161302,0.95838605,0.19193831,0.23853323,0.213971178,6,6,0,0.0578780454,0.166666667,0,0.0239712996,0.0418998772
3838440573785,1.11030986e+14,0.5161302,0.95838605,0.23853323,0.296439527,0.265914795,7,6,1,0.089389869,0.25,0,0.0460101075,0.0418998772
3838440573785,1.11030986e+14,0.5161302,0.95838605,0.296439527,0.36840315,0.330468237,6,4,2,0.138058371,0,0,0.0883110229,0.0418998772
3838440573785,1.11030986e+14,0.5161302,0.95838605,0.36840315,0.457836652,0.410692665,14,11,3,0.213224542,0.166666667,0,0.169502685,0.0418998772
3838440573785,1.11030986e+14,0.5161302,0.95838605,0.457836652,0.56898102,0.510392364,13,10,3,0.329315093,0.583333333,0,0.32534059,0.0418998772
3838440573785,1.11030986e+14,0.5161302,0.95838605,0.56898102,0.707106781,0.63429515,12,5,7,0.508611389,1.16666667,0,0.624453231,0.0418998772
3838440573785,1.11030986e+14,0.5161302,0.95838605,0.707106781,0.878763934,0.788276561,23,11,12,0.78552593,1.25,0,1.19856498,0.0418998772
3838440573785,1.11030986e+14,0.5161302,0.95838605,0.878763934,1.09209256,0.97963848,24,9,15,1.21320718,2,0,2.30050537,0.0418998772
3838440573785,1.11030986e+14,0.5161302,0.95838605,1.09209256,1.35720881,1.21745539,51,13,38,1.87374038,3.16666667,4,4.41555114,0.0418998772
3838440573785,1.11030986e+14,0.5161302,0.95838605,1.35720881,1.68668465,1.51300471,63,10,53,2.89390227,5.83333333,5,8.47513426,0.0418998772
3838440573785,1.11030986e+14,0.5161302,0.95838605,1.68668465,2.096144,1.88030155,65,7,58,4.46949345,10.25,5,16.2670295,0.0418998772
3838440573785,1.11030986e+14,0.5161302,0.95838605,2.096144,2.60500365,2.33676331,116,0,116,6.90291857,16.5,12,31.2226616,0.0418998772
3838440573785,1.11030986e+14,0.5161302,0.95838605,2.60500365,3.23739401,2.90403568,152,0,152,10.6612271,27.0833333,15,59.9282491,0.0418998772
3838440573785,1.11030986e+14,0.5161302,0.95838605,3.23739401,4.02330338,3.60901902,166,0,166,16.4657547,44.5833333,33,115.025269,0.0418998772
3838440573785,1.11030986e+14,0.5161302,0.95838605,4.02330338,5,4.48514402,223,0,223,25.4305694,84.75,42,220.777557,0.0418998772
3838440626121,2.70000891e+14,0.5180951,1.290711,0.1,0.124275987,0.11147914,6,6,0,0.0284949288,0,0,0.00828079744,0.0418138631
3838440626121,2.70000891e+14,0.5180951,1.290711,0.124275987,0.15444521,0.138541802,5,5,0,0.0440090528,0.333333333,0,0.0158940227,0.0418138631
3838440626121,2.70000891e+14,0.5180951,1.290711,0.15444521,0.19193831,0.172174193,5,5,0,0.0679698742,0.416666667,0,0.0305067186,0.0418138631
3838440626121,2.70000891e+14,0.5180951,1.290711,0.19193831,0.23853323,0.213971178,11,11,0,0.104976215,0.583333333,0,0.0585540802,0.0418138631
3838440626121,2.70000891e+14,0.5180951,1.290711,0.23853323,0.296439527,0.265914795,6,6,0,0.162130737,0.166666667,0,0.112387712,0.0418138631
3838440626121,2.70000891e+14,0.5180951,1.290711,0.296439527,0.36840315,0.330468237,9,8,1,0.250403158,0.666666667,0,0.215715076,0.0418138631
3838440626121,2.70000891e+14,0.5180951,1.290711,0.36840315,0.457836652,0.410692665,16,15,1,0.386735684,1.08333333,0,0.414039872,0.0418138631
3838440626121,2.70000891e+14,0.5180951,1.290711,0.457836652,0.56898102,0.510392364,16,14,2,0.597294741,2.08333333,0,0.794701135,0.0418138631
3838440626121,2.70000891e+14,0.5180951,1.290711,0.56898102,0.707106781,0.63429515,21,19,2,0.92249312,3.16666667,0,1.52533593,0.0418138631
3838440626121,2.70000891e+14,0.5180951,1.290711,0.707106781,0.878763934,0.788276561,25,19,6,1.42474644,4.58333333,0,2.92770401,0.0418138631
3838440626121,2.70000891e+14,0.5180951,1.290711,0.878763934,1.09209256,0.97963848,30,19,11,2.20045264,8.08333333,2,5.61938561,0.0418138631
3838440626121,2.70000891e+14,0.5180951,1.290711,1.09209256,1.35720881,1.21745539,35,16,19,3.39849371,12.75,8,10.7857538,0.0418138631
3838440626121,2.70000891e+14,0.5180951,1.290711,1.35720881,1.68668465,1.51300471,37,23,14,5.24881077,16.0833333,3,20.7019936,0.0418138631
3838440626121,2.70000891e+14,0.5180951,1.290711,1.68668465,2.096144,1.88030155,68,20,48,8.10653684,30.0833333,9,39.7350567,0.0418138631
3838440626121,2.70000891e+14,0.5180951,1.290711,2.096144,2.60500365,2.33676331,60,13,47,12.5201579,44.0833333,19,76.2667965,0.0418138631
3838440626121,2.70000891e+14,0.5180951,1.290711,2.60500365,3.23739401,2.90403568,59,3,56,19.3367842,67,24,146.385201,0.0418138631
3838440626121,2.70000891e+14,0.5180951,1.290711,3.23739401,4.02330338,3.60901902,70,0,70,29.8647371,80.4166667,21,280.969281,0.0418138631
3838440626121,2.70000891e+14,0.5180951,1.290711,4.02330338,5,4.48514402,154,0,154,46.124656,137.25,40,539.28769,0.0418138631
3838440626858,1.1231382e+14,0.51879203,0.9636308,0.1,0.124275987,0.11147914,1,1,0,0.0158829401,0,0,0.00344601486,0.0417475754
3838440626858,1.1231382e+14,0.51879203,0.9636308,0.124275987,0.15444521,0.138541802,1,1,0,0.0245304403,0.166666667,0,0.00661422269,0.0417475754
3838440626858,1.1231382e+14,0.51879203,0.9636308,0.15444521,0.19193831,0.172174193,2,2,0,0.0378860902,0.166666667,0,0.0126952273,0.0417475754
3838440626858,1.1231382e+14,0.51879203,0.9636308,0.19193831,0.23853323,0.213971178,2,1,1,0.0585132518,0.0833333333,0,0.0243670047,0.0417475754
3838440626858,1.1231382e+14,0.51879203,0.9636308,0.23853323,0.296439527,0.265914795,7,7,0,0.0903709149,0.333333333,0,0.0467696172,0.0417475754
3838440626858,1.1231382e+14,0.51879203,0.9636308,0.296439527,0.36840315,0.330468237,10,7,3,0.13957355,0.75,0,0.0897688129,0.0417475754
3838440626858,1.1231382e+14,0.51879203,0.9636308,0.36840315,0.457836652,0.410692665,9,7,2,0.215564663,1.16666667,0,0.172300743,0.0417475754
3838440626858,1.1231382e+14,0.51879203,0.9636308,0.457836652,0.56898102,0.510392364,8,6,2,0.332929297,1.66666667,0,0.330711134,0.0417475754
3838440626858,1.1231382e+14,0.51879203,0.9636308,0.56898102,0.707106781,0.63429515,9,8,1,0.514193354,1.66666667,0,0.634761364,0.0417475754
3838440626858,1.1231382e+14,0.51879203,0.9636308,0.707106781,0.878763934,0.788276561,11,9,2,0.794147007,2.41666667,0,1.21835024,0.0417475754
3838440626858,1.1231382e+14,0.51879203,0.9636308,0.878763934,1.09209256,0.97963848,17,8,9,1.22652202,4,0,2.33848086,0.0417475754
3838440626858,1.1231382e+14,0.51879203,0.9636308,1.09209256,1.35720881,1.21745539,21,11,10,1.89430451,5.58333333,3,4.48844065,0.0417475754
3838440626858,1.1231382e+14,0.51879203,0.9636308,1.35720881,1.68668465,1.51300471,20,7,13,2.92566259,8.33333333,4,8.61503714,0.0417475754
3838440626858,1.1231382e+14,0.51879203,0.9636308,1.68668465,2.096144,1.88030155,40,9,31,4.51854574,12.4166667,8,16.5355567,0.0417475754
3838440626858,1.1231382e+14,0.51879203,0.9636308,2.096144,2.60500365,2.33676331,43,1,42,6.97867749,15.5833333,10,31.7380682,0.0417475754
3838440626858,1.1231382e+14,0.51879203,0.9636308,2.60500365,3.23739401,2.90403568,74,0,74,10.7782331,22.6666667,13,60.9175118,0.0417475754
3838440626858,1.1231382e+14,0.51879203,0.9636308,3.23739401,4.02330338,3.60901902,103,0,103,16.6464648,34.25,17,116.924043,0.0417475754
3838440626858,1.1231382e+14,0.51879203,0.9636308,4.02330338,5,4.48514402,132,0,132,25.7096677,57.1666667,30,224.422032,0.0417475754
3838440637369,1.26940498e+14,0.5369481,1.0021914,0.1,0.124275987,0.11147914,2,1,1,0.0171795149,0,0,0.00387647638,0.0396297567
3838440637369,1.26940498e+14,0.5369481,1.0021914,0.124275987,0.15444521,0.138541802,0,0,0,0.026532938,0,0,0.00744044327,0.0396297567
3838440637369,1.26940498e+14,0.5369481,1.0021914,0.15444521,0.19193831,0.172174193,2,2,0,0.0409788519,0,0,0.0142810611,0.0396297567
3838440637369,1.26940498e+14,0.5369481,1.0021914,0.19193831,0.23853323,0.213971178,8,5,3,0.0632898741,0.0833333333,0,0.0274108274,0.0396297567
3838440637369,1.26940498e+14,0.5369481,1.0021914,0.23853323,0.296439527,0.265914795,6,6,0,0.0977481793,0.333333333,0,0.0526118789,0.0396297567
3838440637369,1.26940498e+14,0.5369481,1.0021914,0.296439527,0.36840315,0.330468237,9,6,3,0.150967381,0.333333333,0,0.100982351,0.0396297567
3838440637369,1.26940498e+14,0.5369481,1.0021914,0.36840315,0.457836652,0.410692665,4,4,0,0.23316189,0.333333333,0,0.193823819,0.0396297567
3838440637369,1.26940498e+14,0.5369481,1.0021914,0.457836652,0.56898102,0.510392364,8,5,3,0.360107372,0.25,0,0.372022163,0.0396297567
3838440637369,1.26940498e+14,0.5369481,1.0021914,0.56898102,0.707106781,0.63429515,14,14,0,0.556168588,1.25,0,0.714053055,0.0396297567
3838440637369,1.26940498e+14,0.5369481,1.0021914,0.707106781,0.878763934,0.788276561,20,13,7,0.858975747,2.75,0,1.37054137,0.0396297567
3838440637369,1.26940498e+14,0.5369481,1.0021914,0.878763934,1.09209256,0.97963848,30,9,21,1.3266469,2.66666667,3,2.63059395,0.0396297567
3838440637369,1.26940498e+14,0.5369481,1.0021914,1.09209256,1.35720881,1.21745539,36,11,25,2.0489426,3.41666667,11,5.04911757,0.0396297567
3838440637369,1.26940498e+14,0.5369481,1.0021914,1.35720881,1.68668465,1.51300471,38,13,25,3.16449371,6.33333333,5,9.69119096,0.0396297567
3838440637369,1.26940498e+14,0.5369481,1.0021914,1.68668465,2.096144,1.88030155,35,12,23,4.88740897,12.4166667,9,18.6011082,0.0396297567
3838440637369,1.26940498e+14,0.5369481,1.0021914,2.096144,2.60500365,2.33676331,72,8,64,7.54836907,15.9166667,6,35.7026527,0.0396297567
3838440637369,1.26940498e+14,0.5369481,1.0021914,2.60500365,3.23739401,2.90403568,133,2,131,11.6580945,24.1666667,12,68.5270684,0.0396297567
3838440637369,1.26940498e+14,0.5369481,1.0021914,3.23739401,4.02330338,3.60901902,211,0,211,18.0053686,38.25,31,131.529697,0.0396297567
3838440637369,1.26940498e+14,0.5369481,1.0021914,4.02330338,5,4.48514402,298,0,298,27.8084294,64.8333333,48,252.455879,0.0396297567
3838440642107,1.79702532e+14,0.53857934,1.1252363,0.1,0.124275987,0.11147914,4,4,0,0.0216569364,0.0833333333,0,0.00548676462,0.0394186266
3838440642107,1.79702532e+14,0.53857934,1.1252363,0.124275987,0.15444521,0.138541802,8,8,0,0.0334481011,0,0,0.0105312033,0.0394186266
3838440642107,1.79702532e+14,0.53857934,1.1252363,0.15444521,0.19193831,0.172174193,7,7,0,0.0516589901,0,0,0.0202134137,0.0394186266
3838440642107,1.79702532e+14,0.53857934,1.1252363,0.19193831,0.23853323,0.213971178,4,4,0,0.079784836,0,0,0.0387972847,0.0394186266
3838440642107,1.79702532e+14,0.53857934,1.1252363,0.23853323,0.296439527,0.265914795,3,3,0,0.123223858,0.166666667,0,0.0744668527,0.0394186266
3838440642107,1.79702532e+14,0.53857934,1.1252363,0.296439527,0.36840315,0.330468237,11,11,0,0.190313347,0.583333333,0,0.142930419,0.0394186266
3838440642107,1.79702532e+14,0.53857934,1.1252363,0.36840315,0.457836652,0.410692665,14,14,0,0.293929849,0.833333333,0,0.274338231,0.0394186266
3838440642107,1.79702532e+14,0.53857934,1.1252363,0.457836652,0.56898102,0.510392364,7,6,1,0.453960574,0.583333333,0,0.526560165,0.0394186266
3838440642107,1.79702532e+14,0.53857934,1.1252363,0.56898102,0.707106781,0.63429515,17,13,4,0.701120364,0.916666667,0,1.01067068,0.0394186266
3838440642107,1.79702532e+14,0.53857934,1.1252363,0.707106781,0.878763934,0.788276561,23,15,8,1.08284682,2.25,0,1.93986423,0.0394186266
3838440642107,1.79702532e+14,0.53857934,1.1252363,0.878763934,1.09209256,0.97963848,19,11,8,1.67240505,3.5,2,3.72334263,0.0394186266
3838440642107,1.79702532e+14,0.53857934,1.1252363,1.09209256,1.35720881,1.21745539,39,15,24,2.58294951,6.83333333,5,7.14652094,0.0394186266
3838440642107,1.79702532e+14,0.53857934,1.1252363,1.35720881,1.68668465,1.51300471,38,15,23,3.9892418,7.33333333,5,13.7169115,0.0394186266
3838440642107,1.79702532e+14,0.53857934,1.1252363,1.68668465,2.096144,1.88030155,91,6,85,6.1611929,12.0833333,12,26.3280083,0.0394186266
3838440642107,1.79702532e+14,0.53857934,1.1252363,2.096144,2.60500365,2.33676331,154,8,146,9.51566734,20.8333333,9,50.5335342,0.0394186266
3838440642107,1.79702532e+14,0.53857934,1.1252363,2.60500365,3.23739401,2.90403568,203,0,203,14.6964924,40.75,9,96.9932117,0.0394186266
3838440642107,1.79702532e+14,0.53857934,1.1252363,3.23739401,4.02330338,3.60901902,305,0,305,22.6980287,64.1666667,28,186.167132,0.0394186266
3838440642107,1.79702532e+14,0.53857934,1.1252363,4.02330338,5,4.48514402,286,0,286,35.0560182,94.5,45,357.326047,0.0394186266
3838440643991,1.50150643e+14,0.539303,1.060226,0.1,0.124275987,0.11147914,3,3,0,0.0192267755,0.166666667,0,0.00458965962,0.0392171416
3838440643991,1.50150643e+14,0.539303,1.060226,0.124275987,0.15444521,0.138541802,6,4,2,0.0296948338,0.0833333333,0,0.00880931512,0.0392171416
3838440643991,1.50150643e+14,0.539303,1.060226,0.15444521,0.19193831,0.172174193,5,4,1,0.0458622486,0.25,0,0.0169084506,0.0392171416
3838440643991,1.50150643e+14,0.539303,1.060226,0.19193831,0.23853323,0.213971178,8,8,0,0.0708320464,0.0833333333,0,0.0324537944,0.0392171416
3838440643991,1.50150643e+14,0.539303,1.060226,0.23853323,0.296439527,0.265914795,9,9,0,0.109396703,0.416666667,0,0.0622912646,0.0392171416
3838440643991,1.50150643e+14,0.539303,1.060226,0.296439527,0.36840315,0.330468237,8,8,0,0.168957968,0.416666667,0,0.119560801,0.0392171416
3838440643991,1.50150643e+14,0.539303,1.060226,0.36840315,0.457836652,0.410692665,6,5,1,0.26094749,0.333333333,0,0.229482981,0.0392171416
3838440643991,1.50150643e+14,0.539303,1.060226,0.457836652,0.56898102,0.510392364,15,15,0,0.4030209,0.333333333,0,0.440465756,0.0392171416
3838440643991,1.50150643e+14,0.539303,1.060226,0.56898102,0.707106781,0.63429515,14,12,2,0.622446478,1.33333333,0,0.84542253,0.0392171416
3838440643991,1.50150643e+14,0.539303,1.060226,0.707106781,0.878763934,0.788276561,23,16,7,0.961338773,1.66666667,0,1.62268972,0.0392171416
3838440643991,1.50150643e+14,0.539303,1.060226,0.878763934,1.09209256,0.97963848,31,16,15,1.48474169,2.25,0,3.11456323,0.0392171416
3838440643991,1.50150643e+14,0.539303,1.060226,1.09209256,1.35720881,1.21745539,47,6,41,2.29311243,4.25,7,5.97804004,0.0392171416
3838440643991,1.50150643e+14,0.539303,1.060226,1.35720881,1.68668465,1.51300471,58,11,47,3.54160232,5.66666667,5,11.474149,0.0392171416
3838440643991,1.50150643e+14,0.539303,1.060226,1.68668465,2.096144,1.88030155,74,14,60,5.46983516,10.4166667,7,22.0232878,0.0392171416
3838440643991,1.50150643e+14,0.539303,1.060226,2.096144,2.60500365,2.33676331,81,3,78,8.44789842,18.5,13,42.2711265,0.0392171416
3838440643991,1.50150643e+14,0.539303,1.060226,2.60500365,3.23739401,2.90403568,140,0,140,13.0473745,29.5833333,23,81.134486,0.0392171416
3838440643991,1.50150643e+14,0.539303,1.060226,3.23739401,4.02330338,3.60901902,251,0,251,20.151045,47.5,37,155.728161,0.0392171416
3838440643991,1.50150643e+14,0.539303,1.060226,4.02330338,5,4.48514402,289,0,289,31.1223239,82.6666667,41,298.902002,0.0392171416
3838450478256,1.12060407e+14,0.5387989,0.96734436,0.1,0.124275987,0.11147914,0,0,0,0.0160055927,0.166666667,0,0.00348600848,0.0393644641
3838450478256,1.12060407e+14,0.5387989,0.96734436,0.124275987,0.15444521,0.138541802,1,1,0,0.0247198714,0.166666667,0,0.00669098577,0.0393644641
3838450478256,1.12060407e+14,0.5387989,0.96734436,0.15444521,0.19193831,0.172174193,3,3,0,0.0381786574,0.0833333333,0,0.012842565,0.0393644641
3838450478256,1.12060407e+14,0.5387989,0.96734436,0.19193831,0.23853323,0.213971178,3,2,1,0.0589651077,0.0833333333,0,0.0246498023,0.0393644641
3838450478256,1.12060407e+14,0.5387989,0.96734436,0.23853323,0.296439527,0.265914795,2,2,0,0.0910687848,0.416666667,0,0.0473124141,0.0393644641
3838450478256,1.12060407e+14,0.5387989,0.96734436,0.296439527,0.36840315,0.330468237,4,2,2,0.140651376,0.75,0,0.0908106483,0.0393644641
3838450478256,1.12060407e+14,0.5387989,0.96734436,0.36840315,0.457836652,0.410692665,4,4,0,0.217229314,0.666666667,0,0.174300424,0.0393644641
3838450478256,1.12060407e+14,0.5387989,0.96734436,0.457836652,0.56898102,0.510392364,5,4,1,0.335500272,1.58333333,0,0.334549289,0.0393644641
3838450478256,1.12060407e+14,0.5387989,0.96734436,0.56898102,0.707106781,0.63429515,9,6,3,0.518164101,2.33333333,0,0.642128252,0.0393644641
3838450478256,1.12060407e+14,0.5387989,0.96734436,0.707106781,0.878763934,0.788276561,13,8,5,0.800279636,3.75,0,1.23249012,0.0393644641
3838450478256,1.12060407e+14,0.5387989,0.96734436,0.878763934,1.09209256,0.97963848,24,6,18,1.23599357,6.41666667,1,2.36562071,0.0393644641
3838450478256,1.12060407e+14,0.5387989,0.96734436,1.09209256,1.35720881,1.21745539,43,13,30,1.90893287,8.75,4,4.54053241,0.0393644641
3838450478256,1.12060407e+14,0.5387989,0.96734436,1.35720881,1.68668465,1.51300471,45,9,36,2.94825539,15.8333333,6,8.7150212,0.0393644641
3838450478256,1.12060407e+14,0.5387989,0.96734436,1.68668465,2.096144,1.88030155,55,3,52,4.55343924,19.9166667,6,16.7274644,0.0393644641
3838450478256,1.12060407e+14,0.5387989,0.96734436,2.096144,2.60500365,2.33676331,84,3,81,7.03256882,33.25,9,32.1064126,0.0393644641
3838450478256,1.12060407e+14,0.5387989,0.96734436,2.60500365,3.23739401,2.90403568,99,1,98,10.8614657,47.25,20,61.6245059,0.0393644641
3838450478256,1.12060407e+14,0.5387989,0.96734436,3.23739401,4.02330338,3.60901902,197,0,197,16.7750136,73,10,118.281035,0.0393644641
3838450478256,1.12060407e+14,0.5387989,0.96734436,4.02330338,5,4.48514402,174,0,174,25.908205,103.166667,25,227.026621,0.0393644641
3838450481192,3.14030042e+14,0.54070884,1.3644924,0.1,0.124275987,0.11147914,7,7,0,0.0318457731,0.333333333,0,0.00978359554,0.0388322813
3838450481192,3.14030042e+14,0.54070884,1.3644924,0.124275987,0.15444521,0.138541802,12,12,0,0.0491842713,0.25,0,0.018778468,0.0388322813
3838450481192,3.14030042e+14,0.54070884,1.3644924,0.15444521,0.19193831,0.172174193,9,9,0,0.0759627513,0.5,0,0.0360430742,0.0388322813
3838450481192,3.14030042e+14,0.54070884,1.3644924,0.19193831,0.23853323,0.213971178,8,8,0,0.117320831,0.833333333,0,0.0691804675,0.0388322813
3838450481192,3.14030042e+14,0.54070884,1.3644924,0.23853323,0.296439527,0.265914795,12,12,0,0.181196405,0.666666667,0,0.13278382,0.0388322813
3838450481192,3.14030042e+14,0.54070884,1.3644924,0.296439527,0.36840315,0.330468237,17,17,0,0.279849168,1.33333333,0,0.254863021,0.0388322813
3838450481192,3.14030042e+14,0.54070884,1.3644924,0.36840315,0.457836652,0.410692665,19,17,2,0.432213637,1.91666667,0,0.489179777,0.0388322813
3838450481192,3.14030042e+14,0.54070884,1.3644924,0.457836652,0.56898102,0.510392364,22,19,3,0.667533262,3.41666667,0,0.938923399,0.0388322813
3838450481192,3.14030042e+14,0.54070884,1.3644924,0.56898102,0.707106781,0.63429515,25,18,7,1.03097315,5.66666667,0,1.80215371,0.0388322813
3838450481192,3.14030042e+14,0.54070884,1.3644924,0.707106781,0.878763934,0.788276561,37,23,14,1.59228865,11.3333333,0,3.45902338,0.0388322813
3838450481192,3.14030042e+14,0.54070884,1.3644924,0.878763934,1.09209256,0.97963848,52,16,36,2.45921356,15.6666667,3,6.63919102,0.0388322813
3838450481192,3.14030042e+14,0.54070884,1.3644924,1.09209256,1.35720881,1.21745539,52,24,28,3.79813756,22.3333333,11,12.7431511,0.0388322813
3838450481192,3.14030042e+14,0.54070884,1.3644924,1.35720881,1.68668465,1.51300471,68,15,53,5.86604155,30,8,24.4589889,0.0388322813
3838450481192,3.14030042e+14,0.54070884,1.3644924,1.68668465,2.096144,1.88030155,60,9,51,9.05982023,42.1666667,12,46.9461699,0.0388322813
3838450481192,3.14030042e+14,0.54070884,1.3644924,2.096144,2.60500365,2.33676331,107,6,101,13.9924584,56.5,33,90.1076854,0.0388322813
3838450481192,3.14030042e+14,0.54070884,1.3644924,2.60500365,3.23739401,2.90403568,132,0,132,21.6106819,81.0833333,33,172.951169,0.0388322813
3838450481192,3.14030042e+14,0.54070884,1.3644924,3.23739401,4.02330338,3.60901902,239,0,239,33.3766631,111.5,52,331.959551,0.0388322813
3838450481192,3.14030042e+14,0.54070884,1.3644924,4.02330338,5,4.48514402,256,0,256,51.5486576,168.25,66,637.157554,0.0388322813
3838450528854,1.23985586e+14,0.5418708,1.0035286,0.1,0.124275987,0.11147914,4,4,0,0.0172253899,0.0833333333,0,0.00389201396,0.0386335026
3838450528854,1.23985586e+14,0.5418708,1.0035286,0.124275987,0.15444521,0.138541802,3,2,1,0.0266037898,0.0833333333,0,0.00747026584,0.0386335026
3838450528854,1.23985586e+14,0.5418708,1.0035286,0.15444521,0.19193831,0.172174193,3,3,0,0.0410882791,0.333333333,0,0.014338302,0.0386335026
3838450528854,1.23985586e+14,0.5418708,1.0035286,0.19193831,0.23853323,0.213971178,4,4,0,0.0634588791,0.0833333333,0,0.0275206947,0.0386335026
3838450528854,1.23985586e+14,0.5418708,1.0035286,0.23853323,0.296439527,0.265914795,7,6,1,0.0980091995,0.333333333,0,0.0528227563,0.0386335026
3838450528854,1.23985586e+14,0.5418708,1.0035286,0.296439527,0.36840315,0.330468237,6,5,1,0.151370514,0.583333333,0,0.101387106,0.0386335026
3838450528854,1.23985586e+14,0.5418708,1.0035286,0.36840315,0.457836652,0.410692665,8,7,1,0.23378451,0.416666667,0,0.194600698,0.0386335026
3838450528854,1.23985586e+14,0.5418708,1.0035286,0.457836652,0.56898102,0.510392364,6,6,0,0.361068978,0.416666667,0,0.373513292,0.0386335026
3838450528854,1.23985586e+14,0.5418708,1.0035286,0.56898102,0.707106781,0.63429515,8,6,2,0.557653743,1.25,0,0.716915102,0.0386335026
3838450528854,1.23985586e+14,0.5418708,1.0035286,0.707106781,0.878763934,0.788276561,12,6,6,0.861269497,1.75,0,1.37603473,0.0386335026
3838450528854,1.23985586e+14,0.5418708,1.0035286,0.878763934,1.09209256,0.97963848,20,13,7,1.33018949,3.08333333,1,2.64113782,0.0386335026
3838450528854,1.23985586e+14,0.5418708,1.0035286,1.09209256,1.35720881,1.21745539,18,11,7,2.05441395,3,3,5.0693553,0.0386335026
3838450528854,1.23985586e+14,0.5418708,1.0035286,1.35720881,1.68668465,1.51300471,24,7,17,3.17294396,5.08333333,3,9.73003491,0.0386335026
3838450528854,1.23985586e+14,0.5418708,1.0035286,1.68668465,2.096144,1.88030155,46,5,41,4.90045997,7.83333333,7,18.6756646,0.0386335026
3838450528854,1.23985586e+14,0.5418708,1.0035286,2.096144,2.60500365,2.33676331,33,3,30,7.56852572,13.3333333,11,35.8457551,0.0386335026
3838450528854,1.23985586e+14,0.5418708,1.0035286,2.60500365,3.23739401,2.90403568,32,1,31,11.6892255,21,10,68.8017367,0.0386335026
3838450528854,1.23985586e+14,0.5418708,1.0035286,3.23739401,4.02330338,3.60901902,118,0,118,18.0534489,37.5833333,17,132.056891,0.0386335026
3838450528854,1.23985586e+14,0.5418708,1.0035286,4.02330338,5,4.48514402,105,0,105,27.8826872,63.5833333,17,253.467765,0.0386335026
3838450536175,1.29164509e+14,0.5468132,1.01458057,0.1,0.124275987,0.11147914,2,1,1,0.0176068894,0.333333333,0,0.00402202486,0.0385691613
3838450536175,1.29164509e+14,0.5468132,1.01458057,0.124275987,0.15444521,0.138541802,5,3,2,0.0271929974,0.333333333,0,0.00771980655,0.0385691613
3838450536175,1.29164509e+14,0.5468132,1.01458057,0.15444521,0.19193831,0.172174193,4,1,3,0.041998282,0.166666667,0,0.0148172663,0.0385691613
3838450536175,1.29164509e+14,0.5468132,1.01458057,0.19193831,0.23853323,0.213971178,5,4,1,0.0648643351,0.333333333,0,0.0284400105,0.0385691613
3838450536175,1.29164509e+14,0.5468132,1.01458057,0.23853323,0.296439527,0.265914795,7,7,0,0.100179859,0.583333333,0,0.0545872756,0.0385691613
3838450536175,1.29164509e+14,0.5468132,1.01458057,0.296439527,0.36840315,0.330468237,5,3,2,0.154722994,0.333333333,0,0.104773895,0.0385691613
3838450536175,1.29164509e+14,0.5468132,1.01458057,0.36840315,0.457836652,0.410692665,13,8,5,0.238962254,1.33333333,0,0.201101243,0.0385691613
3838450536175,1.29164509e+14,0.5468132,1.01458057,0.457836652,0.56898102,0.510392364,16,10,6,0.369065756,0.916666667,0,0.385990328,0.0385691613
3838450536175,1.29164509e+14,0.5468132,1.01458057,0.56898102,0.707106781,0.63429515,24,6,18,0.570004383,2.25,0,0.740863313,0.0385691613
3838450536175,1.29164509e+14,0.5468132,1.01458057,0.707106781,0.878763934,0.788276561,26,12,14,0.880344469,2.66666667,0,1.42200053,0.0385691613
3838450536175,1.29164509e+14,0.5468132,1.01458057,0.878763934,1.09209256,0.97963848,43,14,29,1.35964987,5.91666667,2,2.72936378,0.0385691613
3838450536175,1.29164509e+14,0.5468132,1.01458057,1.09209256,1.35720881,1.21745539,42,12,30,2.0999141,8.33333333,1,5.23869473,0.0385691613
3838450536175,1.29164509e+14,0.5468132,1.01458057,1.35720881,1.68668465,1.51300471,58,7,51,3.24321675,10.75,6,10.0550621,0.0385691613
3838450536175,1.29164509e+14,0.5468132,1.01458057,1.68668465,2.096144,1.88030155,97,16,81,5.00899294,20.6666667,6,19.2995164,0.0385691613
3838450536175,1.29164509e+14,0.5468132,1.01458057,2.096144,2.60500365,2.33676331,96,9,87,7.7361497,27.5833333,7,37.0431657,0.0385691613
3838450536175,1.29164509e+14,0.5468132,1.01458057,2.60500365,3.23739401,2.90403568,146,0,146,11.9481127,48.0833333,10,71.1000263,0.0385691613
3838450536175,1.29164509e+14,0.5468132,1.01458057,3.23739401,4.02330338,3.60901902,188,0,188,18.4532878,72.8333333,18,136.468189,0.0385691613
3838450536175,1.29164509e+14,0.5468132,1.01458057,4.02330338,5,4.48514402,288,0,288,28.5002192,119.333333,22,261.934736,0.0385691613
3838450598193,1.17493055e+14,0.5670125,0.982815,0.1,0.124275987,0.11147914,2,2,0,0.0165216382,0,0,0.00365595175,0.0384844483
3838450598193,1.17493055e+14,0.5670125,0.982815,0.124275987,0.15444521,0.138541802,3,3,0,0.0255168788,0.0833333333,0,0.00701717202,0.0384844483
3838450598193,1.17493055e+14,0.5670125,0.982815,0.15444521,0.19193831,0.172174193,6,6,0,0.0394095972,0.166666667,0,0.0134686414,0.0384844483
3838450598193,1.17493055e+14,0.5670125,0.982815,0.19193831,0.23853323,0.213971178,6,6,0,0.0608662354,0.0833333333,0,0.0258514828,0.0384844483
3838450598193,1.17493055e+14,0.5670125,0.982815,0.23853323,0.296439527,0.265914795,4,4,0,0.0940049853,0.25,0,0.0496188992,0.0384844483
3838450598193,1.17493055e+14,0.5670125,0.982815,0.296439527,0.36840315,0.330468237,2,1,1,0.145186197,0.25,0,0.0952376768,0.0384844483
3838450598193,1.17493055e+14,0.5670125,0.982815,0.36840315,0.457836652,0.410692665,11,11,0,0.224233128,0.5,0,0.182797588,0.0384844483
3838450598193,1.17493055e+14,0.5670125,0.982815,0.457836652,0.56898102,0.510392364,7,6,1,0.346317327,1.08333333,0,0.350858601,0.0384844483
3838450598193,1.17493055e+14,0.5670125,0.982815,0.56898102,0.707106781,0.63429515,9,9,0,0.534870525,1.66666667,0,0.673432071,0.0384844483
3838450598193,1.17493055e+14,0.5670125,0.982815,0.707106781,0.878763934,0.788276561,9,7,2,0.826081908,2.58333333,0,1.29257414,0.0384844483
3838450598193,1.17493055e+14,0.5670125,0.982815,0.878763934,1.09209256,0.97963848,9,7,2,1.27584394,3.91666667,1,2.48094496,0.0384844483
3838450598193,1.17493055e+14,0.5670125,0.982815,1.09209256,1.35720881,1.21745539,15,9,6,1.97047986,5.5,3,4.76188384,0.0384844483
3838450598193,1.17493055e+14,0.5670125,0.982815,1.35720881,1.68668465,1.51300471,19,9,10,3.04331177,8.91666667,3,9.13987939,0.0384844483
3838450598193,1.17493055e+14,0.5670125,0.982815,1.68668465,2.096144,1.88030155,25,10,15,4.70024927,13.25,5,17.5429301,0.0384844483
3838450598193,1.17493055e+14,0.5670125,0.982815,2.096144,2.60500365,2.33676331,17,1,16,7.25930987,19,5,33.6716035,0.0384844483
3838450598193,1.17493055e+14,0.5670125,0.982815,2.60500365,3.23739401,2.90403568,29,0,29,11.2116564,31,6,64.6287069,0.0384844483
3838450598193,1.17493055e+14,0.5670125,0.982815,3.23739401,4.02330338,3.60901902,20,0,20,17.3158663,45.25,10,124.047248,0.0384844483
3838450598193,1.17493055e+14,0.5670125,0.982815,4.02330338,5,4.48514402,65,0,65,26.7435262,74.6666667,19,238.094192,0.0384844483
3838450601399,2.54926039e+14,0.56841046,1.2723685,0.1,0.124275987,0.11147914,4,3,1,0.0276907916,0.0833333333,0,0.00793275157,0.038321022
3838450601399,2.54926039e+14,0.56841046,1.2723685,0.124275987,0.15444521,0.138541802,7,7,0,0.0427671014,0,0,0.0152259893,0.038321022
3838450601399,2.54926039e+14,0.56841046,1.2723685,0.15444521,0.19193831,0.172174193,2,2,0,0.0660517398,0.0833333333,0,0.0292245066,0.038321022
3838450601399,2.54926039e+14,0.56841046,1.2723685,0.19193831,0.23853323,0.213971178,11,8,3,0.102013749,0,0,0.0560930243,0.038321022
3838450601399,2.54926039e+14,0.56841046,1.2723685,0.23853323,0.296439527,0.265914795,14,12,2,0.157555349,0.333333333,0,0.107664003,0.038321022
3838450601399,2.54926039e+14,0.56841046,1.2723685,0.296439527,0.36840315,0.330468237,8,8,0,0.24333669,0.416666667,0,0.206648468,0.038321022
3838450601399,2.54926039e+14,0.56841046,1.2723685,0.36840315,0.457836652,0.410692665,15,10,5,0.375821863,0.916666667,0,0.396637578,0.038321022
3838450601399,2.54926039e+14,0.56841046,1.2723685,0.457836652,0.56898102,0.510392364,20,11,9,0.580438867,0.916666667,0,0.761299466,0.038321022
3838450601399,2.54926039e+14,0.56841046,1.2723685,0.56898102,0.707106781,0.63429515,29,17,12,0.89646003,2.58333333,0,1.46122533,0.038321022
3838450601399,2.54926039e+14,0.56841046,1.2723685,0.707106781,0.878763934,0.788276561,32,15,17,1.38453958,3.5,0,2.80465121,0.038321022
3838450601399,2.54926039e+14,0.56841046,1.2723685,0.878763934,1.09209256,0.97963848,58,21,37,2.13835507,5,2,5.38320015,0.038321022
3838450601399,2.54926039e+14,0.56841046,1.2723685,1.09209256,1.35720881,1.21745539,87,15,72,3.30258699,9.58333333,14,10.3324234,0.038321022
3838450601399,2.54926039e+14,0.56841046,1.2723685,1.35720881,1.68668465,1.51300471,95,27,68,5.10068743,13,8,19.8318789,0.038321022
3838450601399,2.54926039e+14,0.56841046,1.2723685,1.68668465,2.096144,1.88030155,84,12,72,7.87776743,16.8333333,6,38.0649733,0.038321022
3838450601399,2.54926039e+14,0.56841046,1.2723685,2.096144,2.60500365,2.33676331,86,11,75,12.1668345,30,12,73.0612666,0.038321022
3838450601399,2.54926039e+14,0.56841046,1.2723685,2.60500365,3.23739401,2.90403568,90,1,89,18.7910931,52.1666667,17,140.232561,0.038321022
3838450601399,2.54926039e+14,0.56841046,1.2723685,3.23739401,4.02330338,3.60901902,123,0,123,29.0219434,82.9166667,39,269.160008,0.038321022
3838450601399,2.54926039e+14,0.56841046,1.2723685,4.02330338,5,4.48514402,212,0,212,44.8230015,122.416667,44,516.621171,0.038321022
3838450602040,2.817917e+14,0.56976247,1.3156676,0.1,0.124275987,0.11147914,3,3,0,0.029607512,0,0,0.00877048614,0.0382424231
3838450602040,2.817917e+14,0.56976247,1.3156676,0.124275987,0.15444521,0.138541802,8,7,1,0.0457273842,0.0833333333,0,0.0168339229,0.0382424231
3838450602040,2.817917e+14,0.56976247,1.3156676,0.15444521,0.19193831,0.172174193,9,7,2,0.0706237547,0.25,0,0.0323107472,0.0382424231
3838450602040,2.817917e+14,0.56976247,1.3156676,0.19193831,0.23853323,0.213971178,6,6,0,0.109075007,0.25,0,0.0620167023,0.0382424231
3838450602040,2.817917e+14,0.56976247,1.3156676,0.23853323,0.296439527,0.265914795,14,11,3,0.168461124,0.333333333,0,0.11903381,0.0382424231
3838450602040,2.817917e+14,0.56976247,1.3156676,0.296439527,0.36840315,0.330468237,13,10,3,0.260180137,0.5,0,0.228471485,0.0382424231
3838450602040,2.817917e+14,0.56976247,1.3156676,0.36840315,0.457836652,0.410692665,20,15,5,0.40183576,0.75,0,0.438524307,0.0382424231
3838450602040,2.817917e+14,0.56976247,1.3156676,0.457836652,0.56898102,0.510392364,24,22,2,0.620616086,1.75,0,0.841696146,0.0382424231
3838450602040,2.817917e+14,0.56976247,1.3156676,0.56898102,0.707106781,0.63429515,30,17,13,0.95851182,1.66666667,0,1.61553736,0.0382424231
3838450602040,2.817917e+14,0.56976247,1.3156676,0.707106781,0.878763934,0.788276561,40,20,20,1.4803756,4.83333333,0,3.10083511,0.0382424231
3838450602040,2.817917e+14,0.56976247,1.3156676,0.878763934,1.09209256,0.97963848,64,21,43,2.28636921,5.75,2,5.95169052,0.0382424231
3838450602040,2.817917e+14,0.56976247,1.3156676,1.09209256,1.35720881,1.21745539,92,23,69,3.53118774,10.75,7,11.4235742,0.0382424231
3838450602040,2.817917e+14,0.56976247,1.3156676,1.35720881,1.68668465,1.51300471,94,31,63,5.45375033,18.3333333,7,21.9262154,0.0382424231
3838450602040,2.817917e+14,0.56976247,1.3156676,1.68668465,2.096144,1.88030155,88,18,70,8.42305618,26.5833333,12,42.0848073,0.0382424231
3838450602040,2.817917e+14,0.56976247,1.3156676,2.096144,2.60500365,2.33676331,85,16,69,13.0090069,40.1666667,13,80.776868,0.0382424231
3838450602040,2.817917e+14,0.56976247,1.3156676,2.60500365,3.23739401,2.90403568,79,0,79,20.091788,50.3333333,20,155.041756,0.0382424231
3838450602040,2.817917e+14,0.56976247,1.3156676,3.23739401,4.02330338,3.60901902,94,0,94,31.0308043,85.0833333,34,297.584526,0.0382424231
3838450602040,2.817917e+14,0.56976247,1.3156676,4.02330338,5,4.48514402,139,0,139,47.925591,134.5,57,571.178711,0.0382424231
3838450660680,4.65822216e+14,0.57056147,1.5554778,0.1,0.124275987,0.11147914,4,4,0,0.04138445,0,0,0.0144936103,0.038279421
3838450660680,4.65822216e+14,0.57056147,1.5554778,0.124275987,0.15444521,0.138541802,11,11,0,0.063916301,0.166666667,0,0.0278187907,0.038279421
3838450660680,4.65822216e+14,0.57056147,1.5554778,0.15444521,0.19193831,0.172174193,15,15,0,0.0987156656,0.166666667,0,0.0533949167,0.038279421
3838450660680,4.65822216e+14,0.57056147,1.5554778,0.19193831,0.23853323,0.213971178,10,10,0,0.152461618,0.583333333,0,0.102485301,0.038279421
3838450660680,4.65822216e+14,0.57056147,1.5554778,0.23853323,0.296439527,0.265914795,12,12,0,0.235469666,0.666666667,0,0.196708555,0.038279421
3838450660680,4.65822216e+14,0.57056147,1.5554778,0.296439527,0.36840315,0.330468237,19,19,0,0.363671621,1.08333333,0,0.377559077,0.038279421
3838450660680,4.65822216e+14,0.57056147,1.5554778,0.36840315,0.457836652,0.410692665,20,18,2,0.561673401,2,0,0.724680513,0.038279421
3838450660680,4.65822216e+14,0.57056147,1.5554778,0.457836652,0.56898102,0.510392364,24,24,0,0.867477667,2.16666667,0,1.39093953,0.038279421
3838450660680,4.65822216e+14,0.57056147,1.5554778,0.56898102,0.707106781,0.63429515,35,33,2,1.33977771,3.91666667,0,2.66974584,0.038279421
3838450660680,4.65822216e+14,0.57056147,1.5554778,0.707106781,0.878763934,0.788276561,58,46,12,2.0692225,7.08333333,0,5.12426505,0.038279421
3838450660680,4.65822216e+14,0.57056147,1.5554778,0.878763934,1.09209256,0.97963848,48,35,13,3.19581505,5.75,5,9.83542776,0.038279421
3838450660680,4.65822216e+14,0.57056147,1.5554778,1.09209256,1.35720881,1.21745539,53,38,15,4.93578328,10.0833333,10,18.8779539,0.038279421
3838450660680,4.65822216e+14,0.57056147,1.5554778,1.35720881,1.68668465,1.51300471,83,33,50,7.62308088,16.8333333,11,36.2340257,0.038279421
3838450660680,4.65822216e+14,0.57056147,1.5554778,1.68668465,2.096144,1.88030155,103,26,77,11.7734833,29.9166667,14,69.5469766,0.038279421
3838450660680,4.65822216e+14,0.57056147,1.5554778,2.096144,2.60500365,2.33676331,127,10,117,18.1835811,36.9166667,27,133.487292,0.038279421
3838450660680,4.65822216e+14,0.57056147,1.5554778,2.60500365,3.23739401,2.90403568,289,1,288,28.0836701,62.75,38,256.213253,0.038279421
3838450660680,4.65822216e+14,0.57056147,1.5554778,3.23739401,4.02330338,3.60901902,347,0,347,43.3738833,109.833333,67,491.771388,0.038279421
3838450660680,4.65822216e+14,0.57056147,1.5554778,4.02330338,5,4.48514402,414,0,414,66.9888854,183,96,943.897693,0.038279421
3838450665722,1.11523707e+14,0.5819721,0.9668502,0.1,0.124275987,0.11147914,2,1,1,0.0159892442,0.166666667,0,0.00348066881,0.0385531816
3838450665722,1.11523707e+14,0.5819721,0.9668502,0.124275987,0.15444521,0.138541802,1,1,0,0.0246946219,0.25,0,0.0066807369,0.0385531816
3838450665722,1.11523707e+14,0.5819721,0.9668502,0.15444521,0.19193831,0.172174193,4,4,0,0.0381396608,0.25,0,0.0128228935,0.0385531816
3838450665722,1.11523707e+14,0.5819721,0.9668502,0.19193831,0.23853323,0.213971178,7,7,0,0.0589048794,0.333333333,0,0.0246120452,0.0385531816
3838450665722,1.11523707e+14,0.5819721,0.9668502,0.23853323,0.296439527,0.265914795,7,5,2,0.090975765,0.583333333,0,0.0472399437,0.0385531816
3838450665722,1.11523707e+14,0.5819721,0.9668502,0.296439527,0.36840315,0.330468237,6,6,0,0.140507712,1.41666667,0,0.0906715497,0.0385531816
3838450665722,1.11523707e+14,0.5819721,0.9668502,0.36840315,0.457836652,0.410692665,12,6,6,0.217007431,1.33333333,0,0.17403344,0.0385531816
3838450665722,1.11523707e+14,0.5819721,0.9668502,0.457836652,0.56898102,0.510392364,7,4,3,0.335157584,1.91666667,0,0.334036845,0.0385531816
3838450665722,1.11523707e+14,0.5819721,0.9668502,0.56898102,0.707106781,0.63429515,9,7,2,0.517634836,2.83333333,0,0.641144677,0.0385531816
3838450665722,1.11523707e+14,0.5819721,0.9668502,0.707106781,0.878763934,0.788276561,17,8,9,0.799462212,3.5,0,1.23060226,0.0385531816
3838450665722,1.11523707e+14,0.5819721,0.9668502,0.878763934,1.09209256,0.97963848,27,10,17,1.2347311,5.91666667,2,2.36199718,0.0385531816
3838450665722,1.11523707e+14,0.5819721,0.9668502,1.09209256,1.35720881,1.21745539,40,7,33,1.90698304,8.16666667,5,4.53357749,0.0385531816
3838450665722,1.11523707e+14,0.5819721,0.9668502,1.35720881,1.68668465,1.51300471,68,16,52,2.94524397,13.8333333,5,8.70167202,0.0385531816
3838450665722,1.11523707e+14,0.5819721,0.9668502,1.68668465,2.096144,1.88030155,98,8,90,4.54878825,17.3333333,8,16.7018423,0.0385531816
3838450665722,1.11523707e+14,0.5819721,0.9668502,2.096144,2.60500365,2.33676331,115,2,113,7.02538559,23.75,5,32.0572338,0.0385531816
3838450665722,1.11523707e+14,0.5819721,0.9668502,2.60500365,3.23739401,2.90403568,189,0,189,10.8503716,42.1666667,22,61.530113,0.0385531816
3838450665722,1.11523707e+14,0.5819721,0.9668502,3.23739401,4.02330338,3.60901902,160,0,160,16.7578792,64.1666667,22,118.099859,0.0385531816
3838450665722,1.11523707e+14,0.5819721,0.9668502,4.02330338,5,4.48514402,141,0,141,25.8817418,91.4166667,30,226.678874,0.0385531816
3838450665730,1.86568018e+14,0.582032,1.1474379,0.1,0.124275987,0.11147914,5,5,0,0.0225199766,0.0833333333,0,0.00581798636,0.0385591623
3838450665730,1.86568018e+14,0.582032,1.1474379,0.124275987,0.15444521,0.138541802,0,0,0,0.0347810253,0,0,0.0111669447,0.0385591623
3838450665730,1.86568018e+14,0.582032,1.1474379,0.15444521,0.19193831,0.172174193,2,2,0,0.0537176277,0.166666667,0,0.021433645,0.0385591623
3838450665730,1.86568018e+14,0.582032,1.1474379,0.19193831,0.23853323,0.213971178,5,5,0,0.0829643032,0,0,0.0411393761,0.0385591623
3838450665730,1.86568018e+14,0.582032,1.1474379,0.23853323,0.296439527,0.265914795,11,10,1,0.128134393,0.166666667,0,0.0789622234,0.0385591623
3838450665730,1.86568018e+14,0.582032,1.1474379,0.296439527,0.36840315,0.330468237,11,8,3,0.197897432,0.833333333,0,0.151558757,0.0385591623
3838450665730,1.86568018e+14,0.582032,1.1474379,0.36840315,0.457836652,0.410692665,11,8,3,0.305643106,0.833333333,0,0.290899318,0.0385591623
3838450665730,1.86568018e+14,0.582032,1.1474379,0.457836652,0.56898102,0.510392364,19,11,8,0.472051139,1.25,0,0.558347236,0.0385591623
3838450665730,1.86568018e+14,0.582032,1.1474379,0.56898102,0.707106781,0.63429515,23,17,6,0.729060375,1.33333333,0,1.07168225,0.0385591623
3838450665730,1.86568018e+14,0.582032,1.1474379,0.707106781,0.878763934,0.788276561,39,15,24,1.12599883,3.5,0,2.05696881,0.0385591623
3838450665730,1.86568018e+14,0.582032,1.1474379,0.878763934,1.09209256,0.97963848,48,15,33,1.73905126,3.25,2,3.94811117,0.0385591623
3838450665730,1.86568018e+14,0.582032,1.1474379,1.09209256,1.35720881,1.21745539,47,15,32,2.68588138,5.58333333,3,7.57793787,0.0385591623
3838450665730,1.86568018e+14,0.582032,1.1474379,1.35720881,1.68668465,1.51300471,69,19,50,4.14821516,8.75,6,14.5449659,0.0385591623
3838450665730,1.86568018e+14,0.582032,1.1474379,1.68668465,2.096144,1.88030155,87,10,77,6.40671963,10.5833333,12,27.9173618,0.0385591623
3838450665730,1.86568018e+14,0.582032,1.1474379,2.096144,2.60500365,2.33676331,99,7,92,9.89487162,17.9166667,19,53.5841126,0.0385591623
3838450665730,1.86568018e+14,0.582032,1.1474379,2.60500365,3.23739401,2.90403568,165,0,165,15.2821553,30,29,102.84844,0.0385591623
3838450665730,1.86568018e+14,0.582032,1.1474379,3.23739401,4.02330338,3.60901902,156,0,156,23.6025569,46.8333333,41,197.405559,0.0385591623
3838450665730,1.86568018e+14,0.582032,1.1474379,4.02330338,5,4.48514402,231,0,231,36.4530187,79.3333333,44,378.896894,0.0385591623
3838450852662,1.67462742e+14,0.5832003,1.1071903,0.1,0.124275987,0.11147914,3,3,0,0.0209678595,0,0,0.00522699331,0.0385393591
3838450852662,1.67462742e+14,0.5832003,1.1071903,0.124275987,0.15444521,0.138541802,7,7,0,0.0323838548,0.166666667,0,0.0100326026,0.0385393591
3838450852662,1.67462742e+14,0.5832003,1.1071903,0.15444521,0.19193831,0.172174193,5,5,0,0.0500153127,0.166666667,0,0.019256408,0.0385393591
3838450852662,1.67462742e+14,0.5832003,1.1071903,0.19193831,0.23853323,0.213971178,5,5,0,0.077246255,0.25,0,0.0369604242,0.0385393591
3838450852662,1.67462742e+14,0.5832003,1.1071903,0.23853323,0.296439527,0.265914795,8,8,0,0.119303141,0.166666667,0,0.0709412136,0.0385393591
3838450852662,1.67462742e+14,0.5832003,1.1071903,0.296439527,0.36840315,0.330468237,14,13,1,0.184257987,0.5,0,0.136163367,0.0385393591
3838450852662,1.67462742e+14,0.5832003,1.1071903,0.36840315,0.457836652,0.410692665,9,9,0,0.284577636,0.583333333,0,0.261349666,0.0385393591
3838450852662,1.67462742e+14,0.5832003,1.1071903,0.457836652,0.56898102,0.510392364,12,9,3,0.43951653,0.833333333,0,0.501630132,0.0385393591
3838450852662,1.67462742e+14,0.5832003,1.1071903,0.56898102,0.707106781,0.63429515,21,11,10,0.678812229,1.75,0,0.9628204,0.0385393591
3838450852662,1.67462742e+14,0.5832003,1.1071903,0.707106781,0.878763934,0.788276561,29,13,16,1.04839298,3.5,0,1.84802121,0.0385393591
3838450852662,1.67462742e+14,0.5832003,1.1071903,0.878763934,1.09209256,0.97963848,28,10,18,1.61919274,5.16666667,1,3.54706068,0.0385393591
3838450852662,1.67462742e+14,0.5832003,1.1071903,1.09209256,1.35720881,1.21745539,22,11,11,2.50076563,7.91666667,7,6.80816834,0.0385393591
3838450852662,1.67462742e+14,0.5832003,1.1071903,1.35720881,1.68668465,1.51300471,35,11,24,3.86231275,12.9166667,5,13.0674833,0.0385393591
3838450852662,1.67462742e+14,0.5832003,1.1071903,1.68668465,2.096144,1.88030155,42,13,29,5.96515705,16.4166667,5,25.0815066,0.0385393591
3838450852662,1.67462742e+14,0.5832003,1.1071903,2.096144,2.60500365,2.33676331,39,5,34,9.21289937,17.6666667,7,48.14102,0.0385393591
3838450852662,1.67462742e+14,0.5832003,1.1071903,2.60500365,3.23739401,2.90403568,61,0,61,14.2288818,36.0833333,9,92.4010604,0.0385393591
3838450852662,1.67462742e+14,0.5832003,1.1071903,3.23739401,4.02330338,3.60901902,82,0,82,21.9758265,55.25,26,177.353034,0.0385393591
3838450852662,1.67462742e+14,0.5832003,1.1071903,4.02330338,5,4.48514402,118,0,118,33.9406115,79.8333333,36,340.408417,0.0385393591
3838450899108,2.93284558e+14,0.5954855,1.3395745,0.1,0.124275987,0.11147914,0,0,0,0.0306932797,0.25,0,0.00925732994,0.0382667466
3838450899108,2.93284558e+14,0.5954855,1.3395745,0.124275987,0.15444521,0.138541802,3,3,0,0.0474043005,0.0833333333,0,0.0177683627,0.0382667466
3838450899108,2.93284558e+14,0.5954855,1.3395745,0.15444521,0.19193831,0.172174193,6,6,0,0.0732136717,0.25,0,0.0341042951,0.0382667466
3838450899108,2.93284558e+14,0.5954855,1.3395745,0.19193831,0.23853323,0.213971178,11,11,0,0.113075009,0.5,0,0.0654592078,0.0382667466
3838450899108,2.93284558e+14,0.5954855,1.3395745,0.23853323,0.296439527,0.265914795,7,7,0,0.174638936,0.666666667,0,0.125641297,0.0382667466
3838450899108,2.93284558e+14,0.5954855,1.3395745,0.296439527,0.36840315,0.330468237,15,10,5,0.269721473,0.666666667,0,0.241153783,0.0382667466
3838450899108,2.93284558e+14,0.5954855,1.3395745,0.36840315,0.457836652,0.410692665,15,14,1,0.416571896,1.41666667,0,0.462866497,0.0382667466
3838450899108,2.93284558e+14,0.5954855,1.3395745,0.457836652,0.56898102,0.510392364,23,17,6,0.643375342,1.41666667,0,0.888418134,0.0382667466
3838450899108,2.93284558e+14,0.5954855,1.3395745,0.56898102,0.707106781,0.63429515,36,27,9,0.993662401,2.58333333,0,1.70521475,0.0382667466
3838450899108,2.93284558e+14,0.5954855,1.3395745,0.707106781,0.878763934,0.788276561,34,23,11,1.53466399,4.75,0,3.27296039,0.0382667466
3838450899108,2.93284558e+14,0.5954855,1.3395745,0.878763934,1.09209256,0.97963848,46,31,15,2.37021502,7.75,3,6.28206487,0.0382667466
3838450899108,2.93284558e+14,0.5954855,1.3395745,1.09209256,1.35720881,1.21745539,60,33,27,3.66068358,11.5,8,12.0576892,0.0382667466
3838450899108,2.93284558e+14,0.5954855,1.3395745,1.35720881,1.68668465,1.51300471,71,34,37,5.65375047,16.0833333,4,23.1433248,0.0382667466
3838450899108,2.93284558e+14,0.5954855,1.3395745,1.68668465,2.096144,1.88030155,53,10,43,8.73194681,22.25,12,44.4209067,0.0382667466
3838450899108,2.93284558e+14,0.5954855,1.3395745,2.096144,2.60500365,2.33676331,85,3,82,13.4860736,35.3333333,19,85.2607377,0.0382667466
3838450899108,2.93284558e+14,0.5954855,1.3395745,2.60500365,3.23739401,2.90403568,101,0,101,20.8285948,56.8333333,36,163.648019,0.0382667466
3838450899108,2.93284558e+14,0.5954855,1.3395745,3.23739401,4.02330338,3.60901902,163,0,163,32.1687671,80,48,314.103243,0.0382667466
3838450899108,2.93284558e+14,0.5954855,1.3395745,4.02330338,5,4.48514402,213,0,213,49.68312,117.75,53,602.884458,0.0382667466
3838450900161,1.86568447e+14,0.5973559,1.149239,0.1,0.124275987,0.11147914,3,3,0,0.02259073,0.166666667,0,0.00584542637,0.0384714648
3838450900161,1.86568447e+14,0.5973559,1.149239,0.124275987,0.15444521,0.138541802,4,4,0,0.0348903005,0.166666667,0,0.0112196126,0.0384714648
3838450900161,1.86568447e+14,0.5973559,1.149239,0.15444521,0.19193831,0.172174193,5,4,1,0.0538863981,0.166666667,0,0.0215347349,0.0384714648
3838450900161,1.86568447e+14,0.5973559,1.149239,0.19193831,0.23853323,0.213971178,8,8,0,0.0832249609,0.25,0,0.0413334062,0.0384714648
3838450900161,1.86568447e+14,0.5973559,1.149239,0.23853323,0.296439527,0.265914795,12,11,1,0.128536966,0.25,0,0.0793346415,0.0384714648
3838450900161,1.86568447e+14,0.5973559,1.149239,0.296439527,0.36840315,0.330468237,8,7,1,0.198519188,0.583333333,0,0.15227357,0.0384714648
3838450900161,1.86568447e+14,0.5973559,1.149239,0.36840315,0.457836652,0.410692665,12,10,2,0.306603377,0.5,0,0.292271318,0.0384714648
3838450900161,1.86568447e+14,0.5973559,1.149239,0.457836652,0.56898102,0.510392364,14,10,4,0.473534232,1.16666667,0,0.56098063,0.0384714648
3838450900161,1.86568447e+14,0.5973559,1.149239,0.56898102,0.707106781,0.63429515,18,13,5,0.731350941,1.75,0,1.07673674,0.0384714648
3838450900161,1.86568447e+14,0.5973559,1.149239,0.707106781,0.878763934,0.788276561,28,16,12,1.1295365,3,0,2.06667031,0.0384714648
3838450900161,1.86568447e+14,0.5973559,1.149239,0.878763934,1.09209256,0.97963848,49,16,33,1.74451503,5,2,3.96673208,0.0384714648
3838450900161,1.86568447e+14,0.5973559,1.149239,1.09209256,1.35720881,1.21745539,37,15,22,2.6943199,5.83333333,3,7.61367852,0.0384714648
3838450900161,1.86568447e+14,0.5973559,1.149239,1.35720881,1.68668465,1.51300471,53,14,39,4.16124805,11.1666667,3,14.6135659,0.0384714648
3838450900161,1.86568447e+14,0.5973559,1.149239,1.68668465,2.096144,1.88030155,77,9,68,6.4268483,11.1666667,5,28.0490315,0.0384714648
3838450900161,1.86568447e+14,0.5973559,1.149239,2.096144,2.60500365,2.33676331,98,2,96,9.92595939,20.25,16,53.8368371,0.0384714648
3838450900161,1.86568447e+14,0.5973559,1.149239,2.60500365,3.23739401,2.90403568,152,1,151,15.3301689,35.1666667,22,103.333516,0.0384714648
3838450900161,1.86568447e+14,0.5973559,1.149239,3.23739401,4.02330338,3.60901902,180,0,180,23.6767116,50.5833333,27,198.336604,0.0384714648
3838450900161,1.86568447e+14,0.5973559,1.149239,4.02330338,5,4.48514402,212,0,212,36.567547,67.6666667,37,380.683926,0.0384714648
3838460739450,2.30000721e+14,0.603722,1.2399016,0.1,0.124275987,0.11147914,2,2,0,0.0262956551,0.166666667,0,0.00734085742,0.0385905723
3838460739450,2.30000721e+14,0.603722,1.2399016,0.124275987,0.15444521,0.138541802,6,6,0,0.0406123799,0.166666667,0,0.0140899177,0.0385905723
3838460739450,2.30000721e+14,0.603722,1.2399016,0.15444521,0.19193831,0.172174193,7,7,0,0.0627238756,0.0833333333,0,0.0270439499,0.0385905723
3838460739450,2.30000721e+14,0.603722,1.2399016,0.19193831,0.23853323,0.213971178,6,4,2,0.0968740217,0.166666667,0,0.0519077006,0.0385905723
3838460739450,2.30000721e+14,0.603722,1.2399016,0.23853323,0.296439527,0.265914795,8,8,0,0.149617287,0.416666667,0,0.0996307634,0.0385905723
3838460739450,2.30000721e+14,0.603722,1.2399016,0.296439527,0.36840315,0.330468237,10,10,0,0.231076733,0.583333333,0,0.191229604,0.0385905723
3838460739450,2.30000721e+14,0.603722,1.2399016,0.36840315,0.457836652,0.410692665,10,9,1,0.356886947,0.833333333,0,0.367042871,0.0385905723
3838460739450,2.30000721e+14,0.603722,1.2399016,0.457836652,0.56898102,0.510392364,19,16,3,0.551194797,1.33333333,0,0.704495884,0.0385905723
3838460739450,2.30000721e+14,0.603722,1.2399016,0.56898102,0.707106781,0.63429515,27,17,10,0.851293964,1.5,0,1.3521975,0.0385905723
3838460739450,2.30000721e+14,0.603722,1.2399016,0.707106781,0.878763934,0.788276561,31,16,15,1.31478275,3.25,0,2.59538503,0.0385905723
3838460739450,2.30000721e+14,0.603722,1.2399016,0.878763934,1.09209256,0.97963848,42,14,28,2.03061899,2.66666667,3,4.98153817,0.0385905723
3838460739450,2.30000721e+14,0.603722,1.2399016,1.09209256,1.35720881,1.21745539,73,17,56,3.13619378,5.33333333,9,9.5614802,0.0385905723
3838460739450,2.30000721e+14,0.603722,1.2399016,1.35720881,1.68668465,1.51300471,66,12,54,4.84370108,8.91666667,10,18.3521435,0.0385905723
3838460739450,2.30000721e+14,0.603722,1.2399016,1.68668465,2.096144,1.88030155,75,15,60,7.48086433,12.75,14,35.2247942,0.0385905723
3838460739450,2.30000721e+14,0.603722,1.2399016,2.096144,2.60500365,2.33676331,115,10,105,11.5538367,18.3333333,11,67.6098749,0.0385905723
3838460739450,2.30000721e+14,0.603722,1.2399016,2.60500365,3.23739401,2.90403568,164,1,163,17.8443474,32.5,25,129.769251,0.0385905723
3838460739450,2.30000721e+14,0.603722,1.2399016,3.23739401,4.02330338,3.60901902,187,0,187,27.5597398,51.4166667,39,249.076909,0.0385905723
3838460739450,2.30000721e+14,0.603722,1.2399016,4.02330338,5,4.48514402,173,0,173,42.5646982,92.5833333,39,478.07401,0.0385905723
3937440231864,1.32582803e+14,0.49639857,1.0174495,0.1,0.124275987,0.11147914,2,2,0,0.0177066042,0,0,0.00405624067,0.0409119116
3937440231864,1.32582803e+14,0.49639857,1.0174495,0.124275987,0.15444521,0.138541802,1,1,0,0.0273470021,0.25,0,0.00778547981,0.0409119116
3937440231864,1.32582803e+14,0.49639857,1.0174495,0.15444521,0.19193831,0.172174193,3,2,1,0.042236135,0.25,0,0.0149433184,0.0409119116
3937440231864,1.32582803e+14,0.49639857,1.0174495,0.19193831,0.23853323,0.213971178,7,4,3,0.0652316876,0.333333333,0,0.0286819529,0.0409119116
3937440231864,1.32582803e+14,0.49639857,1.0174495,0.23853323,0.296439527,0.265914795,6,4,2,0.100747217,0.5,0,0.0550516557,0.0409119116
3937440231864,1.32582803e+14,0.49639857,1.0174495,0.296439527,0.36840315,0.330468237,13,10,3,0.155599252,0.666666667,0,0.105665218,0.0409119116
3937440231864,1.32582803e+14,0.49639857,1.0174495,0.36840315,0.457836652,0.410692665,20,11,9,0.240315592,0.833333333,0,0.202812034,0.0409119116
3937440231864,1.32582803e+14,0.49639857,1.0174495,0.457836652,0.56898102,0.510392364,22,8,14,0.371155922,2,0,0.389273991,0.0409119116
3937440231864,1.32582803e+14,0.49639857,1.0174495,0.56898102,0.707106781,0.63429515,32,14,18,0.573232544,2.16666667,0,0.74716592,0.0409119116
3937440231864,1.32582803e+14,0.49639857,1.0174495,0.707106781,0.878763934,0.788276561,39,12,27,0.88533021,5,0,1.43409764,0.0409119116
3937440231864,1.32582803e+14,0.49639857,1.0174495,0.878763934,1.09209256,0.97963848,57,13,44,1.36735011,6.33333333,4,2.75258278,0.0409119116
3937440231864,1.32582803e+14,0.49639857,1.0174495,1.09209256,1.35720881,1.21745539,47,9,38,2.11180675,8.08333333,4,5.28326089,0.0409119116
3937440231864,1.32582803e+14,0.49639857,1.0174495,1.35720881,1.68668465,1.51300471,52,9,43,3.26158438,13.75,8,10.1406017,0.0409119116
3937440231864,1.32582803e+14,0.49639857,1.0174495,1.68668465,2.096144,1.88030155,51,8,43,5.03736086,21.25,7,19.4636995,0.0409119116
3937440231864,1.32582803e+14,0.49639857,1.0174495,2.096144,2.60500365,2.33676331,62,6,56,7.77996258,26.3333333,13,37.358296,0.0409119116
3937440231864,1.32582803e+14,0.49639857,1.0174495,2.60500365,3.23739401,2.90403568,89,2,87,12.0157796,38.5833333,13,71.7048821,0.0409119116
3937440231864,1.32582803e+14,0.49639857,1.0174495,3.23739401,4.02330338,3.60901902,106,0,106,18.5577961,57.9166667,27,137.629139,0.0409119116
3937440231864,1.32582803e+14,0.49639857,1.0174495,4.02330338,5,4.48514402,122,0,122,28.6616272,88.5,34,264.163044,0.0409119116
3938440011242,1.12910985e+14,0.49479198,0.96652515,0.1,0.124275987,0.11147914,1,1,0,0.0159784951,0,0,0.00347715944,0.0412215305
3938440011242,1.12910985e+14,0.49479198,0.96652515,0.124275987,0.15444521,0.138541802,3,2,1,0.0246780203,0.0833333333,0,0.00667400108,0.0412215305
3938440011242,1.12910985e+14,0.49479198,0.96652515,0.15444521,0.19193831,0.172174193,4,4,0,0.0381140204,0.0833333333,0,0.0128099649,0.0412215305
3938440011242,1.12910985e+14,0.49479198,0.96652515,0.19193831,0.23853323,0.213971178,8,4,4,0.0588652791,0.333333333,0,0.0245872302,0.0412215305
3938440011242,1.12910985e+14,0.49479198,0.96652515,0.23853323,0.296439527,0.265914795,6,5,1,0.0909146042,0.25,0,0.0471923142,0.0412215305
3938440011242,1.12910985e+14,0.49479198,0.96652515,0.296439527,0.36840315,0.330468237,11,5,6,0.140413252,0.166666667,0,0.0905801305,0.0412215305
3938440011242,1.12910985e+14,0.49479198,0.96652515,0.36840315,0.457836652,0.410692665,6,5,1,0.216861542,0.25,0,0.173857972,0.0412215305
3938440011242,1.12910985e+14,0.49479198,0.96652515,0.457836652,0.56898102,0.510392364,17,8,9,0.334932265,0.916666667,0,0.333700054,0.0412215305
3938440011242,1.12910985e+14,0.49479198,0.96652515,0.56898102,0.707106781,0.63429515,21,11,10,0.517286842,1.33333333,0,0.640498245,0.0412215305
3938440011242,1.12910985e+14,0.49479198,0.96652515,0.707106781,0.878763934,0.788276561,19,8,11,0.798924753,1.41666667,0,1.22936151,0.0412215305
3938440011242,1.12910985e+14,0.49479198,0.96652515,0.878763934,1.09209256,0.97963848,29,10,19,1.23390102,4.33333333,1,2.35961571,0.0412215305
3938440011242,1.12910985e+14,0.49479198,0.96652515,1.09209256,1.35720881,1.21745539,50,8,42,1.90570102,5,12,4.52900653,0.0412215305
3938440011242,1.12910985e+14,0.49479198,0.96652515,1.35720881,1.68668465,1.51300471,47,10,37,2.94326395,8.58333333,9,8.6928986,0.0412215305
3938440011242,1.12910985e+14,0.49479198,0.96652515,1.68668465,2.096144,1.88030155,65,13,52,4.54573021,9.66666667,9,16.6850027,0.0412215305
3938440011242,1.12910985e+14,0.49479198,0.96652515,2.096144,2.60500365,2.33676331,49,5,44,7.02066259,13.25,4,32.0249123,0.0412215305
3938440011242,1.12910985e+14,0.49479198,0.96652515,2.60500365,3.23739401,2.90403568,60,1,59,10.8430771,26.6666667,18,61.4680755,0.0412215305
3938440011242,1.12910985e+14,0.49479198,0.96652515,3.23739401,4.02330338,3.60901902,92,0,92,16.7466133,42.5833333,30,117.980786,0.0412215305
3938440011242,1.12910985e+14,0.49479198,0.96652515,4.02330338,5,4.48514402,181,0,181,25.8643421,70,27,226.450326,0.0412215305
3938440071675,1.2462759e+14,0.50689864,0.998598,0.1,0.124275987,0.11147914,1,1,0,0.01705654,0.0833333333,0,0.0038349279,0.0403019047
3938440071675,1.2462759e+14,0.50689864,0.998598,0.124275987,0.15444521,0.138541802,2,2,0,0.0263430091,0.0833333333,0,0.00736069581,0.0403019047
3938440071675,1.2462759e+14,0.50689864,0.998598,0.15444521,0.19193831,0.172174193,4,4,0,0.0406855159,0,0,0.0141279952,0.0403019047
3938440071675,1.2462759e+14,0.50689864,0.998598,0.19193831,0.23853323,0.213971178,9,9,0,0.0628368307,0.333333333,0,0.0271170352,0.0403019047
3938440071675,1.2462759e+14,0.50689864,0.998598,0.23853323,0.296439527,0.265914795,4,3,1,0.0970484755,0.416666667,0,0.0520479792,0.0403019047
3938440071675,1.2462759e+14,0.50689864,0.998598,0.296439527,0.36840315,0.330468237,10,6,4,0.149886722,0.583333333,0,0.0999000119,0.0403019047
3938440071675,1.2462759e+14,0.50689864,0.998598,0.36840315,0.457836652,0.410692665,11,7,4,0.231492864,0.833333333,0,0.191746395,0.0403019047
3938440071675,1.2462759e+14,0.50689864,0.998598,0.457836652,0.56898102,0.510392364,5,3,2,0.35752964,0.916666667,0,0.368034791,0.0403019047
3938440071675,1.2462759e+14,0.50689864,0.998598,0.56898102,0.707106781,0.63429515,16,12,4,0.552187406,2.33333333,0,0.706399759,0.0403019047
3938440071675,1.2462759e+14,0.50689864,0.998598,0.707106781,0.878763934,0.788276561,16,10,6,0.852827001,2.75,0,1.35585176,0.0403019047
3938440071675,1.2462759e+14,0.50689864,0.998598,0.878763934,1.09209256,0.97963848,30,9,21,1.31715046,4,1,2.60239896,0.0403019047
3938440071675,1.2462759e+14,0.50689864,0.998598,1.09209256,1.35720881,1.21745539,61,9,52,2.0342758,6.66666667,13,4.9950006,0.0403019047
3938440071675,1.2462759e+14,0.50689864,0.998598,1.35720881,1.68668465,1.51300471,96,7,89,3.14184154,11,5,9.58731975,0.0403019047
3938440071675,1.2462759e+14,0.50689864,0.998598,1.68668465,2.096144,1.88030155,103,8,95,4.85242377,15.5,8,18.4017395,0.0403019047
3938440071675,1.2462759e+14,0.50689864,0.998598,2.096144,2.60500365,2.33676331,128,5,123,7.49433611,25.4166667,14,35.3199879,0.0403019047
3938440071675,1.2462759e+14,0.50689864,0.998598,2.60500365,3.23739401,2.90403568,240,2,238,11.5746432,35.0833333,22,67.7925881,0.0403019047
3938440071675,1.2462759e+14,0.50689864,0.998598,3.23739401,4.02330338,3.60901902,197,0,197,17.876482,53.3333333,23,130.119948,0.0403019047
3938440071675,1.2462759e+14,0.50689864,0.998598,4.02330338,5,4.48514402,208,0,208,27.6093703,93,46,249.75003,0.0403019047
3938440072140,3.34030557e+14,0.50776464,1.3872299,0.1,0.124275987,0.11147914,8,7,1,0.0329159532,0.0833333333,0,0.0102808838,0.0403120055
3938440072140,3.34030557e+14,0.50776464,1.3872299,0.124275987,0.15444521,0.138541802,9,7,2,0.0508371132,0.0833333333,0,0.0197329546,0.0403120055
3938440072140,3.34030557e+14,0.50776464,1.3872299,0.15444521,0.19193831,0.172174193,8,7,1,0.0785154864,0,0,0.0378750997,0.0403120055
3938440072140,3.34030557e+14,0.50776464,1.3872299,0.19193831,0.23853323,0.213971178,9,8,1,0.121263408,0.416666667,0,0.0726968264,0.0403120055
3938440072140,3.34030557e+14,0.50776464,1.3872299,0.23853323,0.296439527,0.265914795,11,9,2,0.187285526,0.833333333,0,0.13953306,0.0403120055
3938440072140,3.34030557e+14,0.50776464,1.3872299,0.296439527,0.36840315,0.330468237,11,8,3,0.289253525,1,0,0.267817398,0.0403120055
3938440072140,3.34030557e+14,0.50776464,1.3872299,0.36840315,0.457836652,0.410692665,22,15,7,0.446738216,1.58333333,0,0.514044189,0.0403120055
3938440072140,3.34030557e+14,0.50776464,1.3872299,0.457836652,0.56898102,0.510392364,23,16,7,0.689965778,3.16666667,0,0.986647732,0.0403120055
3938440072140,3.34030557e+14,0.50776464,1.3872299,0.56898102,0.707106781,0.63429515,24,18,6,1.0656191,5.33333333,0,1.89375499,0.0403120055
3938440072140,3.34030557e+14,0.50776464,1.3872299,0.707106781,0.878763934,0.788276561,41,23,18,1.64579766,8.83333333,0,3.63484132,0.0403120055
3938440072140,3.34030557e+14,0.50776464,1.3872299,0.878763934,1.09209256,0.97963848,63,30,33,2.54185566,8.75,4,6.97665302,0.0403120055
3938440072140,3.34030557e+14,0.50776464,1.3872299,1.09209256,1.35720881,1.21745539,65,21,44,3.92577432,12.8333333,7,13.3908699,0.0403120055
3938440072140,3.34030557e+14,0.50776464,1.3872299,1.35720881,1.68668465,1.51300471,108,34,74,6.06317041,25.5,13,25.7022095,0.0403120055
3938440072140,3.34030557e+14,0.50776464,1.3872299,1.68668465,2.096144,1.88030155,139,26,113,9.36427631,32.4166667,24,49.3323866,0.0403120055
3938440072140,3.34030557e+14,0.50776464,1.3872299,2.096144,2.60500365,2.33676331,204,15,189,14.4626763,51.25,23,94.6877493,0.0403120055
3938440072140,3.34030557e+14,0.50776464,1.3872299,2.60500365,3.23739401,2.90403568,269,1,268,22.3369108,85,42,181.742066,0.0403120055
3938440072140,3.34030557e+14,0.50776464,1.3872299,3.23739401,4.02330338,3.60901902,380,0,380,34.4982889,148.833333,51,348.832651,0.0403120055
3938440072140,3.34030557e+14,0.50776464,1.3872299,4.02330338,5,4.48514402,391,0,391,53.2809549,201.916667,91,669.543496,0.0403120055
3938440105412,1.4349382e+14,0.519524,1.0633488,0.1,0.124275987,0.11147914,1,1,0,0.0193402037,0.0833333333,0,0.00463033447,0.0416687226
3938440105412,1.4349382e+14,0.519524,1.0633488,0.124275987,0.15444521,0.138541802,2,2,0,0.0298700184,0.166666667,0,0.00888738575,0.0416687226
3938440105412,1.4349382e+14,0.519524,1.0633488,0.15444521,0.19193831,0.172174193,4,3,1,0.0461328127,0.166666667,0,0.017058298,0.0416687226
3938440105412,1.4349382e+14,0.519524,1.0633488,0.19193831,0.23853323,0.213971178,5,4,1,0.0712499197,0.5,0,0.032741409,0.0416687226
3938440105412,1.4349382e+14,0.519524,1.0633488,0.23853323,0.296439527,0.265914795,6,5,1,0.110042088,0.916666667,0,0.0628433073,0.0416687226
3938440105412,1.4349382e+14,0.519524,1.0633488,0.296439527,0.36840315,0.330468237,11,10,1,0.169954735,1.08333333,0,0.120620382,0.0416687226
3938440105412,1.4349382e+14,0.519524,1.0633488,0.36840315,0.457836652,0.410692665,12,8,4,0.262486948,1.41666667,0,0.231516724,0.0416687226
3938440105412,1.4349382e+14,0.519524,1.0633488,0.457836652,0.56898102,0.510392364,8,8,0,0.40539852,2,0,0.444369287,0.0416687226
3938440105412,1.4349382e+14,0.519524,1.0633488,0.56898102,0.707106781,0.63429515,16,13,3,0.626118598,2.41666667,0,0.852914902,0.0416687226
3938440105412,1.4349382e+14,0.519524,1.0633488,0.707106781,0.878763934,0.788276561,18,12,6,0.967010186,3.66666667,0,1.63707045,0.0416687226
3938440105412,1.4349382e+14,0.519524,1.0633488,0.878763934,1.09209256,0.97963848,25,14,11,1.49350092,4,0,3.14216536,0.0416687226
3938440105412,1.4349382e+14,0.519524,1.0633488,1.09209256,1.35720881,1.21745539,31,12,19,2.30664064,6,5,6.03101911,0.0416687226
3938440105412,1.4349382e+14,0.519524,1.0633488,1.35720881,1.68668465,1.51300471,46,8,38,3.56249599,11.9166667,5,11.5758362,0.0416687226
3938440105412,1.4349382e+14,0.519524,1.0633488,1.68668465,2.096144,1.88030155,61,5,56,5.50210442,16,8,22.2184644,0.0416687226
3938440105412,1.4349382e+14,0.519524,1.0633488,2.096144,2.60500365,2.33676331,106,3,103,8.49773676,22.6666667,5,42.6457451,0.0416687226
3938440105412,1.4349382e+14,0.519524,1.0633488,2.60500365,3.23739401,2.90403568,131,1,130,13.1243474,39.5833333,28,81.8535226,0.0416687226
3938440105412,1.4349382e+14,0.519524,1.0633488,3.23739401,4.02330338,3.60901902,182,0,182,20.269926,63.25,24,157.108268,0.0416687226
3938440105412,1.4349382e+14,0.519524,1.0633488,4.02330338,5,4.48514402,132,0,132,31.3059299,93.9166667,27,301.550955,0.0416687226
3938440126317,1.00449365e+14,0.52512544,0.9300281,0.1,0.124275987,0.11147914,1,1,0,0.0147945478,0,0,0.0030979424,0.0408630723
3938440126317,1.00449365e+14,0.52512544,0.9300281,0.124275987,0.15444521,0.138541802,4,4,0,0.0228494705,0,0,0.00594613831,0.0408630723
3938440126317,1.00449365e+14,0.52512544,0.9300281,0.15444521,0.19193831,0.172174193,3,2,1,0.0352899128,0,0,0.0114129174,0.0408630723
3938440126317,1.00449365e+14,0.52512544,0.9300281,0.19193831,0.23853323,0.213971178,4,3,1,0.0545035801,0,0,0.0219057608,0.0408630723
3938440126317,1.00449365e+14,0.52512544,0.9300281,0.23853323,0.296439527,0.265914795,4,4,0,0.084178169,0,0,0.0420455472,0.0408630723
3938440126317,1.00449365e+14,0.52512544,0.9300281,0.296439527,0.36840315,0.330468237,5,4,1,0.13000915,0.166666667,0,0.0807015128,0.0408630723
3938440126317,1.00449365e+14,0.52512544,0.9300281,0.36840315,0.457836652,0.410692665,6,5,1,0.200792906,0.166666667,0,0.15489712,0.0408630723
3938440126317,1.00449365e+14,0.52512544,0.9300281,0.457836652,0.56898102,0.510392364,11,9,2,0.310115026,0.5,0,0.297306915,0.0408630723
3938440126317,1.00449365e+14,0.52512544,0.9300281,0.56898102,0.707106781,0.63429515,9,5,4,0.478957805,0.5,0,0.57064587,0.0408630723
3938440126317,1.00449365e+14,0.52512544,0.9300281,0.707106781,0.878763934,0.788276561,19,10,9,0.73972739,1.25,0,1.09528804,0.0408630723
3938440126317,1.00449365e+14,0.52512544,0.9300281,0.878763934,1.09209256,0.97963848,21,9,12,1.14247352,1.91666667,0,2.10227736,0.0408630723
3938440126317,1.00449365e+14,0.52512544,0.9300281,1.09209256,1.35720881,1.21745539,28,4,24,1.76449564,3.16666667,2,4.03507564,0.0408630723
3938440126317,1.00449365e+14,0.52512544,0.9300281,1.35720881,1.68668465,1.51300471,34,7,27,2.725179,4.25,4,7.74485601,0.0408630723
3938440126317,1.00449365e+14,0.52512544,0.9300281,1.68668465,2.096144,1.88030155,44,6,38,4.20890845,8.66666667,0,14.8653458,0.0408630723
3938440126317,1.00449365e+14,0.52512544,0.9300281,2.096144,2.60500365,2.33676331,49,4,45,6.50045751,13.75,3,28.5322935,0.0408630723
3938440126317,1.00449365e+14,0.52512544,0.9300281,2.60500365,3.23739401,2.90403568,61,0,61,10.0396453,21.3333333,7,54.764402,0.0408630723
3938440126317,1.00449365e+14,0.52512544,0.9300281,3.23739401,4.02330338,3.60901902,79,0,79,15.5057513,28.1666667,11,105.113868,0.0408630723
3938440126317,1.00449365e+14,0.52512544,0.9300281,4.02330338,5,4.48514402,106,0,106,23.9478902,48.5,13,201.753782,0.0408630723
3938440139808,1.95522705e+14,0.53781354,1.1608706,0.1,0.124275987,0.11147914,3,3,0,0.0230503317,0.0833333333,0,0.0060247158,0.0395084795
3938440139808,1.95522705e+14,0.53781354,1.1608706,0.124275987,0.15444521,0.138541802,2,2,0,0.0356001333,0,0,0.0115637377,0.0395084795
3938440139808,1.95522705e+14,0.53781354,1.1608706,0.15444521,0.19193831,0.172174193,4,4,0,0.0549827008,0.0833333333,0,0.0221952428,0.0395084795
3938440139808,1.95522705e+14,0.53781354,1.1608706,0.19193831,0.23853323,0.213971178,8,8,0,0.0849181479,0.25,0,0.0426011739,0.0395084795
3938440139808,1.95522705e+14,0.53781354,1.1608706,0.23853323,0.296439527,0.265914795,8,8,0,0.131152012,0.0833333333,0,0.0817679735,0.0395084795
3938440139808,1.95522705e+14,0.53781354,1.1608706,0.296439527,0.36840315,0.330468237,9,9,0,0.202558001,0.25,0,0.156944067,0.0395084795
3938440139808,1.95522705e+14,0.53781354,1.1608706,0.36840315,0.457836652,0.410692665,17,16,1,0.312841132,1.5,0,0.30123579,0.0395084795
3938440139808,1.95522705e+14,0.53781354,1.1608706,0.457836652,0.56898102,0.510392364,4,4,0,0.483168145,1.08333333,0,0.578186885,0.0395084795
3938440139808,1.95522705e+14,0.53781354,1.1608706,0.56898102,0.707106781,0.63429515,16,12,4,0.746230058,1.25,0,1.10976214,0.0395084795
3938440139808,1.95522705e+14,0.53781354,1.1608706,0.707106781,0.878763934,0.788276561,22,17,5,1.15251658,2.75,0,2.1300587,0.0395084795
3938440139808,1.95522705e+14,0.53781354,1.1608706,0.878763934,1.09209256,0.97963848,28,20,8,1.78000666,5.08333333,5,4.08839867,0.0395084795
3938440139808,1.95522705e+14,0.53781354,1.1608706,1.09209256,1.35720881,1.21745539,32,20,12,2.74913504,8.16666667,12,7.84720333,0.0395084795
3938440139808,1.95522705e+14,0.53781354,1.1608706,1.35720881,1.68668465,1.51300471,31,19,12,4.2459074,13.75,5,15.0617895,0.0395084795
3938440139808,1.95522705e+14,0.53781354,1.1608706,1.68668465,2.096144,1.88030155,48,15,33,6.55760062,21.9166667,8,28.9093443,0.0395084795
3938440139808,1.95522705e+14,0.53781354,1.1608706,2.096144,2.60500365,2.33676331,50,17,33,10.1279001,30.1666667,10,55.4881069,0.0395084795
3938440139808,1.95522705e+14,0.53781354,1.1608706,2.60500365,3.23739401,2.90403568,54,1,53,15.6420566,45.3333333,19,106.502935,0.0395084795
3938440139808,1.95522705e+14,0.53781354,1.1608706,3.23739401,4.02330338,3.60901902,71,0,71,24.1584072,87.0833333,27,204.419934,0.0395084795
3938440139808,1.95522705e+14,0.53781354,1.1608706,4.02330338,5,4.48514402,105,0,105,37.3115029,115.75,34,392.360167,0.0395084795
3938440142589,1.14522336e+14,0.53526336,0.9709137,0.1,0.124275987,0.11147914,1,1,0,0.0161239266,0.166666667,0,0.00352473941,0.0397091144
3938440142589,1.14522336e+14,0.53526336,0.9709137,0.124275987,0.15444521,0.138541802,3,3,0,0.0249026324,0,0,0.00676532528,0.0397091144
3938440142589,1.14522336e+14,0.53526336,0.9709137,0.15444521,0.19193831,0.172174193,5,5,0,0.038460923,0.0833333333,0,0.012985251,0.0397091144
3938440142589,1.14522336e+14,0.53526336,0.9709137,0.19193831,0.23853323,0.213971178,5,4,1,0.0594010535,0.0833333333,0,0.0249236714,0.0397091144
3938440142589,1.14522336e+14,0.53526336,0.9709137,0.23853323,0.296439527,0.265914795,5,5,0,0.091742082,0.25,0,0.0478380738,0.0397091144
3938440142589,1.14522336e+14,0.53526336,0.9709137,0.296439527,0.36840315,0.330468237,6,6,0,0.141691252,0.416666667,0,0.0918195906,0.0397091144
3938440142589,1.14522336e+14,0.53526336,0.9709137,0.36840315,0.457836652,0.410692665,13,10,3,0.218835352,0.416666667,0,0.176236971,0.0397091144
3938440142589,1.14522336e+14,0.53526336,0.9709137,0.457836652,0.56898102,0.510392364,15,8,7,0.33798072,0.916666667,0,0.338266264,0.0397091144
3938440142589,1.14522336e+14,0.53526336,0.9709137,0.56898102,0.707106781,0.63429515,10,7,3,0.521995034,1.08333333,0,0.649262551,0.0397091144
3938440142589,1.14522336e+14,0.53526336,0.9709137,0.707106781,0.878763934,0.788276561,21,10,11,0.80619633,2,0,1.24618357,0.0397091144
3938440142589,1.14522336e+14,0.53526336,0.9709137,0.878763934,1.09209256,0.97963848,21,10,11,1.24513162,2.83333333,0,2.39190369,0.0397091144
3938440142589,1.14522336e+14,0.53526336,0.9709137,1.09209256,1.35720881,1.21745539,35,10,25,1.92304615,6.66666667,6,4.59097953,0.0397091144
3938440142589,1.14522336e+14,0.53526336,0.9709137,1.35720881,1.68668465,1.51300471,33,8,25,2.97005267,10.3333333,5,8.81184854,0.0397091144
3938440142589,1.14522336e+14,0.53526336,0.9709137,1.68668465,2.096144,1.88030155,44,14,30,4.5871041,13.25,3,16.9133132,0.0397091144
3938440142589,1.14522336e+14,0.53526336,0.9709137,2.096144,2.60500365,2.33676331,45,1,44,7.08456259,19.5833333,9,32.4631276,0.0397091144
3938440142589,1.14522336e+14,0.53526336,0.9709137,2.60500365,3.23739401,2.90403568,109,0,109,10.9417676,34,8,62.3091786,0.0397091144
3938440142589,1.14522336e+14,0.53526336,0.9709137,3.23739401,4.02330338,3.60901902,150,0,150,16.899036,44.5,21,119.595185,0.0397091144
3938440142589,1.14522336e+14,0.53526336,0.9709137,4.02330338,5,4.48514402,149,0,149,26.0997517,56.9166667,32,229.548976,0.0397091144
3938440150288,1.61642738e+14,0.53510743,1.0888568,0.1,0.124275987,0.11147914,2,2,0,0.0202792126,0.0833333333,0,0.00497161432,0.039704468
3938440150288,1.61642738e+14,0.53510743,1.0888568,0.124275987,0.15444521,0.138541802,2,2,0,0.0313202727,0.0833333333,0,0.00954243253,0.039704468
3938440150288,1.61642738e+14,0.53510743,1.0888568,0.15444521,0.19193831,0.172174193,4,4,0,0.048372661,0.0833333333,0,0.0183155838,0.039704468
3938440150288,1.61642738e+14,0.53510743,1.0888568,0.19193831,0.23853323,0.213971178,4,3,1,0.0747092582,0.0833333333,0,0.035154622,0.039704468
3938440150288,1.61642738e+14,0.53510743,1.0888568,0.23853323,0.296439527,0.265914795,3,3,0,0.115384871,0.25,0,0.0674751875,0.039704468
3938440150288,1.61642738e+14,0.53510743,1.0888568,0.296439527,0.36840315,0.330468237,3,3,0,0.178206407,0.416666667,0,0.129510735,0.039704468
3938440150288,1.61642738e+14,0.53510743,1.0888568,0.36840315,0.457836652,0.410692665,6,6,0,0.27523126,0.583333333,0,0.248580716,0.039704468
3938440150288,1.61642738e+14,0.53510743,1.0888568,0.457836652,0.56898102,0.510392364,8,8,0,0.425081499,1.5,0,0.477121626,0.039704468
3938440150288,1.61642738e+14,0.53510743,1.0888568,0.56898102,0.707106781,0.63429515,14,12,2,0.656518016,1.41666667,0,0.915779188,0.039704468
3938440150288,1.61642738e+14,0.53510743,1.0888568,0.707106781,0.878763934,0.788276561,11,10,1,1.01396063,3.25,0,1.7577311,0.039704468
3938440150288,1.61642738e+14,0.53510743,1.0888568,0.878763934,1.09209256,0.97963848,23,15,8,1.56601363,3.91666667,1,3.37375937,0.039704468
3938440150288,1.61642738e+14,0.53510743,1.0888568,1.09209256,1.35720881,1.21745539,42,14,28,2.41863305,11.25,6,6.47553674,0.039704468
3938440150288,1.61642738e+14,0.53510743,1.0888568,1.35720881,1.68668465,1.51300471,37,8,29,3.73546291,13.3333333,7,12.4290358,0.039704468
3938440150288,1.61642738e+14,0.53510743,1.0888568,1.68668465,2.096144,1.88030155,33,7,26,5.76924355,18.4166667,3,23.8560813,0.039704468
3938440150288,1.61642738e+14,0.53510743,1.0888568,2.096144,2.60500365,2.33676331,51,5,46,8.91032035,20.6666667,7,45.7889594,0.039704468
3938440150288,1.61642738e+14,0.53510743,1.0888568,2.60500365,3.23739401,2.90403568,84,0,84,13.761563,39.5,20,87.886555,0.039704468
3938440150288,1.61642738e+14,0.53510743,1.0888568,3.23739401,4.02330338,3.60901902,85,0,85,21.254075,68.6666667,26,168.687969,0.039704468
3938440150288,1.61642738e+14,0.53510743,1.0888568,4.02330338,5,4.48514402,135,0,135,32.8259008,105.416667,28,323.776837,0.039704468
3938440222821,1.06433709e+14,0.53807247,0.9474179,0.1,0.124275987,0.11147914,2,2,0,0.0153529815,0.166666667,0,0.0032749893,0.0394983012
3938440222821,1.06433709e+14,0.53807247,0.9474179,0.124275987,0.15444521,0.138541802,2,2,0,0.0237119445,0.166666667,0,0.00628595912,0.0394983012
3938440222821,1.06433709e+14,0.53807247,0.9474179,0.15444521,0.19193831,0.172174193,1,1,0,0.0366219626,0.166666667,0,0.0120651637,0.0394983012
3938440222821,1.06433709e+14,0.53807247,0.9474179,0.19193831,0.23853323,0.213971178,3,1,2,0.0565608673,0,0,0.0231576714,0.0394983012
3938440222821,1.06433709e+14,0.53807247,0.9474179,0.23853323,0.296439527,0.265914795,2,2,0,0.0873555506,0.333333333,0,0.0444484432,0.0394983012
3938440222821,1.06433709e+14,0.53807247,0.9474179,0.296439527,0.36840315,0.330468237,7,6,1,0.134916464,0.0833333333,0,0.0853135908,0.0394983012
3938440222821,1.06433709e+14,0.53807247,0.9474179,0.36840315,0.457836652,0.410692665,6,3,3,0.208372017,0.75,0,0.163749465,0.0394983012
3938440222821,1.06433709e+14,0.53807247,0.9474179,0.457836652,0.56898102,0.510392364,7,4,3,0.3218206,1.91666667,0,0.314297956,0.0394983012
3938440222821,1.06433709e+14,0.53807247,0.9474179,0.56898102,0.707106781,0.63429515,9,9,0,0.497036503,1.08333333,0,0.603258186,0.0394983012
3938440222821,1.06433709e+14,0.53807247,0.9474179,0.707106781,0.878763934,0.788276561,12,9,3,0.767649073,1.66666667,0,1.15788357,0.0394983012
3938440222821,1.06433709e+14,0.53807247,0.9474179,0.878763934,1.09209256,0.97963848,12,5,7,1.18559723,5,0,2.22242216,0.0394983012
3938440222821,1.06433709e+14,0.53807247,0.9474179,1.09209256,1.35720881,1.21745539,29,9,20,1.83109813,7.58333333,4,4.26567954,0.0394983012
3938440222821,1.06433709e+14,0.53807247,0.9474179,1.35720881,1.68668465,1.51300471,29,9,20,2.82804336,11.4166667,3,8.18747324,0.0394983012
3938440222821,1.06433709e+14,0.53807247,0.9474179,1.68668465,2.096144,1.88030155,52,10,42,4.36777753,12.5,8,15.7148978,0.0394983012
3938440222821,1.06433709e+14,0.53807247,0.9474179,2.096144,2.60500365,2.33676331,81,1,80,6.7458232,20.3333333,4,30.1629093,0.0394983012
3938440222821,1.06433709e+14,0.53807247,0.9474179,2.60500365,3.23739401,2.90403568,89,0,89,10.4186008,31.4166667,14,57.8941785,0.0394983012
3938440222821,1.06433709e+14,0.53807247,0.9474179,3.23739401,4.02330338,3.60901902,111,0,111,16.09103,44.5,25,111.121108,0.0394983012
3938440222821,1.06433709e+14,0.53807247,0.9474179,4.02330338,5,4.48514402,124,0,124,24.8518251,75.1666667,30,213.283977,0.0394983012
3938440228774,1.47971882e+14,0.531603,1.0578357,0.1,0.124275987,0.11147914,10,9,1,0.0191401789,0,0,0.00455868712,0.0401181235
3938440228774,1.47971882e+14,0.531603,1.0578357,0.124275987,0.15444521,0.138541802,3,3,0,0.0295610896,0,0,0.00874986704,0.0401181235
3938440228774,1.47971882e+14,0.531603,1.0578357,0.15444521,0.19193831,0.172174193,8,8,0,0.0456556871,0,0,0.0167943469,0.0401181235
3938440228774,1.47971882e+14,0.531603,1.0578357,0.19193831,0.23853323,0.213971178,4,3,1,0.070513022,0.166666667,0,0.0322347858,0.0401181235
3938440228774,1.47971882e+14,0.531603,1.0578357,0.23853323,0.296439527,0.265914795,9,8,1,0.108903985,0.333333333,0,0.0618709032,0.0401181235
3938440228774,1.47971882e+14,0.531603,1.0578357,0.296439527,0.36840315,0.330468237,10,9,1,0.168196989,0.416666667,0,0.118753966,0.0401181235
3938440228774,1.47971882e+14,0.531603,1.0578357,0.36840315,0.457836652,0.410692665,10,8,2,0.259772194,0.166666667,0,0.227934356,0.0401181235
3938440228774,1.47971882e+14,0.531603,1.0578357,0.457836652,0.56898102,0.510392364,12,9,3,0.401205712,0.583333333,0,0.437493352,0.0401181235
3938440228774,1.47971882e+14,0.531603,1.0578357,0.56898102,0.707106781,0.63429515,16,13,3,0.619643006,1.08333333,0,0.839717347,0.0401181235
3938440228774,1.47971882e+14,0.531603,1.0578357,0.707106781,0.878763934,0.788276561,23,13,10,0.957008946,1.25,0,1.61173929,0.0401181235
3938440228774,1.47971882e+14,0.531603,1.0578357,0.878763934,1.09209256,0.97963848,29,19,10,1.47805448,3.41666667,2,3.09354516,0.0401181235
3938440228774,1.47971882e+14,0.531603,1.0578357,1.09209256,1.35720881,1.21745539,29,14,15,2.28278435,6.16666667,4,5.93769831,0.0401181235
3938440228774,1.47971882e+14,0.531603,1.0578357,1.35720881,1.68668465,1.51300471,37,10,27,3.5256511,10.6666667,8,11.3967178,0.0401181235
3938440228774,1.47971882e+14,0.531603,1.0578357,1.68668465,2.096144,1.88030155,29,4,25,5.44519926,12.5,7,21.8746676,0.0401181235
3938440228774,1.47971882e+14,0.531603,1.0578357,2.096144,2.60500365,2.33676331,73,0,73,8.40984946,22,3,41.9858674,0.0401181235
3938440228774,1.47971882e+14,0.531603,1.0578357,2.60500365,3.23739401,2.90403568,149,0,149,12.9886097,29.75,14,80.5869644,0.0401181235
3938440228774,1.47971882e+14,0.531603,1.0578357,3.23739401,4.02330338,3.60901902,226,0,226,20.0602856,46.9166667,34,154.677258,0.0401181235
3938440228774,1.47971882e+14,0.531603,1.0578357,4.02330338,5,4.48514402,204,0,204,30.9821503,66.5833333,36,296.884915,0.0401181235
3938440230909,1.15373534e+14,0.5331686,0.9734121,0.1,0.124275987,0.11147914,2,2,0,0.016207015,0,0,0.00355201956,0.0398335634
3938440230909,1.15373534e+14,0.5331686,0.9734121,0.124275987,0.15444521,0.138541802,2,2,0,0.0250309585,0,0,0.00681768633,0.0398335634
3938440230909,1.15373534e+14,0.5331686,0.9734121,0.15444521,0.19193831,0.172174193,5,5,0,0.0386591165,0,0,0.0130857519,0.0398335634
3938440230909,1.15373534e+14,0.5331686,0.9734121,0.19193831,0.23853323,0.213971178,11,7,4,0.0597071539,0.0833333333,0,0.0251165712,0.0398335634
3938440230909,1.15373534e+14,0.5331686,0.9734121,0.23853323,0.296439527,0.265914795,6,5,1,0.0922148395,0.333333333,0,0.0482083223,0.0398335634
3938440230909,1.15373534e+14,0.5331686,0.9734121,0.296439527,0.36840315,0.330468237,7,3,4,0.142421403,0.583333333,0,0.0925302394,0.0398335634
3938440230909,1.15373534e+14,0.5331686,0.9734121,0.36840315,0.457836652,0.410692665,15,8,7,0.219963035,0.25,0,0.177600978,0.0398335634
3938440230909,1.15373534e+14,0.5331686,0.9734121,0.457836652,0.56898102,0.510392364,18,13,5,0.339722373,1.25,0,0.340884316,0.0398335634
3938440230909,1.15373534e+14,0.5331686,0.9734121,0.56898102,0.707106781,0.63429515,25,7,18,0.524684934,1.91666667,0,0.654287597,0.0398335634
3938440230909,1.15373534e+14,0.5331686,0.9734121,0.707106781,0.878763934,0.788276561,22,9,13,0.810350751,3,0,1.25582856,0.0398335634
3938440230909,1.15373534e+14,0.5331686,0.9734121,0.878763934,1.09209256,0.97963848,21,6,15,1.25154792,4.91666667,2,2.41041612,0.0398335634
3938440230909,1.15373534e+14,0.5331686,0.9734121,1.09209256,1.35720881,1.21745539,34,15,19,1.93295583,5.16666667,4,4.62651197,0.0398335634
3938440230909,1.15373534e+14,0.5331686,0.9734121,1.35720881,1.68668465,1.51300471,30,6,24,2.98535769,10.3333333,8,8.8800489,0.0398335634
3938440230909,1.15373534e+14,0.5331686,0.9734121,1.68668465,2.096144,1.88030155,39,6,33,4.61074197,12.4166667,7,17.0442158,0.0398335634
3938440230909,1.15373534e+14,0.5331686,0.9734121,2.096144,2.60500365,2.33676331,80,4,76,7.12107015,20.4166667,6,32.7143799,0.0398335634
3938440230909,1.15373534e+14,0.5331686,0.9734121,2.60500365,3.23739401,2.90403568,118,0,118,10.9981518,25.4166667,13,62.7914279,0.0398335634
3938440230909,1.15373534e+14,0.5331686,0.9734121,3.23739401,4.02330338,3.60901902,171,0,171,16.9861187,34.8333333,8,120.520806,0.0398335634
3938440230909,1.15373534e+14,0.5331686,0.9734121,4.02330338,5,4.48514402,227,0,227,26.2342467,52.4166667,25,231.325598,0.0398335634
3938440240424,3.55524224e+14,0.5393753,1.4201699,0.1,0.124275987,0.11147914,3,3,0,0.0344977016,0.166666667,0,0.0110307753,0.0392048797
3938440240424,3.55524224e+14,0.5393753,1.4201699,0.124275987,0.15444521,0.138541802,5,4,1,0.0532800479,0.166666667,0,0.0211722838,0.0392048797
3938440240424,3.55524224e+14,0.5393753,1.4201699,0.15444521,0.19193831,0.172174193,10,10,0,0.0822884821,0.25,0,0.0406377237,0.0392048797
3938440240424,3.55524224e+14,0.5393753,1.4201699,0.19193831,0.23853323,0.213971178,11,10,1,0.127090619,0.416666667,0,0.0779993602,0.0392048797
3938440240424,3.55524224e+14,0.5393753,1.4201699,0.23853323,0.296439527,0.265914795,13,12,1,0.196285375,0.5,0,0.149710654,0.0392048797
3938440240424,3.55524224e+14,0.5393753,1.4201699,0.296439527,0.36840315,0.330468237,16,14,2,0.30315336,0.416666667,0,0.2873521,0.0392048797
3938440240424,3.55524224e+14,0.5393753,1.4201699,0.36840315,0.457836652,0.410692665,20,10,10,0.468205845,0.833333333,0,0.551538766,0.0392048797
3938440240424,3.55524224e+14,0.5393753,1.4201699,0.457836652,0.56898102,0.510392364,30,24,6,0.723121503,0.833333333,0,1.05861419,0.0392048797
3938440240424,3.55524224e+14,0.5393753,1.4201699,0.56898102,0.707106781,0.63429515,29,22,7,1.11682653,2.83333333,0,2.03188619,0.0392048797
3938440240424,3.55524224e+14,0.5393753,1.4201699,0.707106781,0.878763934,0.788276561,46,29,17,1.72488508,4.16666667,0,3.89996801,0.0392048797
3938440240424,3.55524224e+14,0.5393753,1.4201699,0.878763934,1.09209256,0.97963848,53,28,25,2.66400239,5.83333333,3,7.48553271,0.0392048797
3938440240424,3.55524224e+14,0.5393753,1.4201699,1.09209256,1.35720881,1.21745539,55,28,27,4.1144241,9.16666667,8,14.367605,0.0392048797
3938440240424,3.55524224e+14,0.5393753,1.4201699,1.35720881,1.68668465,1.51300471,43,20,23,6.35453097,16.3333333,11,27.5769383,0.0392048797
3938440240424,3.55524224e+14,0.5393753,1.4201699,1.68668465,2.096144,1.88030155,76,26,50,9.81426873,27.8333333,16,52.9307094,0.0392048797
3938440240424,3.55524224e+14,0.5393753,1.4201699,2.096144,2.60500365,2.33676331,80,14,66,15.157668,43.1666667,23,101.594309,0.0392048797
3938440240424,3.55524224e+14,0.5393753,1.4201699,2.60500365,3.23739401,2.90403568,140,1,139,23.4102922,70,24,194.998401,0.0392048797
3938440240424,3.55524224e+14,0.5393753,1.4201699,3.23739401,4.02330338,3.60901902,211,0,211,36.1560751,122.25,47,374.276635,0.0392048797
3938440240424,3.55524224e+14,0.5393753,1.4201699,4.02330338,5,4.48514402,343,0,343,55.8413263,186,85,718.38025,0.0392048797
3938440244122,1.6462743e+14,0.5380833,1.095886,0.1,0.124275987,0.11147914,1,1,0,0.0205418859,0.0833333333,0,0.00506852116,0.0394989106
3938440244122,1.6462743e+14,0.5380833,1.095886,0.124275987,0.15444521,0.138541802,3,3,0,0.0317259588,0,0,0.00972843387,0.0394989106
3938440244122,1.6462743e+14,0.5380833,1.095886,0.15444521,0.19193831,0.172174193,5,5,0,0.0489992239,0,0,0.0186725916,0.0394989106
3938440244122,1.6462743e+14,0.5380833,1.095886,0.19193831,0.23853323,0.213971178,4,4,0,0.0756769545,0,0,0.0358398568,0.0394989106
3938440244122,1.6462743e+14,0.5380833,1.095886,0.23853323,0.296439527,0.265914795,4,3,1,0.116879432,0.166666667,0,0.0687904156,0.0394989106
3938440244122,1.6462743e+14,0.5380833,1.095886,0.296439527,0.36840315,0.330468237,11,11,0,0.180514684,0.0833333333,0,0.132035161,0.0394989106
3938440244122,1.6462743e+14,0.5380833,1.095886,0.36840315,0.457836652,0.410692665,4,3,1,0.278796284,0.916666667,0,0.253426058,0.0394989106
3938440244122,1.6462743e+14,0.5380833,1.095886,0.457836652,0.56898102,0.510392364,19,19,0,0.430587508,1.25,0,0.486421694,0.0394989106
3938440244122,1.6462743e+14,0.5380833,1.095886,0.56898102,0.707106781,0.63429515,15,13,2,0.665021783,0.916666667,0,0.93362958,0.0394989106
3938440244122,1.6462743e+14,0.5380833,1.095886,0.707106781,0.878763934,0.788276561,13,12,1,1.02709429,2.5,0,1.79199284,0.0394989106
3938440244122,1.6462743e+14,0.5380833,1.095886,0.878763934,1.09209256,0.97963848,20,11,9,1.58629794,2.66666667,2,3.43952078,0.0394989106
3938440244122,1.6462743e+14,0.5380833,1.095886,1.09209256,1.35720881,1.21745539,26,13,13,2.4499612,5.41666667,4,6.60175807,0.0394989106
3938440244122,1.6462743e+14,0.5380833,1.095886,1.35720881,1.68668465,1.51300471,29,14,15,3.78384773,7.91666667,5,12.6713029,0.0394989106
3938440244122,1.6462743e+14,0.5380833,1.095886,1.68668465,2.096144,1.88030155,32,5,27,5.84397158,12.8333333,4,24.3210847,0.0394989106
3938440244122,1.6462743e+14,0.5380833,1.095886,2.096144,2.60500365,2.33676331,55,4,51,9.02573422,23.5,16,46.681479,0.0394989106
3938440244122,1.6462743e+14,0.5380833,1.095886,2.60500365,3.23739401,2.90403568,83,0,83,13.9398142,36.3333333,18,89.5996421,0.0394989106
3938440244122,1.6462743e+14,0.5380833,1.095886,3.23739401,4.02330338,3.60901902,79,0,79,21.5293754,52.6666667,33,171.976039,0.0394989106
3938440244122,1.6462743e+14,0.5380833,1.095886,4.02330338,5,4.48514402,147,0,147,33.2510891,82,42,330.087904,0.0394989106
3938440402122,1.30045161e+14,0.53882575,1.0149558,0.1,0.124275987,0.11147914,2,2,0,0.0176199152,0,0,0.004026489,0.0393600871
3938440402122,1.30045161e+14,0.53882575,1.0149558,0.124275987,0.15444521,0.138541802,1,1,0,0.0272131151,0,0,0.00772837494,0.0393600871
3938440402122,1.30045161e+14,0.53882575,1.0149558,0.15444521,0.19193831,0.172174193,6,5,1,0.0420293529,0,0,0.0148337123,0.0393600871
3938440402122,1.30045161e+14,0.53882575,1.0149558,0.19193831,0.23853323,0.213971178,5,4,1,0.0649123225,0.5,0,0.0284715767,0.0393600871
3938440402122,1.30045161e+14,0.53882575,1.0149558,0.23853323,0.296439527,0.265914795,4,4,0,0.100253973,0.333333333,0,0.0546478633,0.0393600871
3938440402122,1.30045161e+14,0.53882575,1.0149558,0.296439527,0.36840315,0.330468237,4,3,1,0.15483746,0.75,0,0.104890185,0.0393600871
3938440402122,1.30045161e+14,0.53882575,1.0149558,0.36840315,0.457836652,0.410692665,7,7,0,0.239139041,1.08333333,0,0.20132445,0.0393600871
3938440402122,1.30045161e+14,0.53882575,1.0149558,0.457836652,0.56898102,0.510392364,6,6,0,0.369338795,1.66666667,0,0.386418747,0.0393600871
3938440402122,1.30045161e+14,0.53882575,1.0149558,0.56898102,0.707106781,0.63429515,5,5,0,0.570426079,2.08333333,0,0.741685614,0.0393600871
3938440402122,1.30045161e+14,0.53882575,1.0149558,0.707106781,0.878763934,0.788276561,18,15,3,0.880995759,4.16666667,0,1.42357884,0.0393600871
3938440402122,1.30045161e+14,0.53882575,1.0149558,0.878763934,1.09209256,0.97963848,18,17,1,1.36065575,4.5,1,2.73239317,0.0393600871
3938440402122,1.30045161e+14,0.53882575,1.0149558,1.09209256,1.35720881,1.21745539,26,18,8,2.10146764,8.5,1,5.24450927,0.0393600871
3938440402122,1.30045161e+14,0.53882575,1.0149558,1.35720881,1.68668465,1.51300471,19,12,7,3.24561613,8.66666667,2,10.0662225,0.0393600871
3938440402122,1.30045161e+14,0.53882575,1.0149558,1.68668465,2.096144,1.88030155,34,10,24,5.01269866,16.1666667,11,19.3209374,0.0393600871
3938440402122,1.30045161e+14,0.53882575,1.0149558,2.096144,2.60500365,2.33676331,37,7,30,7.74187299,24.1666667,11,37.0842807,0.0393600871
3938440402122,1.30045161e+14,0.53882575,1.0149558,2.60500365,3.23739401,2.90403568,53,0,53,11.956952,34.1666667,13,71.1789418,0.0393600871
3938440402122,1.30045161e+14,0.53882575,1.0149558,3.23739401,4.02330338,3.60901902,119,0,119,18.4669397,46.6666667,12,136.619658,0.0393600871
3938440402122,1.30045161e+14,0.53882575,1.0149558,4.02330338,5,4.48514402,204,0,204,28.521304,80.25,50,262.225464,0.0393600871
3938440428665,2.48358597e+14,0.5528485,1.2568827,0.1,0.124275987,0.11147914,3,2,1,0.0270208528,0,0,0.00764661762,0.0384989585
3938440428665,2.48358597e+14,0.5528485,1.2568827,0.124275987,0.15444521,0.138541802,4,4,0,0.0417324129,0,0,0.0146767887,0.0384989585
3938440428665,2.48358597e+14,0.5528485,1.2568827,0.15444521,0.19193831,0.172174193,10,10,0,0.064453713,0,0,0.0281703802,0.0384989585
3938440428665,2.48358597e+14,0.5528485,1.2568827,0.19193831,0.23853323,0.213971178,11,11,0,0.0995456727,0.0833333333,0,0.0540697517,0.0384989585
3938440428665,2.48358597e+14,0.5528485,1.2568827,0.23853323,0.296439527,0.265914795,14,12,2,0.153743524,0.25,0,0.103780568,0.0384989585
3938440428665,2.48358597e+14,0.5528485,1.2568827,0.296439527,0.36840315,0.330468237,14,11,3,0.237449509,0,0,0.199194668,0.0384989585
3938440428665,2.48358597e+14,0.5528485,1.2568827,0.36840315,0.457836652,0.410692665,14,14,0,0.366729394,0.666666667,0,0.382330881,0.0384989585
3938440428665,2.48358597e+14,0.5528485,1.2568827,0.457836652,0.56898102,0.510392364,16,13,3,0.566395984,1.16666667,0,0.733839433,0.0384989585
3938440428665,2.48358597e+14,0.5528485,1.2568827,0.56898102,0.707106781,0.63429515,13,10,3,0.87477147,0.666666667,0,1.40851901,0.0384989585
3938440428665,2.48358597e+14,0.5528485,1.2568827,0.707106781,0.878763934,0.788276561,32,28,4,1.35104264,2.58333333,0,2.70348758,0.0384989585
3938440428665,2.48358597e+14,0.5528485,1.2568827,0.878763934,1.09209256,0.97963848,30,17,13,2.08662065,4.91666667,2,5.18902839,0.0384989585
3938440428665,2.48358597e+14,0.5528485,1.2568827,1.09209256,1.35720881,1.21745539,36,21,15,3.22268565,6.66666667,11,9.95973342,0.0384989585
3938440428665,2.48358597e+14,0.5528485,1.2568827,1.35720881,1.68668465,1.51300471,35,19,16,4.97728364,10.3333333,7,19.116544,0.0384989585
3938440428665,2.48358597e+14,0.5528485,1.2568827,1.68668465,2.096144,1.88030155,39,11,28,7.68717619,14.4166667,12,36.6919716,0.0384989585
3938440428665,2.48358597e+14,0.5528485,1.2568827,2.096144,2.60500365,2.33676331,41,9,32,11.8724754,21.75,9,70.4259504,0.0384989585
3938440428665,2.48358597e+14,0.5528485,1.2568827,2.60500365,3.23739401,2.90403568,67,0,67,18.3364697,32.6666667,16,135.174379,0.0384989585
3938440428665,2.48358597e+14,0.5528485,1.2568827,3.23739401,4.02330338,3.60901902,98,0,98,28.3197992,50.3333333,21,259.45142,0.0384989585
3938440428665,2.48358597e+14,0.5528485,1.2568827,4.02330338,5,4.48514402,186,0,186,43.7385735,93.3333333,35,497.986671,0.0384989585
3938450028740,1.46493784e+14,0.5634263,1.0601464,0.1,0.124275987,0.11147914,4,4,0,0.0192238885,0,0,0.00458862594,0.0396711768
3938450028740,1.46493784e+14,0.5634263,1.0601464,0.124275987,0.15444521,0.138541802,3,3,0,0.0296903751,0,0,0.0088073311,0.0396711768
3938450028740,1.46493784e+14,0.5634263,1.0601464,0.15444521,0.19193831,0.172174193,7,7,0,0.0458553624,0,0,0.0169046425,0.0396711768
3938450028740,1.46493784e+14,0.5634263,1.0601464,0.19193831,0.23853323,0.213971178,5,5,0,0.0708214109,0.166666667,0,0.0324464852,0.0396711768
3938450028740,1.46493784e+14,0.5634263,1.0601464,0.23853323,0.296439527,0.265914795,8,8,0,0.109380277,0.25,0,0.0622772355,0.0396711768
3938450028740,1.46493784e+14,0.5634263,1.0601464,0.296439527,0.36840315,0.330468237,7,5,2,0.168932599,0.583333333,0,0.119533874,0.0396711768
3938450028740,1.46493784e+14,0.5634263,1.0601464,0.36840315,0.457836652,0.410692665,3,3,0,0.260908309,0.583333333,0,0.229431297,0.0396711768
3938450028740,1.46493784e+14,0.5634263,1.0601464,0.457836652,0.56898102,0.510392364,7,6,1,0.402960386,1,0,0.440366555,0.0396711768
3938450028740,1.46493784e+14,0.5634263,1.0601464,0.56898102,0.707106781,0.63429515,7,6,1,0.622353017,1.5,0,0.845232125,0.0396711768
3938450028740,1.46493784e+14,0.5634263,1.0601464,0.707106781,0.878763934,0.788276561,13,11,2,0.961194427,2.5,0,1.62232426,0.0396711768
3938450028740,1.46493784e+14,0.5634263,1.0601464,0.878763934,1.09209256,0.97963848,17,11,6,1.48451876,5,1,3.11386177,0.0396711768
3938450028740,1.46493784e+14,0.5634263,1.0601464,1.09209256,1.35720881,1.21745539,24,14,10,2.29276812,9.33333333,4,5.97669368,0.0396711768
3938450028740,1.46493784e+14,0.5634263,1.0601464,1.35720881,1.68668465,1.51300471,39,17,22,3.54107055,8.91666667,4,11.4715649,0.0396711768
3938450028740,1.46493784e+14,0.5634263,1.0601464,1.68668465,2.096144,1.88030155,59,12,47,5.46901386,17.8333333,5,22.0183278,0.0396711768
3938450028740,1.46493784e+14,0.5634263,1.0601464,2.096144,2.60500365,2.33676331,53,1,52,8.44662996,24.6666667,11,42.2616063,0.0396711768
3938450028740,1.46493784e+14,0.5634263,1.0601464,2.60500365,3.23739401,2.90403568,198,0,198,13.0454154,36.1666667,20,81.116213,0.0396711768
3938450028740,1.46493784e+14,0.5634263,1.0601464,3.23739401,4.02330338,3.60901902,318,0,318,20.1480193,49.4166667,25,155.693089,0.0396711768
3938450028740,1.46493784e+14,0.5634263,1.0601464,4.02330338,5,4.48514402,224,0,224,31.1176508,78,30,298.834684,0.0396711768
3938450029581,1.1467195e+14,0.5649805,0.9773423,0.1,0.124275987,0.11147914,2,1,1,0.0163381525,0.166666667,0,0.00359521788,0.0390915057
3938450029581,1.1467195e+14,0.5649805,0.9773423,0.124275987,0.15444521,0.138541802,2,1,1,0.025233494,0.25,0,0.00690060045,0.0390915057
3938450029581,1.1467195e+14,0.5649805,0.9773423,0.15444521,0.19193831,0.172174193,4,4,0,0.0389719229,0.166666667,0,0.0132448959,0.0390915057
3938450029581,1.1467195e+14,0.5649805,0.9773423,0.19193831,0.23853323,0.213971178,4,2,2,0.0601902684,0.333333333,0,0.0254220294,0.0390915057
3938450029581,1.1467195e+14,0.5649805,0.9773423,0.23853323,0.296439527,0.265914795,5,4,1,0.0929609868,0.833333333,0,0.0487946137,0.0390915057
3938450029581,1.1467195e+14,0.5649805,0.9773423,0.296439527,0.36840315,0.330468237,9,5,4,0.143573792,0.666666667,0,0.0936555571,0.0390915057
3938450029581,1.1467195e+14,0.5649805,0.9773423,0.36840315,0.457836652,0.410692665,13,2,11,0.221742845,1.41666667,0,0.179760894,0.0390915057
3938450029581,1.1467195e+14,0.5649805,0.9773423,0.457836652,0.56898102,0.510392364,35,12,23,0.342471203,2.41666667,0,0.345030022,0.0390915057
3938450029581,1.1467195e+14,0.5649805,0.9773423,0.56898102,0.707106781,0.63429515,34,7,27,0.528930371,2.91666667,0,0.662244795,0.0390915057
3938450029581,1.1467195e+14,0.5649805,0.9773423,0.707106781,0.878763934,0.788276561,65,14,51,0.816907625,3.66666667,0,1.27110147,0.0390915057
3938450029581,1.1467195e+14,0.5649805,0.9773423,0.878763934,1.09209256,0.97963848,47,5,42,1.2616747,5.75,0,2.43973068,0.0390915057
3938450029581,1.1467195e+14,0.5649805,0.9773423,1.09209256,1.35720881,1.21745539,73,5,68,1.94859615,6.58333333,3,4.68277785,0.0390915057
3938450029581,1.1467195e+14,0.5649805,0.9773423,1.35720881,1.68668465,1.51300471,77,7,70,3.00951342,10.6666667,4,8.98804469,0.0390915057
3938450029581,1.1467195e+14,0.5649805,0.9773423,1.68668465,2.096144,1.88030155,72,5,67,4.64804934,13.8333333,3,17.2515011,0.0390915057
3938450029581,1.1467195e+14,0.5649805,0.9773423,2.096144,2.60500365,2.33676331,57,2,55,7.17868958,19.5833333,5,33.1122398,0.0390915057
3938450029581,1.1467195e+14,0.5649805,0.9773423,2.60500365,3.23739401,2.90403568,120,0,120,11.0871422,32.5,10,63.5550735,0.0390915057
3938450029581,1.1467195e+14,0.5649805,0.9773423,3.23739401,4.02330338,3.60901902,107,0,107,17.1235602,48.4166667,16,121.986534,0.0390915057
3938450029581,1.1467195e+14,0.5649805,0.9773423,4.02330338,5,4.48514402,174,0,174,26.4465185,72.75,32,234.138893,0.0390915057
3938450147731,1.00702719e+14,0.5812178,0.93585626,0.1,0.124275987,0.11147914,1,1,0,0.0149805533,0.0833333333,0,0.0031565493,0.0384905126
3938450147731,1.00702719e+14,0.5812178,0.93585626,0.124275987,0.15444521,0.138541802,3,3,0,0.023136747,0,0,0.00605862739,0.0384905126
3938450147731,1.00702719e+14,0.5812178,0.93585626,0.15444521,0.19193831,0.172174193,0,0,0,0.0357335977,0.166666667,0,0.011628827,0.0384905126
3938450147731,1.00702719e+14,0.5812178,0.93585626,0.19193831,0.23853323,0.213971178,2,2,0,0.0551888301,0.5,0,0.0223201741,0.0384905126
3938450147731,1.00702719e+14,0.5812178,0.93585626,0.23853323,0.296439527,0.265914795,3,3,0,0.0852365049,0.166666667,0,0.0428409651,0.0384905126
3938450147731,1.00702719e+14,0.5812178,0.93585626,0.296439527,0.36840315,0.330468237,4,4,0,0.131643699,0.833333333,0,0.0822282246,0.0384905126
3938450147731,1.00702719e+14,0.5812178,0.93585626,0.36840315,0.457836652,0.410692665,5,5,0,0.203317389,0.833333333,0,0.157827465,0.0384905126
3938450147731,1.00702719e+14,0.5812178,0.93585626,0.457836652,0.56898102,0.510392364,8,6,2,0.314013969,1.41666667,0,0.30293137,0.0384905126
3938450147731,1.00702719e+14,0.5812178,0.93585626,0.56898102,0.707106781,0.63429515,10,6,4,0.484979535,3.08333333,0,0.581441352,0.0384905126
3938450147731,1.00702719e+14,0.5812178,0.93585626,0.707106781,0.878763934,0.788276561,17,14,3,0.749027664,3.25,0,1.11600871,0.0384905126
3938450147731,1.00702719e+14,0.5812178,0.93585626,0.878763934,1.09209256,0.97963848,17,9,8,1.15683735,5.25,0,2.14204826,0.0384905126
3938450147731,1.00702719e+14,0.5812178,0.93585626,1.09209256,1.35720881,1.21745539,12,5,7,1.78667988,8.75,1,4.11141123,0.0384905126
3938450147731,1.00702719e+14,0.5812178,0.93585626,1.35720881,1.68668465,1.51300471,16,5,11,2.75944151,12.1666667,4,7.89137325,0.0384905126
3938450147731,1.00702719e+14,0.5812178,0.93585626,1.68668465,2.096144,1.88030155,18,2,16,4.26182524,16.5,4,15.1465685,0.0384905126
3938450147731,1.00702719e+14,0.5812178,0.93585626,2.096144,2.60500365,2.33676331,43,2,41,6.58218497,20.75,6,29.0720676,0.0384905126
3938450147731,1.00702719e+14,0.5812178,0.93585626,2.60500365,3.23739401,2.90403568,41,0,41,10.1658694,32.4166667,10,55.8004354,0.0384905126
3938450147731,1.00702719e+14,0.5812178,0.93585626,3.23739401,4.02330338,3.60901902,74,0,74,15.7006984,59,13,107.102413,0.0384905126
3938450147731,1.00702719e+14,0.5812178,0.93585626,4.02330338,5,4.48514402,139,0,139,24.2489767,86.0833333,20,205.570562,0.0384905126
3938450159074,1.03613226e+14,0.58535177,0.94796454,0.1,0.124275987,0.11147914,1,1,0,0.0153707033,0.166666667,0,0.00328066136,0.0385768172
3938450159074,1.03613226e+14,0.58535177,0.94796454,0.124275987,0.15444521,0.138541802,4,4,0,0.023739315,0.0833333333,0,0.00629684599,0.0385768172
3938450159074,1.03613226e+14,0.58535177,0.94796454,0.15444521,0.19193831,0.172174193,3,3,0,0.036664235,0.25,0,0.0120860598,0.0385768172
3938450159074,1.03613226e+14,0.58535177,0.94796454,0.19193831,0.23853323,0.213971178,2,2,0,0.056626155,0.333333333,0,0.023197779,0.0385768172
3938450159074,1.03613226e+14,0.58535177,0.94796454,0.23853323,0.296439527,0.265914795,5,5,0,0.0874563842,0.75,0,0.044525425,0.0385768172
3938450159074,1.03613226e+14,0.58535177,0.94796454,0.296439527,0.36840315,0.330468237,7,7,0,0.135072197,1,0,0.0854613484,0.0385768172
3938450159074,1.03613226e+14,0.58535177,0.94796454,0.36840315,0.457836652,0.410692665,4,3,1,0.208612539,1.16666667,0,0.164033068,0.0385768172
3938450159074,1.03613226e+14,0.58535177,0.94796454,0.457836652,0.56898102,0.510392364,11,7,4,0.322192074,2.41666667,0,0.3148423,0.0385768172
3938450159074,1.03613226e+14,0.58535177,0.94796454,0.56898102,0.707106781,0.63429515,10,7,3,0.497610227,3.08333333,0,0.60430299,0.0385768172
3938450159074,1.03613226e+14,0.58535177,0.94796454,0.707106781,0.878763934,0.788276561,14,8,6,0.768535163,4.83333333,0,1.15988895,0.0385768172
3938450159074,1.03613226e+14,0.58535177,0.94796454,0.878763934,1.09209256,0.97963848,26,8,18,1.18696575,9.83333333,2,2.22627125,0.0385768172
3938450159074,1.03613226e+14,0.58535177,0.94796454,1.09209256,1.35720881,1.21745539,29,6,23,1.83321175,13.25,1,4.27306742,0.0385768172
3938450159074,1.03613226e+14,0.58535177,0.94796454,1.35720881,1.68668465,1.51300471,68,11,57,2.83130775,17,4,8.20165341,0.0385768172
3938450159074,1.03613226e+14,0.58535177,0.94796454,1.68668465,2.096144,1.88030155,60,5,55,4.37281921,25.5,4,15.742115,0.0385768172
3938450159074,1.03613226e+14,0.58535177,0.94796454,2.096144,2.60500365,2.33676331,92,2,90,6.75360984,39.6666667,11,30.2151495,0.0385768172
3938450159074,1.03613226e+14,0.58535177,0.94796454,2.60500365,3.23739401,2.90403568,113,0,113,10.4306269,54.3333333,16,57.9944474,0.0385768172
3938450159074,1.03613226e+14,0.58535177,0.94796454,3.23739401,4.02330338,3.60901902,149,0,149,16.1096037,79.0833333,18,111.313563,0.0385768172
3938450159074,1.03613226e+14,0.58535177,0.94796454,4.02330338,5,4.48514402,220,0,220,24.8805114,100.5,38,213.653371,0.0385768172
3938450162806,1.12150108e+14,0.58766156,0.96990686,0.1,0.124275987,0.11147914,4,2,2,0.0160905028,0.0833333333,0,0.00351378529,0.0383425064
3938450162806,1.12150108e+14,0.58766156,0.96990686,0.124275987,0.15444521,0.138541802,3,3,0,0.024851011,0.25,0,0.00674430012,0.0383425064
3938450162806,1.12150108e+14,0.58766156,0.96990686,0.15444521,0.19193831,0.172174193,4,4,0,0.0383811962,0.166666667,0,0.0129448957,0.0383425064
3938450162806,1.12150108e+14,0.58766156,0.96990686,0.19193831,0.23853323,0.213971178,2,2,0,0.0592779192,0.166666667,0,0.0248462141,0.0383425064
3938450162806,1.12150108e+14,0.58766156,0.96990686,0.23853323,0.296439527,0.265914795,5,5,0,0.0915519072,0.25,0,0.0476894035,0.0383425064
3938450162806,1.12150108e+14,0.58766156,0.96990686,0.296439527,0.36840315,0.330468237,5,4,1,0.141397536,0.333333333,0,0.0915342352,0.0383425064
3938450162806,1.12150108e+14,0.58766156,0.96990686,0.36840315,0.457836652,0.410692665,12,7,5,0.218381722,0.583333333,0,0.175689265,0.0383425064
3938450162806,1.12150108e+14,0.58766156,0.96990686,0.457836652,0.56898102,0.510392364,13,8,5,0.33728011,1.16666667,0,0.337215006,0.0383425064
3938450162806,1.12150108e+14,0.58766156,0.96990686,0.56898102,0.707106781,0.63429515,14,2,12,0.520912975,1.16666667,0,0.647244785,0.0383425064
3938450162806,1.12150108e+14,0.58766156,0.96990686,0.707106781,0.878763934,0.788276561,22,11,11,0.804525141,1.66666667,0,1.2423107,0.0383425064
3938450162806,1.12150108e+14,0.58766156,0.96990686,0.878763934,1.09209256,0.97963848,29,6,23,1.24255055,1.91666667,1,2.38447017,0.0383425064
3938450162806,1.12150108e+14,0.58766156,0.96990686,1.09209256,1.35720881,1.21745539,38,3,35,1.91905981,4,7,4.57671176,0.0383425064
3938450162806,1.12150108e+14,0.58766156,0.96990686,1.35720881,1.68668465,1.51300471,33,7,26,2.96389596,7.41666667,4,8.78446323,0.0383425064
3938450162806,1.12150108e+14,0.58766156,0.96990686,1.68668465,2.096144,1.88030155,36,8,28,4.57759536,18.5,3,16.8607503,0.0383425064
3938450162806,1.12150108e+14,0.58766156,0.96990686,2.096144,2.60500365,2.33676331,61,5,56,7.06987679,24.25,5,32.3622392,0.0383425064
3938450162806,1.12150108e+14,0.58766156,0.96990686,2.60500365,3.23739401,2.90403568,91,0,91,10.9190861,31.9166667,11,62.1155352,0.0383425064
3938450162806,1.12150108e+14,0.58766156,0.96990686,3.23739401,4.02330338,3.60901902,133,0,133,16.8640055,49.5833333,9,119.223509,0.0383425064
3938450162806,1.12150108e+14,0.58766156,0.96990686,4.02330338,5,4.48514402,212,0,212,26.0456488,71.9166667,32,228.835588,0.0383425064
3938450181763,1.30418799e+14,0.5807446,1.02077954,0.1,0.124275987,0.11147914,2,2,0,0.0178226988,0.166666667,0,0.00409619853,0.0384909761
3938450181763,1.30418799e+14,0.5807446,1.02077954,0.124275987,0.15444521,0.138541802,3,3,0,0.0275263047,0.166666667,0,0.00786217425,0.0384909761
3938450181763,1.30418799e+14,0.5807446,1.02077954,0.15444521,0.19193831,0.172174193,2,2,0,0.0425130592,0.166666667,0,0.0150905244,0.0384909761
3938450181763,1.30418799e+14,0.5807446,1.02077954,0.19193831,0.23853323,0.213971178,4,4,0,0.0656593837,0,0,0.0289644976,0.0384909761
3938450181763,1.30418799e+14,0.5807446,1.02077954,0.23853323,0.296439527,0.265914795,8,8,0,0.101407773,0.166666667,0,0.0555939673,0.0384909761
3938450181763,1.30418799e+14,0.5807446,1.02077954,0.296439527,0.36840315,0.330468237,4,2,2,0.156619449,0.5,0,0.106706121,0.0384909761
3938450181763,1.30418799e+14,0.5807446,1.02077954,0.36840315,0.457836652,0.410692665,9,9,0,0.241891238,0.416666667,0,0.204809927,0.0384909761
3938450181763,1.30418799e+14,0.5807446,1.02077954,0.457836652,0.56898102,0.510392364,12,9,3,0.373589431,1,0,0.393108712,0.0384909761
3938450181763,1.30418799e+14,0.5807446,1.02077954,0.56898102,0.707106781,0.63429515,11,8,3,0.576990984,1.75,0,0.754526221,0.0384909761
3938450181763,1.30418799e+14,0.5807446,1.02077954,0.707106781,0.878763934,0.788276561,16,8,8,0.891134939,3.5,0,1.44822488,0.0384909761
3938450181763,1.30418799e+14,0.5807446,1.02077954,0.878763934,1.09209256,0.97963848,27,17,10,1.37631523,4.16666667,0,2.77969836,0.0384909761
3938450181763,1.30418799e+14,0.5807446,1.02077954,1.09209256,1.35720881,1.21745539,26,13,13,2.12565296,7.33333333,3,5.33530607,0.0384909761
3938450181763,1.30418799e+14,0.5807446,1.02077954,1.35720881,1.68668465,1.51300471,34,13,21,3.28296919,12.5,5,10.2404963,0.0384909761
3938450181763,1.30418799e+14,0.5807446,1.02077954,1.68668465,2.096144,1.88030155,33,4,29,5.07038867,15.5,4,19.6554356,0.0384909761
3938450181763,1.30418799e+14,0.5807446,1.02077954,2.096144,2.60500365,2.33676331,31,1,30,7.83097245,27.8333333,12,37.726311,0.0384909761
3938450181763,1.30418799e+14,0.5807446,1.02077954,2.60500365,3.23739401,2.90403568,72,0,72,12.0945619,41.3333333,11,72.4112439,0.0384909761
3938450181763,1.30418799e+14,0.5807446,1.02077954,3.23739401,4.02330338,3.60901902,63,0,63,18.6794716,62.1666667,14,138.984918,0.0384909761
3938450181763,1.30418799e+14,0.5807446,1.02077954,4.02330338,5,4.48514402,88,0,88,28.8495492,126.083333,29,266.765304,0.0384909761
3938450208186,2.58359953e+14,0.5835409,1.2815109,0.1,0.124275987,0.11147914,2,2,0,0.0280901568,0.0833333333,0,0.00810498174,0.0385468394
3938450208186,2.58359953e+14,0.5835409,1.2815109,0.124275987,0.15444521,0.138541802,3,3,0,0.0433839017,0.166666667,0,0.015556565,0.0385468394
3938450208186,2.58359953e+14,0.5835409,1.2815109,0.15444521,0.19193831,0.172174193,4,4,0,0.0670043584,0.0833333333,0,0.029859008,0.0385468394
3938450208186,2.58359953e+14,0.5835409,1.2815109,0.19193831,0.23853323,0.213971178,4,4,0,0.103485022,0.333333333,0,0.0573108755,0.0385468394
3938450208186,2.58359953e+14,0.5835409,1.2815109,0.23853323,0.296439527,0.265914795,11,11,0,0.159827661,0.5,0,0.110001526,0.0385468394
3938450208186,2.58359953e+14,0.5835409,1.2815109,0.296439527,0.36840315,0.330468237,10,10,0,0.246846167,0.25,0,0.211135071,0.0385468394
3938450208186,2.58359953e+14,0.5835409,1.2815109,0.36840315,0.457836652,0.410692665,9,9,0,0.381242082,1.25,0,0.405249087,0.0385468394
3938450208186,2.58359953e+14,0.5835409,1.2815109,0.457836652,0.56898102,0.510392364,8,7,1,0.588810136,2.33333333,0,0.77782825,0.0385468394
3938450208186,2.58359953e+14,0.5835409,1.2815109,0.56898102,0.707106781,0.63429515,25,23,2,0.909389054,2.58333333,0,1.4929504,0.0385468394
3938450208186,2.58359953e+14,0.5835409,1.2815109,0.707106781,0.878763934,0.788276561,24,24,0,1.40450784,3.58333333,0,2.86554377,0.0385468394
3938450208186,2.58359953e+14,0.5835409,1.2815109,0.878763934,1.09209256,0.97963848,27,22,5,2.16919509,7.41666667,2,5.5000763,0.0385468394
3938450208186,2.58359953e+14,0.5835409,1.2815109,1.09209256,1.35720881,1.21745539,37,23,14,3.35021792,10.6666667,10,10.5567535,0.0385468394
3938450208186,2.58359953e+14,0.5835409,1.2815109,1.35720881,1.68668465,1.51300471,40,17,23,5.17425112,16.8333333,9,20.2624544,0.0385468394
3938450208186,2.58359953e+14,0.5835409,1.2815109,1.68668465,2.096144,1.88030155,62,19,43,7.99138303,21,10,38.8914125,0.0385468394
3938450208186,2.58359953e+14,0.5835409,1.2815109,2.096144,2.60500365,2.33676331,73,5,68,12.3423083,38.0833333,16,74.6475201,0.0385468394
3938450208186,2.58359953e+14,0.5835409,1.2815109,2.60500365,3.23739401,2.90403568,105,2,103,19.0621041,66.25,19,143.277189,0.0385468394
3938450208186,2.58359953e+14,0.5835409,1.2815109,3.23739401,4.02330338,3.60901902,192,0,192,29.4405068,81.4166667,31,275.003815,0.0385468394
3938450208186,2.58359953e+14,0.5835409,1.2815109,4.02330338,5,4.48514402,340,0,340,45.4694527,123,49,527.837676,0.0385468394
3938450216308,2.86716837e+14,0.5825072,1.3266495,0.1,0.124275987,0.11147914,2,2,0,0.0301038436,0.0833333333,0,0.00899194663,0.0385477906
3938450216308,2.86716837e+14,0.5825072,1.3266495,0.124275987,0.15444521,0.138541802,4,3,1,0.0464939446,0.0833333333,0,0.0172589904,0.0385477906
3938450216308,2.86716837e+14,0.5825072,1.3266495,0.15444521,0.19193831,0.172174193,7,5,2,0.0718076707,0.416666667,0,0.0331266146,0.0385477906
3938450216308,2.86716837e+14,0.5825072,1.3266495,0.19193831,0.23853323,0.213971178,6,5,1,0.110903508,0.5,0,0.0635826644,0.0385477906
3938450216308,2.86716837e+14,0.5825072,1.3266495,0.23853323,0.296439527,0.265914795,7,6,1,0.171285157,0.25,0,0.122039492,0.0385477906
3938450216308,2.86716837e+14,0.5825072,1.3266495,0.296439527,0.36840315,0.330468237,11,9,2,0.264541721,0.583333333,0,0.234240538,0.0385477906
3938450216308,2.86716837e+14,0.5825072,1.3266495,0.36840315,0.457836652,0.410692665,19,8,11,0.408572017,0.833333333,0,0.449597331,0.0385477906
3938450216308,2.86716837e+14,0.5825072,1.3266495,0.457836652,0.56898102,0.510392364,18,15,3,0.631019912,1.08333333,0,0.862949521,0.0385477906
3938450216308,2.86716837e+14,0.5825072,1.3266495,0.56898102,0.707106781,0.63429515,34,15,19,0.974580031,2.25,0,1.65633073,0.0385477906
3938450216308,2.86716837e+14,0.5825072,1.3266495,0.707106781,0.878763934,0.788276561,43,24,19,1.50519218,2.5,0,3.17913322,0.0385477906
3938450216308,2.86716837e+14,0.5825072,1.3266495,0.878763934,1.09209256,0.97963848,47,16,31,2.32469723,5.25,4,6.10197458,0.0385477906
3938450216308,2.86716837e+14,0.5825072,1.3266495,1.09209256,1.35720881,1.21745539,58,30,28,3.59038353,9.83333333,8,11.7120269,0.0385477906
3938450216308,2.86716837e+14,0.5825072,1.3266495,1.35720881,1.68668465,1.51300471,53,25,28,5.54517541,18.5,9,22.4798666,0.0385477906
3938450216308,2.86716837e+14,0.5825072,1.3266495,1.68668465,2.096144,1.88030155,60,18,42,8.56425783,22.5833333,16,43.1474761,0.0385477906
3938450216308,2.86716837e+14,0.5825072,1.3266495,2.096144,2.60500365,2.33676331,97,6,91,13.227086,38.1666667,19,82.8165365,0.0385477906
3938450216308,2.86716837e+14,0.5825072,1.3266495,2.60500365,3.23739401,2.90403568,93,1,92,20.4286009,53,21,158.956661,0.0385477906
3938450216308,2.86716837e+14,0.5825072,1.3266495,3.23739401,4.02330338,3.60901902,174,0,174,31.5509956,65.9166667,41,305.098729,0.0385477906
3938450216308,2.86716837e+14,0.5825072,1.3266495,4.02330338,5,4.48514402,342,0,342,48.7290016,113.333333,56,585.601346,0.0385477906
3938450217801,1.17075547e+14,0.58597827,0.9841986,0.1,0.124275987,0.11147914,0,0,0,0.016568189,0.0833333333,0,0.00367141397,0.0384813415
3938450217801,1.17075547e+14,0.58597827,0.9841986,0.124275987,0.15444521,0.138541802,2,2,0,0.0255887744,0,0,0.00704684994,0.0384813415
3938450217801,1.17075547e+14,0.58597827,0.9841986,0.15444521,0.19193831,0.172174193,2,2,0,0.0395206364,0.166666667,0,0.0135256047,0.0384813415
3938450217801,1.17075547e+14,0.58597827,0.9841986,0.19193831,0.23853323,0.213971178,3,3,0,0.0610377301,0.166666667,0,0.0259608171,0.0384813415
3938450217801,1.17075547e+14,0.58597827,0.9841986,0.23853323,0.296439527,0.265914795,4,4,0,0.0942698507,0.583333333,0,0.0498287538,0.0384813415
3938450217801,1.17075547e+14,0.58597827,0.9841986,0.296439527,0.36840315,0.330468237,4,4,0,0.145595269,0.666666667,0,0.0956404681,0.0384813415
3938450217801,1.17075547e+14,0.58597827,0.9841986,0.36840315,0.457836652,0.410692665,4,4,0,0.22486492,0.833333333,0,0.183570699,0.0384813415
3938450217801,1.17075547e+14,0.58597827,0.9841986,0.457836652,0.56898102,0.510392364,4,4,0,0.347293099,1.16666667,0,0.352342497,0.0384813415
3938450217801,1.17075547e+14,0.58597827,0.9841986,0.56898102,0.707106781,0.63429515,5,4,1,0.536377559,1.08333333,0,0.676280236,0.0384813415
3938450217801,1.17075547e+14,0.58597827,0.9841986,0.707106781,0.878763934,0.788276561,14,9,5,0.828409449,3.16666667,0,1.29804086,0.0384813415
3938450217801,1.17075547e+14,0.58597827,0.9841986,0.878763934,1.09209256,0.97963848,19,13,6,1.27943872,5.08333333,1,2.49143769,0.0384813415
3938450217801,1.17075547e+14,0.58597827,0.9841986,1.09209256,1.35720881,1.21745539,18,7,11,1.97603182,7.5,7,4.78202341,0.0384813415
3938450217801,1.17075547e+14,0.58597827,0.9841986,1.35720881,1.68668465,1.51300471,13,6,7,3.05188651,11,6,9.17853493,0.0384813415
3938450217801,1.17075547e+14,0.58597827,0.9841986,1.68668465,2.096144,1.88030155,23,5,18,4.71349254,17.1666667,5,17.6171249,0.0384813415
3938450217801,1.17075547e+14,0.58597827,0.9841986,2.096144,2.60500365,2.33676331,10,4,6,7.27976347,25,4,33.8140118,0.0384813415
3938450217801,1.17075547e+14,0.58597827,0.9841986,2.60500365,3.23739401,2.90403568,26,0,26,11.243246,30.9166667,11,64.9020429,0.0384813415
3938450217801,1.17075547e+14,0.58597827,0.9841986,3.23739401,4.02330338,3.60901902,40,0,40,17.364655,59.4166667,19,124.571884,0.0384813415
3938450217801,1.17075547e+14,0.58597827,0.9841986,4.02330338,5,4.48514402,74,0,74,26.8188779,95.3333333,17,239.10117,0.0384813415
3938450339469,1.01000657e+14,0.5741111,0.936558,0.1,0.124275987,0.11147914,1,1,0,0.0150030277,0,0,0.00316365532,0.0384409997
3938450339469,1.01000657e+14,0.5741111,0.936558,0.124275987,0.15444521,0.138541802,1,1,0,0.0231714576,0,0,0.00607226657,0.0384409997
3938450339469,1.01000657e+14,0.5741111,0.936558,0.15444521,0.19193831,0.172174193,5,3,2,0.0357872065,0.0833333333,0,0.0116550059,0.0384409997
3938450339469,1.01000657e+14,0.5741111,0.936558,0.19193831,0.23853323,0.213971178,2,0,2,0.0552716264,0.0833333333,0,0.0223704213,0.0384409997
3938450339469,1.01000657e+14,0.5741111,0.936558,0.23853323,0.296439527,0.265914795,3,2,1,0.0853643798,0.166666667,0,0.0429374087,0.0384409997
3938450339469,1.01000657e+14,0.5741111,0.936558,0.296439527,0.36840315,0.330468237,8,6,2,0.131841196,0.166666667,0,0.0824133367,0.0384409997
3938450339469,1.01000657e+14,0.5741111,0.936558,0.36840315,0.457836652,0.410692665,8,6,2,0.203622413,0.5,0,0.158182766,0.0384409997
3938450339469,1.01000657e+14,0.5741111,0.936558,0.457836652,0.56898102,0.510392364,19,11,8,0.314485064,0.75,0,0.303613328,0.0384409997
3938450339469,1.01000657e+14,0.5741111,0.936558,0.56898102,0.707106781,0.63429515,16,7,9,0.485707119,1.75,0,0.582750293,0.0384409997
3938450339469,1.01000657e+14,0.5741111,0.936558,0.707106781,0.878763934,0.788276561,16,9,7,0.750151383,2.91666667,0,1.11852107,0.0384409997
3938450339469,1.01000657e+14,0.5741111,0.936558,0.878763934,1.09209256,0.97963848,29,10,19,1.15857288,4.25,3,2.14687043,0.0384409997
3938450339469,1.01000657e+14,0.5741111,0.936558,1.09209256,1.35720881,1.21745539,26,5,21,1.78936033,6.08333333,2,4.12066684,0.0384409997
3938450339469,1.01000657e+14,0.5741111,0.936558,1.35720881,1.68668465,1.51300471,53,8,45,2.76358132,6.41666667,4,7.9091383,0.0384409997
3938450339469,1.01000657e+14,0.5741111,0.936558,1.68668465,2.096144,1.88030155,44,7,37,4.26821899,11.25,8,15.1806664,0.0384409997
3938450339469,1.01000657e+14,0.5741111,0.936558,2.096144,2.60500365,2.33676331,67,5,62,6.5920598,14,17,29.1375146,0.0384409997
3938450339469,1.01000657e+14,0.5741111,0.936558,2.60500365,3.23739401,2.90403568,73,2,71,10.1811206,24.3333333,14,55.9260533,0.0384409997
3938450339469,1.01000657e+14,0.5741111,0.936558,3.23739401,4.02330338,3.60901902,91,0,91,15.7242532,47.8333333,23,107.343522,0.0384409997
3938450339469,1.01000657e+14,0.5741111,0.936558,4.02330338,5,4.48514402,138,0,138,24.285356,74.25,26,206.033342,0.0384409997
3938450367929,1.19821623e+14,0.60031086,1.0309335,0.1,0.124275987,0.11147914,1,1,0,0.0181790364,0.0833333333,0,0.00421965636,0.0386404276
3938450367929,1.19821623e+14,0.60031086,1.0309335,0.124275987,0.15444521,0.138541802,4,3,1,0.028076651,0,0,0.00809913711,0.0386404276
3938450367929,1.19821623e+14,0.60031086,1.0309335,0.15444521,0.19193831,0.172174193,5,5,0,0.0433630427,0,0,0.0155453469,0.0386404276
3938450367929,1.19821623e+14,0.60031086,1.0309335,0.19193831,0.23853323,0.213971178,3,3,0,0.0669721426,0.0833333333,0,0.0298374762,0.0386404276
3938450367929,1.19821623e+14,0.60031086,1.0309335,0.23853323,0.296439527,0.265914795,3,2,1,0.103435267,0,0,0.0572695477,0.0386404276
3938450367929,1.19821623e+14,0.60031086,1.0309335,0.296439527,0.36840315,0.330468237,2,2,0,0.159750815,0,0,0.109922202,0.0386404276
3938450367929,1.19821623e+14,0.60031086,1.0309335,0.36840315,0.457836652,0.410692665,6,3,3,0.246727483,0.5,0,0.210982818,0.0386404276
3938450367929,1.19821623e+14,0.60031086,1.0309335,0.457836652,0.56898102,0.510392364,6,6,0,0.38105878,0.333333333,0,0.404956856,0.0386404276
3938450367929,1.19821623e+14,0.60031086,1.0309335,0.56898102,0.707106781,0.63429515,10,8,2,0.588527035,1,0,0.777267346,0.0386404276
3938450367929,1.19821623e+14,0.60031086,1.0309335,0.707106781,0.878763934,0.788276561,20,11,9,0.908951818,1.66666667,0,1.49187381,0.0386404276
3938450367929,1.19821623e+14,0.60031086,1.0309335,0.878763934,1.09209256,0.97963848,21,9,12,1.40383255,2.66666667,2,2.86347739,0.0386404276
3938450367929,1.19821623e+14,0.60031086,1.0309335,1.09209256,1.35720881,1.21745539,21,12,9,2.16815213,3.83333333,3,5.49611011,0.0386404276
3938450367929,1.19821623e+14,0.60031086,1.0309335,1.35720881,1.68668465,1.51300471,30,9,21,3.34860713,8.08333333,8,10.5491409,0.0386404276
3938450367929,1.19821623e+14,0.60031086,1.0309335,1.68668465,2.096144,1.88030155,45,8,37,5.17176333,13.6666667,8,20.2478428,0.0386404276
3938450367929,1.19821623e+14,0.60031086,1.0309335,2.096144,2.60500365,2.33676331,42,7,35,7.98754076,20.3333333,7,38.8633673,0.0386404276
3938450367929,1.19821623e+14,0.60031086,1.0309335,2.60500365,3.23739401,2.90403568,47,0,47,12.3363741,30.25,13,74.5936906,0.0386404276
3938450367929,1.19821623e+14,0.60031086,1.0309335,3.23739401,4.02330338,3.60901902,79,0,79,19.052939,45.1666667,14,143.173869,0.0386404276
3938450367929,1.19821623e+14,0.60031086,1.0309335,4.02330338,5,4.48514402,75,0,75,29.4263517,61.4166667,24,274.805506,0.0386404276
3938450404993,1.53583018e+14,0.5856006,1.0781279,0.1,0.124275987,0.11147914,0,0,0,0.0198815447,0.0833333333,0,0.00482609628,0.0385502628
3938450404993,1.53583018e+14,0.5856006,1.0781279,0.124275987,0.15444521,0.138541802,1,1,0,0.0307060935,0,0,0.00926312767,0.0385502628
3938450404993,1.53583018e+14,0.5856006,1.0781279,0.15444521,0.19193831,0.172174193,8,8,0,0.0474240908,0.25,0,0.0177794907,0.0385502628
3938450404993,1.53583018e+14,0.5856006,1.0781279,0.19193831,0.23853323,0.213971178,8,8,0,0.0732442369,0.25,0,0.0341256541,0.0385502628
3938450404993,1.53583018e+14,0.5856006,1.0781279,0.23853323,0.296439527,0.265914795,4,3,1,0.113122216,0.0833333333,0,0.0655002039,0.0385502628
3938450404993,1.53583018e+14,0.5856006,1.0781279,0.296439527,0.36840315,0.330468237,8,8,0,0.174711844,0.0833333333,0,0.125719985,0.0385502628
3938450404993,1.53583018e+14,0.5856006,1.0781279,0.36840315,0.457836652,0.410692665,8,8,0,0.269834076,0.333333333,0,0.241304814,0.0385502628
3938450404993,1.53583018e+14,0.5856006,1.0781279,0.457836652,0.56898102,0.510392364,8,6,2,0.416745806,0.666666667,0,0.463156383,0.0385502628
3938450404993,1.53583018e+14,0.5856006,1.0781279,0.56898102,0.707106781,0.63429515,17,14,3,0.643643938,0.666666667,0,0.888974536,0.0385502628
3938450404993,1.53583018e+14,0.5856006,1.0781279,0.707106781,0.878763934,0.788276561,14,10,4,0.994077235,1.83333333,0,1.7062827,0.0385502628
3938450404993,1.53583018e+14,0.5856006,1.0781279,0.878763934,1.09209256,0.97963848,23,15,8,1.53530468,2.75,2,3.27501019,0.0385502628
3938450404993,1.53583018e+14,0.5856006,1.0781279,1.09209256,1.35720881,1.21745539,20,11,9,2.37120454,5.25,3,6.28599923,0.0385502628
3938450404993,1.53583018e+14,0.5856006,1.0781279,1.35720881,1.68668465,1.51300471,39,11,28,3.66221184,7.08333333,2,12.0652407,0.0385502628
3938450404993,1.53583018e+14,0.5856006,1.0781279,1.68668465,2.096144,1.88030155,54,3,51,5.65611079,7.66666667,7,23.1578192,0.0385502628
3938450404993,1.53583018e+14,0.5856006,1.0781279,2.096144,2.60500365,2.33676331,44,0,44,8.73559222,14.75,8,44.4487268,0.0385502628
3938450404993,1.53583018e+14,0.5856006,1.0781279,2.60500365,3.23739401,2.90403568,53,0,53,13.4917038,24.5833333,12,85.3141352,0.0385502628
3938450404993,1.53583018e+14,0.5856006,1.0781279,3.23739401,4.02330338,3.60901902,40,0,40,20.8372903,40.4166667,16,163.75051,0.0385502628
3938450404993,1.53583018e+14,0.5856006,1.0781279,4.02330338,5,4.48514402,79,0,79,32.1821969,63.25,27,314.299961,0.0385502628
3938450437563,1.33359266e+14,0.5979161,1.0280894,0.1,0.124275987,0.11147914,0,0,0,0.0180788715,0.0833333333,0,0.00418482953,0.0385264624
3938450437563,1.33359266e+14,0.5979161,1.0280894,0.124275987,0.15444521,0.138541802,1,1,0,0.0279219511,0.0833333333,0,0.00803229109,0.0385264624
3938450437563,1.33359266e+14,0.5979161,1.0280894,0.15444521,0.19193831,0.172174193,1,1,0,0.0431241161,0.166666667,0,0.0154170438,0.0385264624
3938450437563,1.33359266e+14,0.5979161,1.0280894,0.19193831,0.23853323,0.213971178,4,3,1,0.0666031319,0,0,0.0295912134,0.0385264624
3938450437563,1.33359266e+14,0.5979161,1.0280894,0.23853323,0.296439527,0.265914795,6,6,0,0.102865347,0.0833333333,0,0.056796875,0.0385264624
3938450437563,1.33359266e+14,0.5979161,1.0280894,0.296439527,0.36840315,0.330468237,3,3,0,0.158870602,0.583333333,0,0.109014962,0.0385264624
3938450437563,1.33359266e+14,0.5979161,1.0280894,0.36840315,0.457836652,0.410692665,10,10,0,0.245368036,0.583333333,0,0.209241477,0.0385264624
3938450437563,1.33359266e+14,0.5979161,1.0280894,0.457836652,0.56898102,0.510392364,5,5,0,0.378959179,1.58333333,0,0.401614555,0.0385264624
3938450437563,1.33359266e+14,0.5979161,1.0280894,0.56898102,0.707106781,0.63429515,8,8,0,0.585284302,1.41666667,0,0.77085219,0.0385264624
3938450437563,1.33359266e+14,0.5979161,1.0280894,0.707106781,0.878763934,0.788276561,13,12,1,0.903943573,2.25,0,1.47956067,0.0385264624
3938450437563,1.33359266e+14,0.5979161,1.0280894,0.878763934,1.09209256,0.97963848,13,3,10,1.39609755,3.83333333,1,2.83984375,0.0385264624
3938450437563,1.33359266e+14,0.5979161,1.0280894,1.09209256,1.35720881,1.21745539,32,14,18,2.15620581,4.25,4,5.45074811,0.0385264624
3938450437563,1.33359266e+14,0.5979161,1.0280894,1.35720881,1.68668465,1.51300471,33,10,23,3.33015659,9.16666667,7,10.4620738,0.0385264624
3938450437563,1.33359266e+14,0.5979161,1.0280894,1.68668465,2.096144,1.88030155,41,9,32,5.14326736,14.75,7,20.0807277,0.0385264624
3938450437563,1.33359266e+14,0.5979161,1.0280894,2.096144,2.60500365,2.33676331,29,7,22,7.9435301,17,7,38.5426095,0.0385264624
3938450437563,1.33359266e+14,0.5979161,1.0280894,2.60500365,3.23739401,2.90403568,76,0,76,12.2684018,23,6,73.9780335,0.0385264624
3938450437563,1.33359266e+14,0.5979161,1.0280894,3.23739401,4.02330338,3.60901902,86,0,86,18.947959,39.25,19,141.992187,0.0385264624
3938450437563,1.33359266e+14,0.5979161,1.0280894,4.02330338,5,4.48514402,130,0,130,29.2642151,53,26,272.537406,0.0385264624
3938450682720,1.10583211e+14,0.5621648,0.9652436,0.1,0.124275987,0.11147914,3,3,0,0.0159361502,0,0,0.00346334631,0.0400538312
3938450682720,1.10583211e+14,0.5621648,0.9652436,0.124275987,0.15444521,0.138541802,1,1,0,0.0246126208,0.166666667,0,0.00664748838,0.0400538312
3938450682720,1.10583211e+14,0.5621648,0.9652436,0.15444521,0.19193831,0.172174193,6,6,0,0.038013014,0.166666667,0,0.0127590769,0.0400538312
3938450682720,1.10583211e+14,0.5621648,0.9652436,0.19193831,0.23853323,0.213971178,2,2,0,0.0587092794,0.166666667,0,0.0244895566,0.0400538312
3938450682720,1.10583211e+14,0.5621648,0.9652436,0.23853323,0.296439527,0.265914795,4,4,0,0.0906736702,1.16666667,0,0.0470048411,0.0400538312
3938450682720,1.10583211e+14,0.5621648,0.9652436,0.296439527,0.36840315,0.330468237,6,6,0,0.140041141,0.166666667,0,0.0902202978,0.0400538312
3938450682720,1.10583211e+14,0.5621648,0.9652436,0.36840315,0.457836652,0.410692665,5,4,1,0.216286835,0.416666667,0,0.173167315,0.0400538312
3938450682720,1.10583211e+14,0.5621648,0.9652436,0.457836652,0.56898102,0.510392364,6,6,0,0.334044657,1.66666667,0,0.332374419,0.0400538312
3938450682720,1.10583211e+14,0.5621648,0.9652436,0.56898102,0.707106781,0.63429515,4,3,1,0.515915974,2.5,0,0.637953844,0.0400538312
3938450682720,1.10583211e+14,0.5621648,0.9652436,0.707106781,0.878763934,0.788276561,12,7,5,0.796807512,2.91666667,0,1.22447783,0.0400538312
3938450682720,1.10583211e+14,0.5621648,0.9652436,0.878763934,1.09209256,0.97963848,18,7,11,1.23063104,3.83333333,0,2.35024206,0.0400538312
3938450682720,1.10583211e+14,0.5621648,0.9652436,1.09209256,1.35720881,1.21745539,21,8,13,1.9006507,4.91666667,4,4.51101489,0.0400538312
3938450682720,1.10583211e+14,0.5621648,0.9652436,1.35720881,1.68668465,1.51300471,26,5,21,2.93546397,5.66666667,5,8.65836577,0.0400538312
3938450682720,1.10583211e+14,0.5621648,0.9652436,1.68668465,2.096144,1.88030155,37,2,35,4.53368351,9.41666667,7,16.618721,0.0400538312
3938450682720,1.10583211e+14,0.5621648,0.9652436,2.096144,2.60500365,2.33676331,31,2,29,7.00205704,15,5,31.8976922,0.0400538312
3938450682720,1.10583211e+14,0.5621648,0.9652436,2.60500365,3.23739401,2.90403568,61,0,61,10.8143417,23.5833333,8,61.2238915,0.0400538312
3938450682720,1.10583211e+14,0.5621648,0.9652436,3.23739401,4.02330338,3.60901902,66,0,66,16.7022329,36.9166667,18,117.512103,0.0400538312
3938450682720,1.10583211e+14,0.5621648,0.9652436,4.02330338,5,4.48514402,86,0,86,25.7957987,55.1666667,22,225.550745,0.0400538312
3938460054073,1.34060612e+14,0.6051601,1.0355815,0.1,0.124275987,0.11147914,4,4,0,0.0183433275,0,0,0.00427698747,0.0384733279
3938460054073,1.34060612e+14,0.6051601,1.0355815,0.124275987,0.15444521,0.138541802,3,3,0,0.0283303908,0.0833333333,0,0.00820917748,0.0384733279
3938460054073,1.34060612e+14,0.6051601,1.0355815,0.15444521,0.19193831,0.172174193,4,4,0,0.0437549317,0,0,0.0157565565,0.0384733279
3938460054073,1.34060612e+14,0.6051601,1.0355815,0.19193831,0.23853323,0.213971178,2,1,1,0.0675773964,0.25,0,0.0302428684,0.0384733279
3938460054073,1.34060612e+14,0.6051601,1.0355815,0.23853323,0.296439527,0.265914795,6,5,1,0.104370052,0.416666667,0,0.0580476506,0.0384733279
3938460054073,1.34060612e+14,0.6051601,1.0355815,0.296439527,0.36840315,0.330468237,8,6,2,0.161194547,0.166666667,0,0.11141568,0.0384733279
3938460054073,1.34060612e+14,0.6051601,1.0355815,0.36840315,0.457836652,0.410692665,8,6,2,0.248957257,0.666666667,0,0.213849373,0.0384733279
3938460054073,1.34060612e+14,0.6051601,1.0355815,0.457836652,0.56898102,0.510392364,10,6,4,0.38450256,0.666666667,0,0.410458874,0.0384733279
3938460054073,1.34060612e+14,0.6051601,1.0355815,0.56898102,0.707106781,0.63429515,12,9,3,0.593845788,2.08333333,0,0.787827827,0.0384733279
3938460054073,1.34060612e+14,0.6051601,1.0355815,0.707106781,0.878763934,0.788276561,13,8,5,0.917166377,2.58333333,0,1.51214342,0.0384733279
3938460054073,1.34060612e+14,0.6051601,1.0355815,0.878763934,1.09209256,0.97963848,16,6,10,1.41651954,3.83333333,0,2.90238253,0.0384733279
3938460054073,1.34060612e+14,0.6051601,1.0355815,1.09209256,1.35720881,1.21745539,23,14,9,2.18774659,5,3,5.57078399,0.0384733279
3938460054073,1.34060612e+14,0.6051601,1.0355815,1.35720881,1.68668465,1.51300471,30,13,17,3.37886982,9.83333333,5,10.6924687,0.0384733279
3938460054073,1.34060612e+14,0.6051601,1.0355815,1.68668465,2.096144,1.88030155,36,8,28,5.21850261,13.5,8,20.5229437,0.0384733279
3938460054073,1.34060612e+14,0.6051601,1.0355815,2.096144,2.60500365,2.33676331,66,6,60,8.05972734,17.9166667,4,39.3913914,0.0384733279
3938460054073,1.34060612e+14,0.6051601,1.0355815,2.60500365,3.23739401,2.90403568,50,0,50,12.4478629,26.8333333,10,75.607171,0.0384733279
3938460054073,1.34060612e+14,0.6051601,1.0355815,3.23739401,4.02330338,3.60901902,88,0,88,19.225128,38.8333333,15,145.119127,0.0384733279
3938460054073,1.34060612e+14,0.6051601,1.0355815,4.02330338,5,4.48514402,140,0,140,29.6922894,56.75,23,278.5392,0.0384733279
3938460083729,1.03747155e+14,0.6094876,0.9502967,0.1,0.124275987,0.11147914,2,1,1,0.0154464256,0,0,0.003304934,0.0372533674
3938460083729,1.03747155e+14,0.6094876,0.9502967,0.124275987,0.15444521,0.138541802,5,5,0,0.0238562645,0.0833333333,0,0.00634343448,0.0372533674
3938460083729,1.03747155e+14,0.6094876,0.9502967,0.15444521,0.19193831,0.172174193,2,1,1,0.0368448579,0.0833333333,0,0.012175481,0.0372533674
3938460083729,1.03747155e+14,0.6094876,0.9502967,0.19193831,0.23853323,0.213971178,3,3,0,0.0569051184,0.166666667,0,0.0233694124,0.0372533674
3938460083729,1.03747155e+14,0.6094876,0.9502967,0.23853323,0.296439527,0.265914795,6,5,1,0.0878872298,0,0,0.0448548553,0.0372533674
3938460083729,1.03747155e+14,0.6094876,0.9502967,0.296439527,0.36840315,0.330468237,8,8,0,0.135737617,0.25,0,0.0860936514,0.0372533674
3938460083729,1.03747155e+14,0.6094876,0.9502967,0.36840315,0.457836652,0.410692665,12,9,3,0.209640248,0.166666667,0,0.1652467,0.0372533674
3938460083729,1.03747155e+14,0.6094876,0.9502967,0.457836652,0.56898102,0.510392364,14,8,6,0.323779323,0.583333333,0,0.317171724,0.0372533674
3938460083729,1.03747155e+14,0.6094876,0.9502967,0.56898102,0.707106781,0.63429515,11,6,5,0.500061657,0.5,0,0.608774048,0.0372533674
3938460083729,1.03747155e+14,0.6094876,0.9502967,0.707106781,0.878763934,0.788276561,11,6,5,0.772321279,2.08333333,0,1.16847062,0.0372533674
3938460083729,1.03747155e+14,0.6094876,0.9502967,0.878763934,1.09209256,0.97963848,19,7,12,1.19281322,3.83333333,1,2.24274277,0.0372533674
3938460083729,1.03747155e+14,0.6094876,0.9502967,1.09209256,1.35720881,1.21745539,16,8,8,1.8422429,9.08333333,2,4.30468257,0.0372533674
3938460083729,1.03747155e+14,0.6094876,0.9502967,1.35720881,1.68668465,1.51300471,25,7,18,2.84525592,8.66666667,4,8.262335,0.0372533674
3938460083729,1.03747155e+14,0.6094876,0.9502967,1.68668465,2.096144,1.88030155,28,3,25,4.39436149,13.3333333,5,15.8585862,0.0372533674
3938460083729,1.03747155e+14,0.6094876,0.9502967,2.096144,2.60500365,2.33676331,48,1,47,6.78688086,18.5,12,30.4387024,0.0372533674
3938460083729,1.03747155e+14,0.6094876,0.9502967,2.60500365,3.23739401,2.90403568,77,0,77,10.4820124,26.25,10,58.423531,0.0372533674
3938460083729,1.03747155e+14,0.6094876,0.9502967,3.23739401,4.02330338,3.60901902,102,0,102,16.1889662,45.5833333,18,112.137138,0.0372533674
3938460083729,1.03747155e+14,0.6094876,0.9502967,4.02330338,5,4.48514402,178,0,178,25.0030828,62.25,23,215.234129,0.0372533674
3938460087811,1.14493069e+14,0.61968964,0.9831733,0.1,0.124275987,0.11147914,3,3,0,0.0165336868,0,0,0.00365995171,0.0367918448
3938460087811,1.14493069e+14,0.61968964,0.9831733,0.124275987,0.15444521,0.138541802,5,5,0,0.0255354873,0.166666667,0,0.00702484947,0.0367918448
3938460087811,1.14493069e+14,0.61968964,0.9831733,0.15444521,0.19193831,0.172174193,1,1,0,0.0394383372,0.0833333333,0,0.0134833774,0.0367918448
3938460087811,1.14493069e+14,0.61968964,0.9831733,0.19193831,0.23853323,0.213971178,4,3,1,0.0609106229,0.0833333333,0,0.0258797667,0.0367918448
3938460087811,1.14493069e+14,0.61968964,0.9831733,0.23853323,0.296439527,0.265914795,5,5,0,0.0940735397,0,0,0.049673187,0.0367918448
3938460087811,1.14493069e+14,0.61968964,0.9831733,0.296439527,0.36840315,0.330468237,3,3,0,0.145292076,0.416666667,0,0.0953418758,0.0367918448
3938460087811,1.14493069e+14,0.61968964,0.9831733,0.36840315,0.457836652,0.410692665,5,5,0,0.224396653,0.5,0,0.182997585,0.0367918448
3938460087811,1.14493069e+14,0.61968964,0.9831733,0.457836652,0.56898102,0.510392364,6,6,0,0.346569883,0.75,0,0.351242473,0.0367918448
3938460087811,1.14493069e+14,0.61968964,0.9831733,0.56898102,0.707106781,0.63429515,6,6,0,0.535260586,1.16666667,0,0.674168869,0.0367918448
3938460087811,1.14493069e+14,0.61968964,0.9831733,0.707106781,0.878763934,0.788276561,10,8,2,0.826684339,1.33333333,0,1.29398834,0.0367918448
3938460087811,1.14493069e+14,0.61968964,0.9831733,0.878763934,1.09209256,0.97963848,10,5,5,1.27677437,2.75,1,2.48365935,0.0367918448
3938460087811,1.14493069e+14,0.61968964,0.9831733,1.09209256,1.35720881,1.21745539,12,11,1,1.97191686,4.25,2,4.76709379,0.0367918448
3938460087811,1.14493069e+14,0.61968964,0.9831733,1.35720881,1.68668465,1.51300471,16,3,13,3.04553114,7,1,9.14987927,0.0367918448
3938460087811,1.14493069e+14,0.61968964,0.9831733,1.68668465,2.096144,1.88030155,22,7,15,4.70367698,10.1666667,2,17.5621237,0.0367918448
3938460087811,1.14493069e+14,0.61968964,0.9831733,2.096144,2.60500365,2.33676331,26,4,22,7.26460382,19,6,33.7084434,0.0367918448
3938460087811,1.14493069e+14,0.61968964,0.9831733,2.60500365,3.23739401,2.90403568,40,0,40,11.2198327,27.6666667,8,64.6994168,0.0367918448
3938460087811,1.14493069e+14,0.61968964,0.9831733,3.23739401,4.02330338,3.60901902,102,0,102,17.3284942,41.3333333,12,124.182967,0.0367918448
3938460087811,1.14493069e+14,0.61968964,0.9831733,4.02330338,5,4.48514402,219,0,219,26.7630293,55.4166667,23,238.354689,0.0367918448
3938460113904,2.00001474e+14,0.62284595,1.1844059,0.1,0.124275987,0.11147914,6,5,1,0.0239944433,0.0833333333,0,0.00639862729,0.036684498
3938460113904,2.00001474e+14,0.62284595,1.1844059,0.124275987,0.15444521,0.138541802,4,4,0,0.0370582685,0.0833333333,0,0.0122814171,0.036684498
3938460113904,2.00001474e+14,0.62284595,1.1844059,0.15444521,0.19193831,0.172174193,9,8,1,0.0572347207,0.333333333,0,0.0235727445,0.036684498
3938460113904,2.00001474e+14,0.62284595,1.1844059,0.19193831,0.23853323,0.213971178,3,3,0,0.0883962849,0.333333333,0,0.0452451274,0.036684498
3938460113904,2.00001474e+14,0.62284595,1.1844059,0.23853323,0.296439527,0.265914795,3,3,0,0.136523828,0.5,0,0.0868427331,0.036684498
3938460113904,2.00001474e+14,0.62284595,1.1844059,0.296439527,0.36840315,0.330468237,8,8,0,0.210854514,1,0,0.166684475,0.036684498
3938460113904,2.00001474e+14,0.62284595,1.1844059,0.36840315,0.457836652,0.410692665,13,10,3,0.325654698,0.583333333,0,0.319931364,0.036684498
3938460113904,2.00001474e+14,0.62284595,1.1844059,0.457836652,0.56898102,0.510392364,16,10,6,0.502958084,1.41666667,0,0.614070855,0.036684498
3938460113904,2.00001474e+14,0.62284595,1.1844059,0.56898102,0.707106781,0.63429515,30,22,8,0.776794671,1.25,0,1.17863722,0.036684498
3938460113904,2.00001474e+14,0.62284595,1.1844059,0.707106781,0.878763934,0.788276561,26,16,10,1.19972216,2.25,0,2.26225637,0.036684498
3938460113904,2.00001474e+14,0.62284595,1.1844059,0.878763934,1.09209256,0.97963848,34,15,19,1.85291342,3.75,0,4.34213666,0.036684498
3938460113904,2.00001474e+14,0.62284595,1.1844059,1.09209256,1.35720881,1.21745539,35,10,25,2.86173604,7.66666667,10,8.33422373,0.036684498
3938460113904,2.00001474e+14,0.62284595,1.1844059,1.35720881,1.68668465,1.51300471,26,11,15,4.41981424,9.25,7,15.9965682,0.036684498
3938460113904,2.00001474e+14,0.62284595,1.1844059,1.68668465,2.096144,1.88030155,51,6,45,6.82619141,13.8333333,4,30.7035428,0.036684498
3938460113904,2.00001474e+14,0.62284595,1.1844059,2.096144,2.60500365,2.33676331,67,2,65,10.5427257,21.8333333,9,58.9318612,0.036684498
3938460113904,2.00001474e+14,0.62284595,1.1844059,2.60500365,3.23739401,2.90403568,78,0,78,16.2827349,32.6666667,15,113.112819,0.036684498
3938460113904,2.00001474e+14,0.62284595,1.1844059,3.23739401,4.02330338,3.60901902,94,0,94,25.1479042,54.8333333,28,217.106833,0.036684498
3938460113904,2.00001474e+14,0.62284595,1.1844059,4.02330338,5,4.48514402,133,0,133,38.8397335,94.6666667,31,416.711187,0.036684498
3938460114831,1.04895824e+14,0.6113279,0.9542765,0.1,0.124275987,0.11147914,0,0,0,0.0155760744,0,0,0.00334663088,0.0370494147
3938460114831,1.04895824e+14,0.6113279,0.9542765,0.124275987,0.15444521,0.138541802,1,1,0,0.0240565008,0.0833333333,0,0.00642346677,0.0370494147
3938460114831,1.04895824e+14,0.6113279,0.9542765,0.15444521,0.19193831,0.172174193,3,2,1,0.0371541134,0.0833333333,0,0.0123290936,0.0370494147
3938460114831,1.04895824e+14,0.6113279,0.9542765,0.19193831,0.23853323,0.213971178,0,0,0,0.0573827486,0.0833333333,0,0.0236642539,0.0370494147
3938460114831,1.04895824e+14,0.6113279,0.9542765,0.23853323,0.296439527,0.265914795,5,4,1,0.0886249068,0.416666667,0,0.0454207691,0.0370494147
3938460114831,1.04895824e+14,0.6113279,0.9542765,0.296439527,0.36840315,0.330468237,4,3,1,0.136876924,0.583333333,0,0.0871798568,0.0370494147
3938460114831,1.04895824e+14,0.6113279,0.9542765,0.36840315,0.457836652,0.410692665,9,6,3,0.211399853,0.583333333,0,0.167331544,0.0370494147
3938460114831,1.04895824e+14,0.6113279,0.9542765,0.457836652,0.56898102,0.510392364,9,6,3,0.326496948,1.58333333,0,0.321173339,0.0370494147
3938460114831,1.04895824e+14,0.6113279,0.9542765,0.56898102,0.707106781,0.63429515,12,6,6,0.504258899,2.25,0,0.616454679,0.0370494147
3938460114831,1.04895824e+14,0.6113279,0.9542765,0.707106781,0.878763934,0.788276561,16,9,7,0.778803718,3,0,1.1832127,0.0370494147
3938460114831,1.04895824e+14,0.6113279,0.9542765,0.878763934,1.09209256,0.97963848,29,13,16,1.20282504,4.08333333,5,2.27103846,0.0370494147
3938460114831,1.04895824e+14,0.6113279,0.9542765,1.09209256,1.35720881,1.21745539,33,4,29,1.85770567,5.41666667,6,4.35899284,0.0370494147
3938460114831,1.04895824e+14,0.6113279,0.9542765,1.35720881,1.68668465,1.51300471,67,10,57,2.86913743,7.5,6,8.36657721,0.0370494147
3938460114831,1.04895824e+14,0.6113279,0.9542765,1.68668465,2.096144,1.88030155,73,6,67,4.43124534,13,9,16.0586669,0.0370494147
3938460114831,1.04895824e+14,0.6113279,0.9542765,2.096144,2.60500365,2.33676331,53,4,49,6.8438462,16.5833333,11,30.822734,0.0370494147
3938460114831,1.04895824e+14,0.6113279,0.9542765,2.60500365,3.23739401,2.90403568,54,1,53,10.5699927,24.5,12,59.1606348,0.0370494147
3938460114831,1.04895824e+14,0.6113279,0.9542765,3.23739401,4.02330338,3.60901902,113,0,113,16.3248474,33.75,16,113.551923,0.0370494147
3938460114831,1.04895824e+14,0.6113279,0.9542765,4.02330338,5,4.48514402,150,0,150,25.212945,64.5833333,23,217.949642,0.0370494147
3938460209818,1.22537833e+14,0.63894945,1.0049693,0.1,0.124275987,0.11147914,2,2,0,0.0172748842,0.0833333333,0,0.00390880057,0.0357515454
3938460209818,1.22537833e+14,0.63894945,1.0049693,0.124275987,0.15444521,0.138541802,4,4,0,0.0266802312,0,0,0.00750248576,0.0357515454
3938460209818,1.22537833e+14,0.63894945,1.0049693,0.15444521,0.19193831,0.172174193,3,3,0,0.0412063393,0.0833333333,0,0.0144001444,0.0357515454
3938460209818,1.22537833e+14,0.63894945,1.0049693,0.19193831,0.23853323,0.213971178,5,4,1,0.0636412174,0,0,0.0276393939,0.0357515454
3938460209818,1.22537833e+14,0.63894945,1.0049693,0.23853323,0.296439527,0.265914795,4,4,0,0.0982908122,0.333333333,0,0.0530505856,0.0357515454
3938460209818,1.22537833e+14,0.63894945,1.0049693,0.296439527,0.36840315,0.330468237,7,5,2,0.151805452,0.25,0,0.101824398,0.0357515454
3938460209818,1.22537833e+14,0.63894945,1.0049693,0.36840315,0.457836652,0.410692665,6,6,0,0.23445625,0.25,0,0.195440028,0.0357515454
3938460209818,1.22537833e+14,0.63894945,1.0049693,0.457836652,0.56898102,0.510392364,8,7,1,0.362106448,0.583333333,0,0.375124288,0.0357515454
3938460209818,1.22537833e+14,0.63894945,1.0049693,0.56898102,0.707106781,0.63429515,9,8,1,0.559256066,1.16666667,0,0.72000722,0.0357515454
3938460209818,1.22537833e+14,0.63894945,1.0049693,0.707106781,0.878763934,0.788276561,13,7,6,0.863744208,1.41666667,0,1.38196969,0.0357515454
3938460209818,1.22537833e+14,0.63894945,1.0049693,0.878763934,1.09209256,0.97963848,20,13,7,1.33401156,1.83333333,0,2.65252928,0.0357515454
3938460209818,1.22537833e+14,0.63894945,1.0049693,1.09209256,1.35720881,1.21745539,17,7,10,2.06031696,3.08333333,6,5.09121988,0.0357515454
3938460209818,1.22537833e+14,0.63894945,1.0049693,1.35720881,1.68668465,1.51300471,27,14,13,3.18206087,6.58333333,3,9.77200141,0.0357515454
3938460209818,1.22537833e+14,0.63894945,1.0049693,1.68668465,2.096144,1.88030155,48,14,34,4.91454061,8.25,12,18.7562144,0.0357515454
3938460209818,1.22537833e+14,0.63894945,1.0049693,2.096144,2.60500365,2.33676331,32,6,26,7.59027259,13.3333333,13,36.000361,0.0357515454
3938460209818,1.22537833e+14,0.63894945,1.0049693,2.60500365,3.23739401,2.90403568,45,1,44,11.7228125,26.25,12,69.0984847,0.0357515454
3938460209818,1.22537833e+14,0.63894945,1.0049693,3.23739401,4.02330338,3.60901902,109,0,109,18.1053224,40.8333333,12,132.626464,0.0357515454
3938460209818,1.22537833e+14,0.63894945,1.0049693,4.02330338,5,4.48514402,134,0,134,27.9628033,50.9166667,18,254.560994,0.0357515454
3938460228487,2.31342912e+14,0.65304834,1.241485,0.1,0.124275987,0.11147914,3,3,0,0.026362859,0.166666667,0,0.00736901698,0.0339045854
3938460228487,2.31342912e+14,0.65304834,1.241485,0.124275987,0.15444521,0.138541802,3,3,0,0.0407161731,0,0,0.0141439667,0.0339045854
3938460228487,2.31342912e+14,0.65304834,1.241485,0.15444521,0.19193831,0.172174193,5,5,0,0.0628841793,0.25,0,0.0271476907,0.0339045854
3938460228487,2.31342912e+14,0.65304834,1.241485,0.19193831,0.23853323,0.213971178,5,5,0,0.097121603,0.166666667,0,0.0521068188,0.0339045854
3938460228487,2.31342912e+14,0.65304834,1.241485,0.23853323,0.296439527,0.265914795,6,6,0,0.149999664,0.25,0,0.100012948,0.0339045854
3938460228487,2.31342912e+14,0.65304834,1.241485,0.296439527,0.36840315,0.330468237,6,6,0,0.231667297,0.0833333333,0,0.191963162,0.0339045854
3938460228487,2.31342912e+14,0.65304834,1.241485,0.36840315,0.457836652,0.410692665,7,7,0,0.357799045,0.833333333,0,0.368450849,0.0339045854
3938460228487,2.31342912e+14,0.65304834,1.241485,0.457836652,0.56898102,0.510392364,10,10,0,0.552603488,1,0,0.707198334,0.0339045854
3938460228487,2.31342912e+14,0.65304834,1.241485,0.56898102,0.707106781,0.63429515,11,9,2,0.85346962,1.33333333,0,1.35738453,0.0339045854
3938460228487,2.31342912e+14,0.65304834,1.241485,0.707106781,0.878763934,0.788276561,19,15,4,1.31814295,2.16666667,0,2.60534094,0.0339045854
3938460228487,2.31342912e+14,0.65304834,1.241485,0.878763934,1.09209256,0.97963848,48,21,27,2.03580866,3.16666667,5,5.00064738,0.0339045854
3938460228487,2.31342912e+14,0.65304834,1.241485,1.09209256,1.35720881,1.21745539,45,12,33,3.14420896,5.75,9,9.59815808,0.0339045854
3938460228487,2.31342912e+14,0.65304834,1.241485,1.35720881,1.68668465,1.51300471,59,16,43,4.85608015,9.33333333,14,18.4225425,0.0339045854
3938460228487,2.31342912e+14,0.65304834,1.241485,1.68668465,2.096144,1.88030155,74,19,55,7.49998321,19.25,18,35.3599167,0.0339045854
3938460228487,2.31342912e+14,0.65304834,1.241485,2.096144,2.60500365,2.33676331,72,10,62,11.5833649,27.9166667,17,67.8692267,0.0339045854
3938460228487,2.31342912e+14,0.65304834,1.241485,2.60500365,3.23739401,2.90403568,111,1,110,17.8899522,54.9166667,29,130.267047,0.0339045854
3938460228487,2.31342912e+14,0.65304834,1.241485,3.23739401,4.02330338,3.60901902,178,0,178,27.6301744,72,40,250.032369,0.0339045854
3938460228487,2.31342912e+14,0.65304834,1.241485,4.02330338,5,4.48514402,218,0,218,42.673481,130.083333,43,479.907904,0.0339045854
3938460248914,1.25254748e+14,0.65335596,1.01328595,0.1,0.124275987,0.11147914,2,2,0,0.0175619847,0.0833333333,0,0.004006648,0.0338844718
3938460248914,1.25254748e+14,0.65335596,1.01328595,0.124275987,0.15444521,0.138541802,3,2,1,0.0271236443,0,0,0.00769029248,0.0338844718
3938460248914,1.25254748e+14,0.65335596,1.01328595,0.15444521,0.19193831,0.172174193,5,5,0,0.0418911695,0,0,0.0147606174,0.0338844718
3938460248914,1.25254748e+14,0.65335596,1.01328595,0.19193831,0.23853323,0.213971178,4,4,0,0.064698905,0.25,0,0.0283312797,0.0338844718
3938460248914,1.25254748e+14,0.65335596,1.01328595,0.23853323,0.296439527,0.265914795,9,7,2,0.09992436,0.25,0,0.0543785796,0.0338844718
3938460248914,1.25254748e+14,0.65335596,1.01328595,0.296439527,0.36840315,0.330468237,12,6,6,0.154328388,0.333333333,0,0.104373327,0.0338844718
3938460248914,1.25254748e+14,0.65335596,1.01328595,0.36840315,0.457836652,0.410692665,15,12,3,0.238352804,0.25,0,0.2003324,0.0338844718
3938460248914,1.25254748e+14,0.65335596,1.01328595,0.457836652,0.56898102,0.510392364,17,10,7,0.36812449,0.583333333,0,0.384514624,0.0338844718
3938460248914,1.25254748e+14,0.65335596,1.01328595,0.56898102,0.707106781,0.63429515,24,17,7,0.568550643,0.666666667,0,0.738030872,0.0338844718
3938460248914,1.25254748e+14,0.65335596,1.01328595,0.707106781,0.878763934,0.788276561,21,12,9,0.878099237,1.33333333,0,1.41656399,0.0338844718
3938460248914,1.25254748e+14,0.65335596,1.01328595,0.878763934,1.09209256,0.97963848,24,8,16,1.35618222,1.91666667,2,2.71892898,0.0338844718
3938460248914,1.25254748e+14,0.65335596,1.01328595,1.09209256,1.35720881,1.21745539,39,8,31,2.09455848,4.08333333,4,5.21866635,0.0338844718
3938460248914,1.25254748e+14,0.65335596,1.01328595,1.35720881,1.68668465,1.51300471,43,9,34,3.23494525,5.58333333,2,10.01662,0.0338844718
3938460248914,1.25254748e+14,0.65335596,1.01328595,1.68668465,2.096144,1.88030155,70,6,64,4.996218,9.83333333,3,19.2257312,0.0338844718
3938460248914,1.25254748e+14,0.65335596,1.01328595,2.096144,2.60500365,2.33676331,85,6,79,7.71641941,18.0833333,8,36.9015436,0.0338844718
3938460248914,1.25254748e+14,0.65335596,1.01328595,2.60500365,3.23739401,2.90403568,76,1,75,11.9176402,25.5833333,15,70.8281993,0.0338844718
3938460248914,1.25254748e+14,0.65335596,1.01328595,3.23739401,4.02330338,3.60901902,159,0,159,18.4062245,37.1666667,17,135.946449,0.0338844718
3938460248914,1.25254748e+14,0.65335596,1.01328595,4.02330338,5,4.48514402,265,0,265,28.4275321,58.0833333,27,260.933317,0.0338844718
3938460265563,1.94031034e+14,0.6556644,1.1708328,0.1,0.124275987,0.11147914,6,5,1,0.0234476496,0.0833333333,0,0.00618115691,0.0337332969
3938460265563,1.94031034e+14,0.6556644,1.1708328,0.124275987,0.15444521,0.138541802,6,6,0,0.0362137717,0,0,0.0118640081,0.0337332969
3938460265563,1.94031034e+14,0.6556644,1.1708328,0.15444521,0.19193831,0.172174193,3,3,0,0.055930436,0,0,0.0227715768,0.0337332969
3938460265563,1.94031034e+14,0.6556644,1.1708328,0.19193831,0.23853323,0.213971178,5,5,0,0.0863818795,0,0,0.0437073797,0.0337332969
3938460265563,1.94031034e+14,0.6556644,1.1708328,0.23853323,0.296439527,0.265914795,11,6,5,0.133412676,0.0833333333,0,0.0838912061,0.0337332969
3938460265563,1.94031034e+14,0.6556644,1.1708328,0.296439527,0.36840315,0.330468237,10,6,4,0.206049488,0.333333333,0,0.161019363,0.0337332969
3938460265563,1.94031034e+14,0.6556644,1.1708328,0.36840315,0.457836652,0.410692665,10,7,3,0.318233565,0.583333333,0,0.309057846,0.0337332969
3938460265563,1.94031034e+14,0.6556644,1.1708328,0.457836652,0.56898102,0.510392364,11,8,3,0.4914965,0.75,0,0.593200407,0.0337332969
3938460265563,1.94031034e+14,0.6556644,1.1708328,0.56898102,0.707106781,0.63429515,11,7,4,0.759092803,1.16666667,0,1.13857884,0.0337332969
3938460265563,1.94031034e+14,0.6556644,1.1708328,0.707106781,0.878763934,0.788276561,19,10,9,1.17238248,1.91666667,0,2.18536898,0.0337332969
3938460265563,1.94031034e+14,0.6556644,1.1708328,0.878763934,1.09209256,0.97963848,33,19,14,1.81068859,3.41666667,2,4.1945603,0.0337332969
3938460265563,1.94031034e+14,0.6556644,1.1708328,1.09209256,1.35720881,1.21745539,41,12,29,2.7965218,4.91666667,2,8.05096817,0.0337332969
3938460265563,1.94031034e+14,0.6556644,1.1708328,1.35720881,1.68668465,1.51300471,45,15,30,4.31909398,6.58333333,7,15.4528923,0.0337332969
3938460265563,1.94031034e+14,0.6556644,1.1708328,1.68668465,2.096144,1.88030155,48,10,38,6.67063378,9.16666667,4,29.6600203,0.0337332969
3938460265563,1.94031034e+14,0.6556644,1.1708328,2.096144,2.60500365,2.33676331,66,6,60,10.3024744,16.1666667,5,56.9289419,0.0337332969
3938460265563,1.94031034e+14,0.6556644,1.1708328,2.60500365,3.23739401,2.90403568,97,1,96,15.9116783,31.75,12,109.268449,0.0337332969
3938460265563,1.94031034e+14,0.6556644,1.1708328,3.23739401,4.02330338,3.60901902,105,0,105,24.574825,42.5833333,18,209.728015,0.0337332969
3938460265563,1.94031034e+14,0.6556644,1.1708328,4.02330338,5,4.48514402,112,0,112,37.9546402,72.6666667,27,402.548409,0.0337332969
3938460280138,1.33477541e+14,0.61029154,1.0347981,0.1,0.124275987,0.11147914,3,2,1,0.0183155852,0.166666667,0,0.0042672884,0.0371612095
3938460280138,1.33477541e+14,0.61029154,1.0347981,0.124275987,0.15444521,0.138541802,4,1,3,0.0282875441,0.0833333333,0,0.00819056126,0.0371612095
3938460280138,1.33477541e+14,0.61029154,1.0347981,0.15444521,0.19193831,0.172174193,3,3,0,0.043688757,0.166666667,0,0.0157208249,0.0371612095
3938460280138,1.33477541e+14,0.61029154,1.0347981,0.19193831,0.23853323,0.213971178,4,4,0,0.0674751928,0.333333333,0,0.0301742857,0.0371612095
3938460280138,1.33477541e+14,0.61029154,1.0347981,0.23853323,0.296439527,0.265914795,2,2,0,0.104212204,0.333333333,0,0.0579160141,0.0371612095
3938460280138,1.33477541e+14,0.61029154,1.0347981,0.296439527,0.36840315,0.330468237,2,2,0,0.160950757,0.833333333,0,0.111163019,0.0371612095
3938460280138,1.33477541e+14,0.61029154,1.0347981,0.36840315,0.457836652,0.410692665,8,6,2,0.248580736,0.416666667,0,0.21336442,0.0371612095
3938460280138,1.33477541e+14,0.61029154,1.0347981,0.457836652,0.56898102,0.510392364,8,7,1,0.38392104,1.08333333,0,0.409528063,0.0371612095
3938460280138,1.33477541e+14,0.61029154,1.0347981,0.56898102,0.707106781,0.63429515,11,5,6,0.592947659,1.91666667,0,0.786041244,0.0371612095
3938460280138,1.33477541e+14,0.61029154,1.0347981,0.707106781,0.878763934,0.788276561,14,5,9,0.91577926,1.83333333,0,1.50871428,0.0371612095
3938460280138,1.33477541e+14,0.61029154,1.0347981,0.878763934,1.09209256,0.97963848,21,12,9,1.41437721,3.08333333,2,2.8958007,0.0371612095
3938460280138,1.33477541e+14,0.61029154,1.0347981,1.09209256,1.35720881,1.21745539,37,13,24,2.18443785,5.66666667,2,5.55815094,0.0371612095
3938460280138,1.33477541e+14,0.61029154,1.0347981,1.35720881,1.68668465,1.51300471,40,15,25,3.37375964,7.66666667,4,10.668221,0.0371612095
3938460280138,1.33477541e+14,0.61029154,1.0347981,1.68668465,2.096144,1.88030155,42,9,33,5.21061018,11.9166667,5,20.4764031,0.0371612095
3938460280138,1.33477541e+14,0.61029154,1.0347981,2.096144,2.60500365,2.33676331,38,10,28,8.04753785,19.75,10,39.3020622,0.0371612095
3938460280138,1.33477541e+14,0.61029154,1.0347981,2.60500365,3.23739401,2.90403568,42,0,42,12.4290368,32.25,13,75.4357141,0.0371612095
3938460280138,1.33477541e+14,0.61029154,1.0347981,3.23739401,4.02330338,3.60901902,106,0,106,19.196052,45.5,11,144.790035,0.0371612095
3938460280138,1.33477541e+14,0.61029154,1.0347981,4.02330338,5,4.48514402,133,0,133,29.6473829,80.6666667,22,277.907547,0.0371612095
3938460324684,2.12985578e+14,0.61935514,1.2076781,0.1,0.124275987,0.11147914,3,3,0,0.0249466329,0.0833333333,0,0.00678326369,0.0368049009
3938460324684,2.12985578e+14,0.61935514,1.2076781,0.124275987,0.15444521,0.138541802,2,2,0,0.0385288796,0.0833333333,0,0.0130196817,0.0368049009
3938460324684,2.12985578e+14,0.61935514,1.2076781,0.15444521,0.19193831,0.172174193,6,6,0,0.0595060093,0.0833333333,0,0.0249897571,0.0368049009
3938460324684,2.12985578e+14,0.61935514,1.2076781,0.19193831,0.23853323,0.213971178,4,4,0,0.0919041813,0.166666667,0,0.0479649175,0.0368049009
3938460324684,2.12985578e+14,0.61935514,1.2076781,0.23853323,0.296439527,0.265914795,9,9,0,0.141941606,0.25,0,0.0920630523,0.0368049009
3938460324684,2.12985578e+14,0.61935514,1.2076781,0.296439527,0.36840315,0.330468237,9,9,0,0.219222012,0.25,0,0.176704267,0.0368049009
3938460324684,2.12985578e+14,0.61935514,1.2076781,0.36840315,0.457836652,0.410692665,12,11,1,0.338577899,0.666666667,0,0.339163185,0.0368049009
3938460324684,2.12985578e+14,0.61935514,1.2076781,0.457836652,0.56898102,0.510392364,13,11,2,0.522917348,0.666666667,0,0.650984086,0.0368049009
3938460324684,2.12985578e+14,0.61935514,1.2076781,0.56898102,0.707106781,0.63429515,12,11,1,0.807620799,1.75,0,1.24948785,0.0368049009
3938460324684,2.12985578e+14,0.61935514,1.2076781,0.707106781,0.878763934,0.788276561,24,20,4,1.24733164,2.66666667,0,2.39824588,0.0368049009
3938460324684,2.12985578e+14,0.61935514,1.2076781,0.878763934,1.09209256,0.97963848,32,17,15,1.92644398,4.16666667,10,4.60315261,0.0368049009
3938460324684,2.12985578e+14,0.61935514,1.2076781,1.09209256,1.35720881,1.21745539,43,14,29,2.97530046,7.08333333,10,8.83521335,0.0368049009
3938460324684,2.12985578e+14,0.61935514,1.2076781,1.35720881,1.68668465,1.51300471,42,11,31,4.59520906,8.75,7,16.9581592,0.0368049009
3938460324684,2.12985578e+14,0.61935514,1.2076781,1.68668465,2.096144,1.88030155,84,17,67,7.09708031,17.0833333,15,32.5492043,0.0368049009
3938460324684,2.12985578e+14,0.61935514,1.2076781,2.096144,2.60500365,2.33676331,68,6,62,10.9611006,24.5,22,62.4743927,0.0368049009
3938460324684,2.12985578e+14,0.61935514,1.2076781,2.60500365,3.23739401,2.90403568,87,2,85,16.9288949,35.0833333,27,119.912294,0.0368049009
3938460324684,2.12985578e+14,0.61935514,1.2076781,3.23739401,4.02330338,3.60901902,111,0,111,26.1458674,59.25,32,230.157631,0.0368049009
3938460324684,2.12985578e+14,0.61935514,1.2076781,4.02330338,5,4.48514402,209,0,209,40.38104,97.25,60,441.760668,0.0368049009
3938460449234,1.81642804e+14,0.63536817,1.1454889,0.1,0.124275987,0.11147914,6,5,1,0.0224435382,0,0,0.00578838998,0.035845074
3938460449234,1.81642804e+14,0.63536817,1.1454889,0.124275987,0.15444521,0.138541802,5,5,0,0.0346629698,0.0833333333,0,0.0111101379,0.035845074
3938460449234,1.81642804e+14,0.63536817,1.1454889,0.15444521,0.19193831,0.172174193,2,2,0,0.0535352967,0.0833333333,0,0.021324611,0.035845074
3938460449234,1.81642804e+14,0.63536817,1.1454889,0.19193831,0.23853323,0.213971178,9,8,1,0.0826827017,0.0833333333,0,0.040930098,0.035845074
3938460449234,1.81642804e+14,0.63536817,1.1454889,0.23853323,0.296439527,0.265914795,6,6,0,0.127699473,0.166666667,0,0.0785605386,0.035845074
3938460449234,1.81642804e+14,0.63536817,1.1454889,0.296439527,0.36840315,0.330468237,7,6,1,0.197225719,0.416666667,0,0.15078777,0.035845074
3938460449234,1.81642804e+14,0.63536817,1.1454889,0.36840315,0.457836652,0.410692665,10,9,1,0.304605677,0.416666667,0,0.289419499,0.035845074
3938460449234,1.81642804e+14,0.63536817,1.1454889,0.457836652,0.56898102,0.510392364,11,11,0,0.47044888,1.33333333,0,0.555506896,0.035845074
3938460449234,1.81642804e+14,0.63536817,1.1454889,0.56898102,0.707106781,0.63429515,21,17,4,0.726585763,2,0,1.06623055,0.035845074
3938460449234,1.81642804e+14,0.63536817,1.1454889,0.707106781,0.878763934,0.788276561,22,18,4,1.12217691,2.75,0,2.0465049,0.035845074
3938460449234,1.81642804e+14,0.63536817,1.1454889,0.878763934,1.09209256,0.97963848,21,8,13,1.73314849,2.5,1,3.92802693,0.035845074
3938460449234,1.81642804e+14,0.63536817,1.1454889,1.09209256,1.35720881,1.21745539,38,17,21,2.67676484,6.33333333,9,7.53938852,0.035845074
3938460449234,1.81642804e+14,0.63536817,1.1454889,1.35720881,1.68668465,1.51300471,49,20,29,4.13413508,8.16666667,7,14.4709749,0.035845074
3938460449234,1.81642804e+14,0.63536817,1.1454889,1.68668465,2.096144,1.88030155,42,8,34,6.38497363,13.75,10,27.7753448,0.035845074
3938460449234,1.81642804e+14,0.63536817,1.1454889,2.096144,2.60500365,2.33676331,52,16,36,9.86128597,20.8333333,10,53.3115275,0.035845074
3938460449234,1.81642804e+14,0.63536817,1.1454889,2.60500365,3.23739401,2.90403568,48,2,46,15.2302839,33.75,16,102.325245,0.035845074
3938460449234,1.81642804e+14,0.63536817,1.1454889,3.23739401,4.02330338,3.60901902,109,0,109,23.522444,46.75,25,196.401347,0.035845074
3938460449234,1.81642804e+14,0.63536817,1.1454889,4.02330338,5,4.48514402,157,0,157,36.3292881,80.8333333,26,376.969426,0.035845074
3938460474833,1.76866343e+14,0.65967286,1.135389,0.1,0.124275987,0.11147914,2,2,0,0.0220495088,0,0,0.00563662541,0.0336425627
3938460474833,1.76866343e+14,0.65967286,1.135389,0.124275987,0.15444521,0.138541802,1,1,0,0.0340544102,0.25,0,0.0108188436,0.0336425627
3938460474833,1.76866343e+14,0.65967286,1.135389,0.15444521,0.19193831,0.172174193,3,3,0,0.0525954056,0.333333333,0,0.0207655056,0.0336425627
3938460474833,1.76866343e+14,0.65967286,1.135389,0.19193831,0.23853323,0.213971178,6,6,0,0.0812310849,0.5,0,0.0398569605,0.0336425627
3938460474833,1.76866343e+14,0.65967286,1.135389,0.23853323,0.296439527,0.265914795,8,8,0,0.12545752,0.166666667,0,0.0765007766,0.0336425627
3938460474833,1.76866343e+14,0.65967286,1.135389,0.296439527,0.36840315,0.330468237,4,4,0,0.193763131,0.416666667,0,0.146834298,0.0336425627
3938460474833,1.76866343e+14,0.65967286,1.135389,0.36840315,0.457836652,0.410692665,5,5,0,0.299257875,0.916666667,0,0.281831271,0.0336425627
3938460474833,1.76866343e+14,0.65967286,1.135389,0.457836652,0.56898102,0.510392364,20,19,1,0.462189455,1.25,0,0.540942179,0.0336425627
3938460474833,1.76866343e+14,0.65967286,1.135389,0.56898102,0.707106781,0.63429515,17,17,0,0.713829477,1.5,0,1.03827528,0.0336425627
3938460474833,1.76866343e+14,0.65967286,1.135389,0.707106781,0.878763934,0.788276561,25,24,1,1.10247544,2.58333333,0,1.99284803,0.0336425627
3938460474833,1.76866343e+14,0.65967286,1.135389,0.878763934,1.09209256,0.97963848,21,14,7,1.70272051,3.16666667,0,3.82503883,0.0336425627
3938460474833,1.76866343e+14,0.65967286,1.135389,1.09209256,1.35720881,1.21745539,27,16,11,2.62977028,5.66666667,6,7.3417149,0.0336425627
3938460474833,1.76866343e+14,0.65967286,1.135389,1.35720881,1.68668465,1.51300471,22,14,8,4.06155424,9.25,8,14.0915635,0.0336425627
3938460474833,1.76866343e+14,0.65967286,1.135389,1.68668465,2.096144,1.88030155,32,11,21,6.272876,14.25,6,27.0471089,0.0336425627
3938460474833,1.76866343e+14,0.65967286,1.135389,2.096144,2.60500365,2.33676331,28,6,22,9.68815654,26.25,8,51.9137639,0.0336425627
3938460474833,1.76866343e+14,0.65967286,1.135389,2.60500365,3.23739401,2.90403568,36,0,36,14.9628938,34.9166667,7,99.6424013,0.0336425627
3938460474833,1.76866343e+14,0.65967286,1.135389,3.23739401,4.02330338,3.60901902,55,0,55,23.1094728,41.8333333,13,191.251941,0.0336425627
3938460474833,1.76866343e+14,0.65967286,1.135389,4.02330338,5,4.48514402,88,0,88,35.6914739,62.25,32,367.085745,0.0336425627
3938460492559,1.9567133e+14,0.65471184,1.1804086,0.1,0.124275987,0.11147914,1,1,0,0.0238327569,0,0,0.00633406072,0.0338142867
3938460492559,1.9567133e+14,0.65471184,1.1804086,0.124275987,0.15444521,0.138541802,6,6,0,0.0368085516,0,0,0.0121574891,0.0338142867
3938460492559,1.9567133e+14,0.65471184,1.1804086,0.15444521,0.19193831,0.172174193,6,6,0,0.056849045,0.333333333,0,0.0233348792,0.0338142867
3938460492559,1.9567133e+14,0.65471184,1.1804086,0.19193831,0.23853323,0.213971178,4,4,0,0.0878006273,0.25,0,0.0447885729,0.0338142867
3938460492559,1.9567133e+14,0.65471184,1.1804086,0.23853323,0.296439527,0.265914795,3,3,0,0.135603864,0.25,0,0.08596643,0.0338142867
3938460492559,1.9567133e+14,0.65471184,1.1804086,0.296439527,0.36840315,0.330468237,7,5,2,0.209433673,0.25,0,0.165002513,0.0338142867
3938460492559,1.9567133e+14,0.65471184,1.1804086,0.36840315,0.457836652,0.410692665,12,8,4,0.323460276,0.916666667,0,0.316703036,0.0338142867
3938460492559,1.9567133e+14,0.65471184,1.1804086,0.457836652,0.56898102,0.510392364,13,4,9,0.499568905,0.916666667,0,0.607874456,0.0338142867
3938460492559,1.9567133e+14,0.65471184,1.1804086,0.56898102,0.707106781,0.63429515,17,11,6,0.771560247,2.58333333,0,1.16674396,0.0338142867
3938460492559,1.9567133e+14,0.65471184,1.1804086,0.707106781,0.878763934,0.788276561,29,8,21,1.19163785,3.16666667,0,2.23942864,0.0338142867
3938460492559,1.9567133e+14,0.65471184,1.1804086,0.878763934,1.09209256,0.97963848,42,13,29,1.84042758,5.08333333,0,4.2983215,0.0338142867
3938460492559,1.9567133e+14,0.65471184,1.1804086,1.09209256,1.35720881,1.21745539,36,19,17,2.84245225,7.5,4,8.25012566,0.0338142867
3938460492559,1.9567133e+14,0.65471184,1.1804086,1.35720881,1.68668465,1.51300471,32,9,23,4.39003136,11.1666667,6,15.8351518,0.0338142867
3938460492559,1.9567133e+14,0.65471184,1.1804086,1.68668465,2.096144,1.88030155,35,10,25,6.78019318,15.5833333,4,30.3937228,0.0338142867
3938460492559,1.9567133e+14,0.65471184,1.1804086,2.096144,2.60500365,2.33676331,70,7,63,10.4716836,23.3333333,14,58.337198,0.0338142867
3938460492559,1.9567133e+14,0.65471184,1.1804086,2.60500365,3.23739401,2.90403568,68,1,67,16.1730138,41.5,10,111.971432,0.0338142867
3938460492559,1.9567133e+14,0.65471184,1.1804086,3.23739401,4.02330338,3.60901902,99,0,99,24.9784452,41.3333333,26,214.916075,0.0338142867
3938460492559,1.9567133e+14,0.65471184,1.1804086,4.02330338,5,4.48514402,89,0,89,38.5780123,69.1666667,26,412.506283,0.0338142867
3938460598403,2.58061488e+14,0.63482165,1.2893378,0.1,0.124275987,0.11147914,2,2,0,0.028434329,0.0833333333,0,0.00825439549,0.0359261165
3938460598403,2.58061488e+14,0.63482165,1.2893378,0.124275987,0.15444521,0.138541802,9,9,0,0.0439154593,0.0833333333,0,0.0158433472,0.0359261165
3938460598403,2.58061488e+14,0.63482165,1.2893378,0.15444521,0.19193831,0.172174193,7,7,0,0.0678253236,0,0,0.030409453,0.0359261165
3938460598403,2.58061488e+14,0.63482165,1.2893378,0.19193831,0.23853323,0.213971178,4,4,0,0.104752964,0.166666667,0,0.0583673902,0.0359261165
3938460598403,2.58061488e+14,0.63482165,1.2893378,0.23853323,0.296439527,0.265914795,6,4,2,0.161785935,0.166666667,0,0.112029383,0.0359261165
3938460598403,2.58061488e+14,0.63482165,1.2893378,0.296439527,0.36840315,0.330468237,8,6,2,0.249870628,1,0,0.215027304,0.0359261165
3938460598403,2.58061488e+14,0.63482165,1.2893378,0.36840315,0.457836652,0.410692665,15,13,2,0.385913218,1.16666667,0,0.412719774,0.0359261165
3938460598403,2.58061488e+14,0.63482165,1.2893378,0.457836652,0.56898102,0.510392364,15,11,4,0.596024482,1.58333333,0,0.792167361,0.0359261165
3938460598403,2.58061488e+14,0.63482165,1.2893378,0.56898102,0.707106781,0.63429515,28,16,12,0.920531266,4.16666667,0,1.52047265,0.0359261165
3938460598403,2.58061488e+14,0.63482165,1.2893378,0.707106781,0.878763934,0.788276561,26,12,14,1.42171645,5.5,0,2.91836951,0.0359261165
3938460598403,2.58061488e+14,0.63482165,1.2893378,0.878763934,1.09209256,0.97963848,46,17,29,2.19577296,9.16666667,1,5.60146913,0.0359261165
3938460598403,2.58061488e+14,0.63482165,1.2893378,1.09209256,1.35720881,1.21745539,80,21,59,3.39126618,13.8333333,7,10.7513652,0.0359261165
3938460598403,2.58061488e+14,0.63482165,1.2893378,1.35720881,1.68668465,1.51300471,67,16,51,5.23764819,19.25,3,20.6359887,0.0359261165
3938460598403,2.58061488e+14,0.63482165,1.2893378,1.68668465,2.096144,1.88030155,91,19,72,8.08929677,26.0833333,11,39.6083681,0.0359261165
3938460598403,2.58061488e+14,0.63482165,1.2893378,2.096144,2.60500365,2.33676331,82,7,75,12.4935314,36.1666667,16,76.0236324,0.0359261165
3938460598403,2.58061488e+14,0.63482165,1.2893378,2.60500365,3.23739401,2.90403568,132,0,132,19.2956609,52.9166667,18,145.918476,0.0359261165
3938460598403,2.58061488e+14,0.63482165,1.2893378,3.23739401,4.02330338,3.60901902,268,0,268,29.8012241,80.8333333,27,280.073457,0.0359261165
3938460598403,2.58061488e+14,0.63482165,1.2893378,4.02330338,5,4.48514402,239,0,239,46.0265633,125,42,537.56826,0.0359261165
3938460783156,2.51940622e+14,0.6257996,1.2773013,0.1,0.124275987,0.11147914,5,5,0,0.0279059147,0,0,0.00802537232,0.0365609399
3938460783156,2.51940622e+14,0.6257996,1.2773013,0.124275987,0.15444521,0.138541802,4,4,0,0.0430993487,0.166666667,0,0.015403764,0.0365609399
3938460783156,2.51940622e+14,0.6257996,1.2773013,0.15444521,0.19193831,0.172174193,7,7,0,0.0665648798,0,0,0.0295657244,0.0365609399
3938460783156,2.51940622e+14,0.6257996,1.2773013,0.19193831,0.23853323,0.213971178,4,4,0,0.102806269,0.25,0,0.0567479519,0.0365609399
3938460783156,2.51940622e+14,0.6257996,1.2773013,0.23853323,0.296439527,0.265914795,12,12,0,0.158779358,0.333333333,0,0.10892106,0.0365609399
3938460783156,2.51940622e+14,0.6257996,1.2773013,0.296439527,0.36840315,0.330468237,13,12,1,0.245227114,0.0833333333,0,0.209061242,0.0365609399
3938460783156,2.51940622e+14,0.6257996,1.2773013,0.36840315,0.457836652,0.410692665,7,6,1,0.378741532,0.5,0,0.401268616,0.0365609399
3938460783156,2.51940622e+14,0.6257996,1.2773013,0.457836652,0.56898102,0.510392364,27,24,3,0.584948157,1.41666667,0,0.770188202,0.0365609399
3938460783156,2.51940622e+14,0.6257996,1.2773013,0.56898102,0.707106781,0.63429515,23,20,3,0.903424412,2.91666667,0,1.47828622,0.0365609399
3938460783156,2.51940622e+14,0.6257996,1.2773013,0.707106781,0.878763934,0.788276561,21,17,4,1.39529573,5.08333333,0,2.8373976,0.0365609399
3938460783156,2.51940622e+14,0.6257996,1.2773013,0.878763934,1.09209256,0.97963848,20,12,8,2.15496743,5.66666667,3,5.446053,0.0365609399
3938460783156,2.51940622e+14,0.6257996,1.2773013,1.09209256,1.35720881,1.21745539,38,13,25,3.32824399,9.16666667,10,10.4530621,0.0365609399
3938460783156,2.51940622e+14,0.6257996,1.2773013,1.35720881,1.68668465,1.51300471,32,13,19,5.14031344,14.0833333,14,20.0634308,0.0365609399
3938460783156,2.51940622e+14,0.6257996,1.2773013,1.68668465,2.096144,1.88030155,50,15,35,7.93896791,18.9166667,13,38.5094101,0.0365609399
3938460783156,2.51940622e+14,0.6257996,1.2773013,2.096144,2.60500365,2.33676331,68,5,63,12.2613557,29.5833333,21,73.9143111,0.0365609399
3938460783156,2.51940622e+14,0.6257996,1.2773013,2.60500365,3.23739401,2.90403568,71,0,71,18.9370766,49.5,23,141.86988,0.0365609399
3938460783156,2.51940622e+14,0.6257996,1.2773013,3.23739401,4.02330338,3.60901902,116,0,116,29.2474078,79.75,35,272.30265,0.0365609399
3938460783156,2.51940622e+14,0.6257996,1.2773013,4.02330338,5,4.48514402,169,0,169,45.1712206,132.833333,66,522.653106,0.0365609399
3938460843103,1.72985299e+14,0.63970464,1.127196,0.1,0.124275987,0.11147914,3,3,0,0.0217324371,0,0,0.00551548165,0.0358256092
3938460843103,1.72985299e+14,0.63970464,1.127196,0.124275987,0.15444521,0.138541802,6,6,0,0.0335647083,0.25,0,0.0105863223,0.0358256092
3938460843103,1.72985299e+14,0.63970464,1.127196,0.15444521,0.19193831,0.172174193,2,2,0,0.0518390843,0,0,0.0203192081,0.0358256092
3938460843103,1.72985299e+14,0.63970464,1.127196,0.19193831,0.23853323,0.213971178,6,6,0,0.0800629829,0.333333333,0,0.0390003448,0.0358256092
3938460843103,1.72985299e+14,0.63970464,1.127196,0.23853323,0.296439527,0.265914795,6,6,0,0.123653442,0.5,0,0.0748566028,0.0358256092
3938460843103,1.72985299e+14,0.63970464,1.127196,0.296439527,0.36840315,0.330468237,5,4,1,0.19097682,0.583333333,0,0.143678499,0.0358256092
3938460843103,1.72985299e+14,0.63970464,1.127196,0.36840315,0.457836652,0.410692665,6,6,0,0.294954551,1.5,0,0.275774083,0.0358256092
3938460843103,1.72985299e+14,0.63970464,1.127196,0.457836652,0.56898102,0.510392364,16,14,2,0.455543177,1.58333333,0,0.529316115,0.0358256092
3938460843103,1.72985299e+14,0.63970464,1.127196,0.56898102,0.707106781,0.63429515,10,10,0,0.703564619,2,0,1.01596041,0.0358256092
3938460843103,1.72985299e+14,0.63970464,1.127196,0.707106781,0.878763934,0.788276561,15,13,2,1.08662186,3.66666667,0,1.95001724,0.0358256092
3938460843103,1.72985299e+14,0.63970464,1.127196,0.878763934,1.09209256,0.97963848,17,10,7,1.67823541,5.08333333,1,3.74283014,0.0358256092
3938460843103,1.72985299e+14,0.63970464,1.127196,1.09209256,1.35720881,1.21745539,33,10,23,2.59195422,5.83333333,6,7.18392493,0.0358256092
3938460843103,1.72985299e+14,0.63970464,1.127196,1.35720881,1.68668465,1.51300471,40,20,20,4.00314915,8.75,3,13.7887041,0.0358256092
3938460843103,1.72985299e+14,0.63970464,1.127196,1.68668465,2.096144,1.88030155,53,13,40,6.18267212,12.4166667,6,26.4658057,0.0358256092
3938460843103,1.72985299e+14,0.63970464,1.127196,2.096144,2.60500365,2.33676331,41,6,35,9.54884098,20.0833333,11,50.7980203,0.0358256092
3938460843103,1.72985299e+14,0.63970464,1.127196,2.60500365,3.23739401,2.90403568,59,0,59,14.7477275,25.6666667,12,97.500862,0.0358256092
3938460843103,1.72985299e+14,0.63970464,1.127196,3.23739401,4.02330338,3.60901902,68,0,68,22.7771589,46.8333333,14,187.141507,0.0358256092
3938460843103,1.72985299e+14,0.63970464,1.127196,4.02330338,5,4.48514402,123,0,123,35.1782309,87.8333333,30,359.196247,0.0358256092
3938460855058,1.65225166e+14,0.64111865,1.110513,0.1,0.124275987,0.11147914,2,2,0,0.0210938983,0,0,0.00527419361,0.0358350393
3938460855058,1.65225166e+14,0.64111865,1.110513,0.124275987,0.15444521,0.138541802,3,3,0,0.0325785156,0,0,0.0101231981,0.0358350393
3938460855058,1.65225166e+14,0.64111865,1.110513,0.15444521,0.19193831,0.172174193,4,4,0,0.050315957,0.0833333333,0,0.0194302954,0.0358350393
3938460855058,1.65225166e+14,0.64111865,1.110513,0.19193831,0.23853323,0.213971178,4,4,0,0.0777105857,0.0833333333,0,0.0372941807,0.0358350393
3938460855058,1.65225166e+14,0.64111865,1.110513,0.23853323,0.296439527,0.265914795,4,3,1,0.120020278,0.333333333,0,0.0715818202,0.0358350393
3938460855058,1.65225166e+14,0.64111865,1.110513,0.296439527,0.36840315,0.330468237,7,6,1,0.185365571,0.5,0,0.137392936,0.0358350393
3938460855058,1.65225166e+14,0.64111865,1.110513,0.36840315,0.457836652,0.410692665,8,6,2,0.286288246,1.33333333,0,0.26370968,0.0358350393
3938460855058,1.65225166e+14,0.64111865,1.110513,0.457836652,0.56898102,0.510392364,10,7,3,0.442158484,1.16666667,0,0.506159905,0.0358350393
3938460855058,1.65225166e+14,0.64111865,1.110513,0.56898102,0.707106781,0.63429515,15,10,5,0.682892601,1.66666667,0,0.971514769,0.0358350393
3938460855058,1.65225166e+14,0.64111865,1.110513,0.707106781,0.878763934,0.788276561,14,7,7,1.05469491,2.66666667,0,1.86470903,0.0358350393
3938460855058,1.65225166e+14,0.64111865,1.110513,0.878763934,1.09209256,0.97963848,28,12,16,1.62892578,4.08333333,2,3.57909101,0.0358350393
3938460855058,1.65225166e+14,0.64111865,1.110513,1.09209256,1.35720881,1.21745539,34,12,22,2.51579785,5.25,5,6.86964681,0.0358350393
3938460855058,1.65225166e+14,0.64111865,1.110513,1.35720881,1.68668465,1.51300471,21,8,13,3.88552929,11.1666667,2,13.185484,0.0358350393
3938460855058,1.65225166e+14,0.64111865,1.110513,1.68668465,2.096144,1.88030155,40,10,30,6.00101389,17,7,25.3079952,0.0358350393
3938460855058,1.65225166e+14,0.64111865,1.110513,2.096144,2.60500365,2.33676331,32,4,28,9.26827853,22.75,8,48.5757385,0.0358350393
3938460855058,1.65225166e+14,0.64111865,1.110513,2.60500365,3.23739401,2.90403568,43,1,42,14.3144123,45.6666667,8,93.2354516,0.0358350393
3938460855058,1.65225166e+14,0.64111865,1.110513,3.23739401,4.02330338,3.60901902,64,0,64,22.1079242,76.4166667,25,178.954551,0.0358350393
3938460855058,1.65225166e+14,0.64111865,1.110513,4.02330338,5,4.48514402,86,0,86,34.14463,104.666667,27,343.482341,0.0358350393
3938460856738,5.1253697e+14,0.63176364,1.6185004,0.1,0.124275987,0.11147914,13,12,1,0.044805897,0,0,0.0163276454,0.0361404817
3938460856738,5.1253697e+14,0.63176364,1.6185004,0.124275987,0.15444521,0.138541802,10,10,0,0.0692005619,0.166666667,0,0.0313390068,0.0361404817
3938460856738,5.1253697e+14,0.63176364,1.6185004,0.15444521,0.19193831,0.172174193,10,9,1,0.106876954,0.333333333,0,0.06015156,0.0361404817
3938460856738,5.1253697e+14,0.63176364,1.6185004,0.19193831,0.23853323,0.213971178,14,11,3,0.165066336,0.333333333,0,0.115453888,0.0361404817
3938460856738,5.1253697e+14,0.63176364,1.6185004,0.23853323,0.296439527,0.265914795,21,21,0,0.25493705,0.166666667,0,0.221600242,0.0361404817
3938460856738,5.1253697e+14,0.63176364,1.6185004,0.296439527,0.36840315,0.330468237,26,22,4,0.393738063,0.333333333,0,0.42533576,0.0361404817
3938460856738,5.1253697e+14,0.63176364,1.6185004,0.36840315,0.457836652,0.410692665,21,19,2,0.608109581,1,0,0.816382271,0.0361404817
3938460856738,5.1253697e+14,0.63176364,1.6185004,0.457836652,0.56898102,0.510392364,26,23,3,0.939196122,1.25,0,1.56695034,0.0361404817
3938460856738,5.1253697e+14,0.63176364,1.6185004,0.56898102,0.707106781,0.63429515,36,31,5,1.45054343,2.25,0,3.007578,0.0361404817
3938460856738,5.1253697e+14,0.63176364,1.6185004,0.707106781,0.878763934,0.788276561,47,30,17,2.24029485,4.41666667,0,5.7726944,0.0361404817
3938460856738,5.1253697e+14,0.63176364,1.6185004,0.878763934,1.09209256,0.97963848,37,22,15,3.4600281,6.41666667,3,11.0800121,0.0361404817
3938460856738,5.1253697e+14,0.63176364,1.6185004,1.09209256,1.35720881,1.21745539,59,41,18,5.34384768,9.66666667,7,21.266788,0.0361404817
3938460856738,5.1253697e+14,0.63176364,1.6185004,1.35720881,1.68668465,1.51300471,57,36,21,8.25331679,11.3333333,12,40.8191136,0.0361404817
3938460856738,5.1253697e+14,0.63176364,1.6185004,1.68668465,2.096144,1.88030155,52,24,28,12.7468525,21.25,8,78.3475169,0.0361404817
3938460856738,5.1253697e+14,0.63176364,1.6185004,2.096144,2.60500365,2.33676331,85,13,72,19.6869032,38.25,19,150.3789,0.0361404817
3938460856738,5.1253697e+14,0.63176364,1.6185004,2.60500365,3.23739401,2.90403568,102,2,100,30.405479,68,32,288.63472,0.0361404817
3938460856738,5.1253697e+14,0.63176364,1.6185004,3.23739401,4.02330338,3.60901902,156,0,156,46.9598061,107,49,554.000605,0.0361404817
3938460856738,5.1253697e+14,0.63176364,1.6185004,4.02330338,5,4.48514402,224,0,224,72.5271714,145.833333,81,1063.3394,0.0361404817
3938460884341,1.01567835e+14,0.64444697,0.94419226,0.1,0.124275987,0.11147914,2,1,1,0.0152486159,0,0,0.00324165234,0.0349965361
3938460884341,1.01567835e+14,0.64444697,0.94419226,0.124275987,0.15444521,0.138541802,0,0,0,0.023550757,0,0,0.00622197272,0.0349965361
3938460884341,1.01567835e+14,0.64444697,0.94419226,0.15444521,0.19193831,0.172174193,3,3,0,0.0363730162,0,0,0.0119423493,0.0349965361
3938460884341,1.01567835e+14,0.64444697,0.94419226,0.19193831,0.23853323,0.213971178,1,1,0,0.0561763814,0,0,0.0229219435,0.0349965361
3938460884341,1.01567835e+14,0.64444697,0.94419226,0.23853323,0.296439527,0.265914795,4,4,0,0.0867617305,0.166666667,0,0.043995991,0.0349965361
3938460884341,1.01567835e+14,0.64444697,0.94419226,0.296439527,0.36840315,0.330468237,4,4,0,0.133999337,0.333333333,0,0.0844451618,0.0349965361
3938460884341,1.01567835e+14,0.64444697,0.94419226,0.36840315,0.457836652,0.410692665,4,4,0,0.206955559,0.5,0,0.162082617,0.0349965361
3938460884341,1.01567835e+14,0.64444697,0.94419226,0.457836652,0.56898102,0.510392364,8,6,2,0.319632948,1.08333333,0,0.311098636,0.0349965361
3938460884341,1.01567835e+14,0.64444697,0.94419226,0.56898102,0.707106781,0.63429515,9,7,2,0.493657779,1.41666667,0,0.597117466,0.0349965361
3938460884341,1.01567835e+14,0.64444697,0.94419226,0.707106781,0.878763934,0.788276561,6,2,4,0.762430796,2.16666667,0,1.14609717,0.0349965361
3938460884341,1.01567835e+14,0.64444697,0.94419226,0.878763934,1.09209256,0.97963848,4,3,1,1.17753785,2.75,3,2.19979955,0.0349965361
3938460884341,1.01567835e+14,0.64444697,0.94419226,1.09209256,1.35720881,1.21745539,24,16,8,1.81865081,3.41666667,2,4.22225809,0.0349965361
3938460884341,1.01567835e+14,0.64444697,0.94419226,1.35720881,1.68668465,1.51300471,23,8,15,2.80881907,6.16666667,3,8.10413084,0.0349965361
3938460884341,1.01567835e+14,0.64444697,0.94419226,1.68668465,2.096144,1.88030155,13,5,8,4.33808652,9.08333333,2,15.5549318,0.0349965361
3938460884341,1.01567835e+14,0.64444697,0.94419226,2.096144,2.60500365,2.33676331,32,2,30,6.69996686,16.0833333,3,29.8558733,0.0349965361
3938460884341,1.01567835e+14,0.64444697,0.94419226,2.60500365,3.23739401,2.90403568,63,0,63,10.3477779,24.6666667,4,57.3048587,0.0349965361
3938460884341,1.01567835e+14,0.64444697,0.94419226,3.23739401,4.02330338,3.60901902,79,0,79,15.9816474,36.9166667,17,109.989978,0.0349965361
3938460884341,1.01567835e+14,0.64444697,0.94419226,4.02330338,5,4.48514402,166,0,166,24.682889,56.75,10,211.112905,0.0349965361
3938460884545,1.20315117e+14,0.64552003,0.99854333,0.1,0.124275987,0.11147914,1,1,0,0.0170546725,0,0,0.00383429808,0.0347994052
3938460884545,1.20315117e+14,0.64552003,0.99854333,0.124275987,0.15444521,0.138541802,2,2,0,0.0263401248,0,0,0.00735948696,0.0347994052
3938460884545,1.20315117e+14,0.64552003,0.99854333,0.15444521,0.19193831,0.172174193,3,3,0,0.0406810612,0,0,0.0141256749,0.0347994052
3938460884545,1.20315117e+14,0.64552003,0.99854333,0.19193831,0.23853323,0.213971178,6,6,0,0.0628299507,0.0833333333,0,0.0271125818,0.0347994052
3938460884545,1.20315117e+14,0.64552003,0.99854333,0.23853323,0.296439527,0.265914795,4,4,0,0.0970378496,0.25,0,0.0520394313,0.0347994052
3938460884545,1.20315117e+14,0.64552003,0.99854333,0.296439527,0.36840315,0.330468237,4,4,0,0.149870311,0.0833333333,0,0.0998836052,0.0347994052
3938460884545,1.20315117e+14,0.64552003,0.99854333,0.36840315,0.457836652,0.410692665,8,8,0,0.231467517,0.166666667,0,0.191714904,0.0347994052
3938460884545,1.20315117e+14,0.64552003,0.99854333,0.457836652,0.56898102,0.510392364,3,3,0,0.357490494,0.25,0,0.367974348,0.0347994052
3938460884545,1.20315117e+14,0.64552003,0.99854333,0.56898102,0.707106781,0.63429515,9,8,1,0.552126947,0.833333333,0,0.706283746,0.0347994052
3938460884545,1.20315117e+14,0.64552003,0.99854333,0.707106781,0.878763934,0.788276561,13,10,3,0.852733625,1,0,1.35562909,0.0347994052
3938460884545,1.20315117e+14,0.64552003,0.99854333,0.878763934,1.09209256,0.97963848,19,11,8,1.31700624,1.41666667,0,2.60197157,0.0347994052
3938460884545,1.20315117e+14,0.64552003,0.99854333,1.09209256,1.35720881,1.21745539,18,7,11,2.03405306,3,7,4.99418026,0.0347994052
3938460884545,1.20315117e+14,0.64552003,0.99854333,1.35720881,1.68668465,1.51300471,17,10,7,3.14149753,5.75,4,9.58574521,0.0347994052
3938460884545,1.20315117e+14,0.64552003,0.99854333,1.68668465,2.096144,1.88030155,27,5,22,4.85189248,8.25,3,18.3987174,0.0347994052
3938460884545,1.20315117e+14,0.64552003,0.99854333,2.096144,2.60500365,2.33676331,62,5,57,7.49351555,11.75,3,35.3141873,0.0347994052
3938460884545,1.20315117e+14,0.64552003,0.99854333,2.60500365,3.23739401,2.90403568,82,1,81,11.5733759,26.8333333,11,67.7814544,0.0347994052
3938460884545,1.20315117e+14,0.64552003,0.99854333,3.23739401,4.02330338,3.60901902,170,0,170,17.8745247,48.5833333,7,130.098578,0.0347994052
3938460884545,1.20315117e+14,0.64552003,0.99854333,4.02330338,5,4.48514402,219,0,219,27.6063473,71.75,31,249.709013,0.0347994052
3938460975830,2.91941071e+14,0.66153294,1.3417279,0.1,0.124275987,0.11147914,3,3,0,0.0307920395,0.166666667,0,0.00930204592,0.0335995207
3938460975830,2.91941071e+14,0.66153294,1.3417279,0.124275987,0.15444521,0.138541802,7,6,1,0.0475568302,0.0833333333,0,0.0178541898,0.0335995207
3938460975830,2.91941071e+14,0.66153294,1.3417279,0.15444521,0.19193831,0.172174193,7,6,1,0.0734492465,0.166666667,0,0.0342690302,0.0335995207
3938460975830,2.91941071e+14,0.66153294,1.3417279,0.19193831,0.23853323,0.213971178,16,16,0,0.113438843,0.333333333,0,0.0657753975,0.0335995207
3938460975830,2.91941071e+14,0.66153294,1.3417279,0.23853323,0.296439527,0.265914795,13,13,0,0.17520086,0.666666667,0,0.126248187,0.0335995207
3938460975830,2.91941071e+14,0.66153294,1.3417279,0.296439527,0.36840315,0.330468237,21,21,0,0.270589338,0.75,0,0.242318636,0.0335995207
3938460975830,2.91941071e+14,0.66153294,1.3417279,0.36840315,0.457836652,0.410692665,18,17,1,0.417912272,0.833333333,0,0.465102296,0.0335995207
3938460975830,2.91941071e+14,0.66153294,1.3417279,0.457836652,0.56898102,0.510392364,20,18,2,0.645445489,1.41666667,0,0.892709489,0.0335995207
3938460975830,2.91941071e+14,0.66153294,1.3417279,0.56898102,0.707106781,0.63429515,22,19,3,0.996859644,1.75,0,1.71345151,0.0335995207
3938460975830,2.91941071e+14,0.66153294,1.3417279,0.707106781,0.878763934,0.788276561,22,17,5,1.53960197,3.41666667,0,3.28876988,0.0335995207
3938460975830,2.91941071e+14,0.66153294,1.3417279,0.878763934,1.09209256,0.97963848,30,16,14,2.37784151,5.75,2,6.31240933,0.0335995207
3938460975830,2.91941071e+14,0.66153294,1.3417279,1.09209256,1.35720881,1.21745539,30,14,16,3.67246233,10.1666667,4,12.1159318,0.0335995207
3938460975830,2.91941071e+14,0.66153294,1.3417279,1.35720881,1.68668465,1.51300471,33,17,16,5.67194217,17.0833333,3,23.2551148,0.0335995207
3938460975830,2.91941071e+14,0.66153294,1.3417279,1.68668465,2.096144,1.88030155,70,19,51,8.76004302,21.5,9,44.6354744,0.0335995207
3938460975830,2.91941071e+14,0.66153294,1.3417279,2.096144,2.60500365,2.33676331,78,6,72,13.5294669,37.4166667,11,85.6725755,0.0335995207
3938460975830,2.91941071e+14,0.66153294,1.3417279,2.60500365,3.23739401,2.90403568,100,1,99,20.8956136,53.5,13,164.438494,0.0335995207
3938460975830,2.91941071e+14,0.66153294,1.3417279,3.23739401,4.02330338,3.60901902,136,0,136,32.2722744,76,34,315.620467,0.0335995207
3938460975830,2.91941071e+14,0.66153294,1.3417279,4.02330338,5,4.48514402,194,0,194,49.8429822,115.916667,24,605.796591,0.0335995207
3938470376460,1.0220972e+14,0.674935,0.95070074,0.1,0.124275987,0.11147914,2,1,1,0.0154595632,0,0,0.00330915129,0.0338104462
3938470376460,1.0220972e+14,0.674935,0.95070074,0.124275987,0.15444521,0.138541802,2,1,1,0.0238765549,0,0,0.00635152908,0.0338104462
3938470376460,1.0220972e+14,0.674935,0.95070074,0.15444521,0.19193831,0.172174193,5,5,0,0.0368761954,0,0,0.0121910176,0.0338104462
3938470376460,1.0220972e+14,0.674935,0.95070074,0.19193831,0.23853323,0.213971178,2,1,1,0.0569535176,0,0,0.0233992332,0.0338104462
3938470376460,1.0220972e+14,0.674935,0.95070074,0.23853323,0.296439527,0.265914795,3,2,1,0.0879619802,0.333333333,0,0.0449120928,0.0338104462
3938470376460,1.0220972e+14,0.674935,0.95070074,0.296439527,0.36840315,0.330468237,3,3,0,0.135853065,0.333333333,0,0.0862035121,0.0338104462
3938470376460,1.0220972e+14,0.674935,0.95070074,0.36840315,0.457836652,0.410692665,3,2,1,0.209818553,0.333333333,0,0.165457565,0.0338104462
3938470376460,1.0220972e+14,0.674935,0.95070074,0.457836652,0.56898102,0.510392364,9,7,2,0.324054706,0.666666667,0,0.317576454,0.0338104462
3938470376460,1.0220972e+14,0.674935,0.95070074,0.56898102,0.707106781,0.63429515,13,11,2,0.500486972,0.583333333,0,0.60955088,0.0338104462
3938470376460,1.0220972e+14,0.674935,0.95070074,0.707106781,0.878763934,0.788276561,13,7,6,0.772978158,1.25,0,1.16996166,0.0338104462
3938470376460,1.0220972e+14,0.674935,0.95070074,0.878763934,1.09209256,0.97963848,14,7,7,1.19382774,1.75,2,2.24560464,0.0338104462
3938470376460,1.0220972e+14,0.674935,0.95070074,1.09209256,1.35720881,1.21745539,15,5,10,1.84380977,4.66666667,1,4.3101756,0.0338104462
3938470376460,1.0220972e+14,0.674935,0.95070074,1.35720881,1.68668465,1.51300471,28,2,26,2.84767588,3.83333333,8,8.27287823,0.0338104462
3938470376460,1.0220972e+14,0.674935,0.95070074,1.68668465,2.096144,1.88030155,31,5,26,4.39809901,7.83333333,7,15.8788227,0.0338104462
3938470376460,1.0220972e+14,0.674935,0.95070074,2.096144,2.60500365,2.33676331,41,4,37,6.79265327,14,7,30.477544,0.0338104462
3938470376460,1.0220972e+14,0.674935,0.95070074,2.60500365,3.23739401,2.90403568,44,0,44,10.4909276,28.9166667,12,58.498083,0.0338104462
3938470376460,1.0220972e+14,0.674935,0.95070074,3.23739401,4.02330338,3.60901902,78,0,78,16.2027353,37.4166667,18,112.280232,0.0338104462
3938470376460,1.0220972e+14,0.674935,0.95070074,4.02330338,5,4.48514402,141,0,141,25.0243486,54.5833333,17,215.50878,0.0338104462
3938470391275,3.14179755e+14,0.68431306,1.3829644,0.1,0.124275987,0.11147914,1,1,0,0.0327138423,0,0,0.0101863391,0.0344069209
3938470391275,3.14179755e+14,0.68431306,1.3829644,0.124275987,0.15444521,0.138541802,4,3,1,0.0505249626,0,0,0.0195514872,0.0344069209
3938470391275,3.14179755e+14,0.68431306,1.3829644,0.15444521,0.19193831,0.172174193,7,6,1,0.0780333848,0.166666667,0,0.0375267941,0.0344069209
3938470391275,3.14179755e+14,0.68431306,1.3829644,0.19193831,0.23853323,0.213971178,9,8,1,0.120518825,0.0833333333,0,0.0720282945,0.0344069209
3938470391275,3.14179755e+14,0.68431306,1.3829644,0.23853323,0.296439527,0.265914795,12,11,1,0.186135554,0.0833333333,0,0.138249891,0.0344069209
3938470391275,3.14179755e+14,0.68431306,1.3829644,0.296439527,0.36840315,0.330468237,13,13,0,0.287477447,0.5,0,0.265354506,0.0344069209
3938470391275,3.14179755e+14,0.68431306,1.3829644,0.36840315,0.457836652,0.410692665,25,21,4,0.443995149,0.833333333,0,0.509316955,0.0344069209
3938470391275,3.14179755e+14,0.68431306,1.3829644,0.457836652,0.56898102,0.510392364,29,24,5,0.685729242,1.16666667,0,0.977574358,0.0344069209
3938470391275,3.14179755e+14,0.68431306,1.3829644,0.56898102,0.707106781,0.63429515,29,15,14,1.05907597,1.25,0,1.8763397,0.0344069209
3938470391275,3.14179755e+14,0.68431306,1.3829644,0.707106781,0.878763934,0.788276561,42,26,16,1.63569211,3.25,0,3.60141473,0.0344069209
3938470391275,3.14179755e+14,0.68431306,1.3829644,0.878763934,1.09209256,0.97963848,36,24,12,2.52624813,5.16666667,2,6.91249457,0.0344069209
3938470391275,3.14179755e+14,0.68431306,1.3829644,1.09209256,1.35720881,1.21745539,39,24,15,3.90166924,6.25,4,13.2677253,0.0344069209
3938470391275,3.14179755e+14,0.68431306,1.3829644,1.35720881,1.68668465,1.51300471,60,22,38,6.02594127,9.75,11,25.4658477,0.0344069209
3938470391275,3.14179755e+14,0.68431306,1.3829644,1.68668465,2.096144,1.88030155,76,17,59,9.30677768,13.0833333,6,48.8787179,0.0344069209
3938470391275,3.14179755e+14,0.68431306,1.3829644,2.096144,2.60500365,2.33676331,72,3,69,14.3738724,20.9166667,8,93.8169852,0.0344069209
3938470391275,3.14179755e+14,0.68431306,1.3829644,2.60500365,3.23739401,2.90403568,65,2,63,22.1997574,36.5833333,12,180.070736,0.0344069209
3938470391275,3.14179755e+14,0.68431306,1.3829644,3.23739401,4.02330338,3.60901902,118,0,118,34.2864621,55.9166667,38,345.624729,0.0344069209
3938470391275,3.14179755e+14,0.68431306,1.3829644,4.02330338,5,4.48514402,318,0,318,52.9537986,88.25,61,663.386265,0.0344069209
3938470413910,1.23613299e+14,0.6915345,1.01324615,0.1,0.124275987,0.11147914,0,0,0,0.0175606052,0,0,0.0040061759,0.0351984264
3938470413910,1.23613299e+14,0.6915345,1.01324615,0.124275987,0.15444521,0.138541802,3,3,0,0.0271215136,0,0,0.00768938633,0.0351984264
3938470413910,1.23613299e+14,0.6915345,1.01324615,0.15444521,0.19193831,0.172174193,2,2,0,0.0418878788,0,0,0.0147588782,0.0351984264
3938470413910,1.23613299e+14,0.6915345,1.01324615,0.19193831,0.23853323,0.213971178,2,2,0,0.0646938226,0.166666667,0,0.0283279415,0.0351984264
3938470413910,1.23613299e+14,0.6915345,1.01324615,0.23853323,0.296439527,0.265914795,4,4,0,0.0999165105,0.25,0,0.0543721722,0.0351984264
3938470413910,1.23613299e+14,0.6915345,1.01324615,0.296439527,0.36840315,0.330468237,5,5,0,0.154316265,0.166666667,0,0.104361029,0.0351984264
3938470413910,1.23613299e+14,0.6915345,1.01324615,0.36840315,0.457836652,0.410692665,3,2,1,0.23833408,0.583333333,0,0.200308795,0.0351984264
3938470413910,1.23613299e+14,0.6915345,1.01324615,0.457836652,0.56898102,0.510392364,10,10,0,0.368095572,0.666666667,0,0.384469317,0.0351984264
3938470413910,1.23613299e+14,0.6915345,1.01324615,0.56898102,0.707106781,0.63429515,9,8,1,0.568505981,0.75,0,0.73794391,0.0351984264
3938470413910,1.23613299e+14,0.6915345,1.01324615,0.707106781,0.878763934,0.788276561,11,10,1,0.878030258,1.58333333,0,1.41639707,0.0351984264
3938470413910,1.23613299e+14,0.6915345,1.01324615,0.878763934,1.09209256,0.97963848,13,8,5,1.35607568,2.5,0,2.71860861,0.0351984264
3938470413910,1.23613299e+14,0.6915345,1.01324615,1.09209256,1.35720881,1.21745539,16,6,10,2.09439394,3.41666667,2,5.21805143,0.0351984264
3938470413910,1.23613299e+14,0.6915345,1.01324615,1.35720881,1.68668465,1.51300471,18,8,10,3.23469113,4.66666667,1,10.0154398,0.0351984264
3938470413910,1.23613299e+14,0.6915345,1.01324615,1.68668465,2.096144,1.88030155,24,10,14,4.99582552,8.75,5,19.2234658,0.0351984264
3938470413910,1.23613299e+14,0.6915345,1.01324615,2.096144,2.60500365,2.33676331,19,1,18,7.71581324,12.5,5,36.8971955,0.0351984264
3938470413910,1.23613299e+14,0.6915345,1.01324615,2.60500365,3.23739401,2.90403568,37,2,35,11.916704,23.1666667,11,70.8198536,0.0351984264
3938470413910,1.23613299e+14,0.6915345,1.01324615,3.23739401,4.02330338,3.60901902,69,0,69,18.4047786,38,9,135.93043,0.0351984264
3938470413910,1.23613299e+14,0.6915345,1.01324615,4.02330338,5,4.48514402,109,0,109,28.425299,57.4166667,36,260.902572,0.0351984264
3938470422157,1.24283707e+14,0.68679065,1.0153802,0.1,0.124275987,0.11147914,2,2,0,0.0176346537,0.166666667,0,0.00403154209,0.03480249
3938470422157,1.24283707e+14,0.68679065,1.0153802,0.124275987,0.15444521,0.138541802,6,6,0,0.027235878,0.0833333333,0,0.00773807377,0.03480249
3938470422157,1.24283707e+14,0.68679065,1.0153802,0.15444521,0.19193831,0.172174193,2,2,0,0.0420645091,0.0833333333,0,0.0148523281,0.03480249
3938470422157,1.24283707e+14,0.68679065,1.0153802,0.19193831,0.23853323,0.213971178,4,4,0,0.0649666195,0.0833333333,0,0.0285073075,0.03480249
3938470422157,1.24283707e+14,0.68679065,1.0153802,0.23853323,0.296439527,0.265914795,5,5,0,0.100337832,0.166666667,0,0.0547164444,0.03480249
3938470422157,1.24283707e+14,0.68679065,1.0153802,0.296439527,0.36840315,0.330468237,2,2,0,0.154966976,0.416666667,0,0.105021819,0.03480249
3938470422157,1.24283707e+14,0.68679065,1.0153802,0.36840315,0.457836652,0.410692665,3,3,0,0.239339073,0.416666667,0,0.201577105,0.03480249
3938470422157,1.24283707e+14,0.68679065,1.0153802,0.457836652,0.56898102,0.510392364,5,5,0,0.369647735,0.333333333,0,0.386903689,0.03480249
3938470422157,1.24283707e+14,0.68679065,1.0153802,0.56898102,0.707106781,0.63429515,10,9,1,0.570903222,1.41666667,0,0.742616403,0.03480249
3938470422157,1.24283707e+14,0.68679065,1.0153802,0.707106781,0.878763934,0.788276561,14,13,1,0.881732683,2.16666667,0,1.42536538,0.03480249
3938470422157,1.24283707e+14,0.68679065,1.0153802,0.878763934,1.09209256,0.97963848,15,10,5,1.3617939,4.16666667,2,2.73582222,0.03480249
3938470422157,1.24283707e+14,0.68679065,1.0153802,1.09209256,1.35720881,1.21745539,20,11,9,2.10322545,6,1,5.25109094,0.03480249
3938470422157,1.24283707e+14,0.68679065,1.0153802,1.35720881,1.68668465,1.51300471,15,8,7,3.24833098,7.75,4,10.0788552,0.03480249
3938470422157,1.24283707e+14,0.68679065,1.0153802,1.68668465,2.096144,1.88030155,24,8,16,5.01689162,11.5,3,19.3451844,0.03480249
3938470422157,1.24283707e+14,0.68679065,1.0153802,2.096144,2.60500365,2.33676331,33,4,29,7.74834882,20.6666667,6,37.1308201,0.03480249
3938470422157,1.24283707e+14,0.68679065,1.0153802,2.60500365,3.23739401,2.90403568,57,0,57,11.9669536,26.6666667,14,71.2682688,0.03480249
3938470422157,1.24283707e+14,0.68679065,1.0153802,3.23739401,4.02330338,3.60901902,73,0,73,18.4823867,44.0833333,13,136.791111,0.03480249
3938470422157,1.24283707e+14,0.68679065,1.0153802,4.02330338,5,4.48514402,120,0,120,28.5451611,66.1666667,34,262.554547,0.03480249
3938470440893,1.06135629e+14,0.6918842,0.9629746,0.1,0.124275987,0.11147914,1,1,0,0.015861316,0,0,0.00343897979,0.0352961804
3938470440893,1.06135629e+14,0.6918842,0.9629746,0.124275987,0.15444521,0.138541802,1,1,0,0.0244970429,0,0,0.0066007197,0.0352961804
3938470440893,1.06135629e+14,0.6918842,0.9629746,0.15444521,0.19193831,0.172174193,1,1,0,0.0378345095,0,0,0.0126693099,0.0352961804
3938470440893,1.06135629e+14,0.6918842,0.9629746,0.19193831,0.23853323,0.213971178,0,0,0,0.0584335878,0.166666667,0,0.0243172593,0.0352961804
3938470440893,1.06135629e+14,0.6918842,0.9629746,0.23853323,0.296439527,0.265914795,5,5,0,0.0902478777,0.166666667,0,0.0466741366,0.0352961804
3938470440893,1.06135629e+14,0.6918842,0.9629746,0.296439527,0.36840315,0.330468237,4,4,0,0.139383525,0.5,0,0.0895855492,0.0352961804
3938470440893,1.06135629e+14,0.6918842,0.9629746,0.36840315,0.457836652,0.410692665,3,3,0,0.215271178,0.166666667,0,0.171948989,0.0352961804
3938470440893,1.06135629e+14,0.6918842,0.9629746,0.457836652,0.56898102,0.510392364,4,4,0,0.332476024,0.333333333,0,0.330035985,0.0352961804
3938470440893,1.06135629e+14,0.6918842,0.9629746,0.56898102,0.707106781,0.63429515,8,8,0,0.513493295,0.166666667,0,0.633465493,0.0352961804
3938470440893,1.06135629e+14,0.6918842,0.9629746,0.707106781,0.878763934,0.788276561,5,5,0,0.793065801,1.66666667,0,1.21586296,0.0352961804
3938470440893,1.06135629e+14,0.6918842,0.9629746,0.878763934,1.09209256,0.97963848,12,7,5,1.22485215,1.58333333,0,2.33370683,0.0352961804
3938470440893,1.06135629e+14,0.6918842,0.9629746,1.09209256,1.35720881,1.21745539,14,10,4,1.89172547,3.66666667,1,4.47927746,0.0352961804
3938470440893,1.06135629e+14,0.6918842,0.9629746,1.35720881,1.68668465,1.51300471,17,7,10,2.92167939,5.83333333,1,8.59744947,0.0352961804
3938470440893,1.06135629e+14,0.6918842,0.9629746,1.68668465,2.096144,1.88030155,18,7,11,4.51239389,11.0833333,9,16.5017993,0.0352961804
3938470440893,1.06135629e+14,0.6918842,0.9629746,2.096144,2.60500365,2.33676331,16,2,14,6.96917623,16.4166667,8,31.6732747,0.0352961804
3938470440893,1.06135629e+14,0.6918842,0.9629746,2.60500365,3.23739401,2.90403568,26,0,26,10.7635589,25,8,60.7931482,0.0352961804
3938470440893,1.06135629e+14,0.6918842,0.9629746,3.23739401,4.02330338,3.60901902,27,0,27,16.6238012,45.8333333,6,116.685342,0.0352961804
3938470440893,1.06135629e+14,0.6918842,0.9629746,4.02330338,5,4.48514402,91,0,91,25.6746648,62.4166667,15,223.963873,0.0352961804
3938470829329,1.77613592e+14,0.70589674,1.1431233,0.1,0.124275987,0.11147914,2,2,0,0.0223509356,0,0,0.0057526024,0.0372522408
3938470829329,1.77613592e+14,0.70589674,1.1431233,0.124275987,0.15444521,0.138541802,0,0,0,0.0345199496,0.0833333333,0,0.0110414479,0.0372522408
3938470829329,1.77613592e+14,0.70589674,1.1431233,0.15444521,0.19193831,0.172174193,7,7,0,0.0533144088,0.166666667,0,0.0211927684,0.0372522408
3938470829329,1.77613592e+14,0.70589674,1.1431233,0.19193831,0.23853323,0.213971178,4,4,0,0.0823415509,0.666666667,0,0.0406770417,0.0372522408
3938470829329,1.77613592e+14,0.70589674,1.1431233,0.23853323,0.296439527,0.265914795,11,10,1,0.127172582,0.5,0,0.0780748265,0.0372522408
3938470829329,1.77613592e+14,0.70589674,1.1431233,0.296439527,0.36840315,0.330468237,10,8,2,0.196411961,0.166666667,0,0.149855503,0.0372522408
3938470829329,1.77613592e+14,0.70589674,1.1431233,0.36840315,0.457836652,0.410692665,12,7,5,0.303348867,0.583333333,0,0.28763012,0.0372522408
3938470829329,1.77613592e+14,0.70589674,1.1431233,0.457836652,0.56898102,0.510392364,25,10,15,0.468507796,1.41666667,0,0.552072393,0.0372522408
3938470829329,1.77613592e+14,0.70589674,1.1431233,0.56898102,0.707106781,0.63429515,25,17,8,0.723587852,1.83333333,0,1.05963842,0.0372522408
3938470829329,1.77613592e+14,0.70589674,1.1431233,0.707106781,0.878763934,0.788276561,23,18,5,1.11754678,3.08333333,0,2.03385208,0.0372522408
3938470829329,1.77613592e+14,0.70589674,1.1431233,0.878763934,1.09209256,0.97963848,32,17,15,1.72599748,6.83333333,1,3.90374132,0.0372522408
3938470829329,1.77613592e+14,0.70589674,1.1431233,1.09209256,1.35720881,1.21745539,19,8,11,2.66572044,9.08333333,5,7.49277514,0.0372522408
3938470829329,1.77613592e+14,0.70589674,1.1431233,1.35720881,1.68668465,1.51300471,35,13,22,4.11707754,10.4166667,8,14.381506,0.0372522408
3938470829329,1.77613592e+14,0.70589674,1.1431233,1.68668465,2.096144,1.88030155,19,4,15,6.35862908,20.1666667,7,27.6036196,0.0372522408
3938470829329,1.77613592e+14,0.70589674,1.1431233,2.096144,2.60500365,2.33676331,30,2,28,9.82059807,33.8333333,3,52.9819211,0.0372522408
3938470829329,1.77613592e+14,0.70589674,1.1431233,2.60500365,3.23739401,2.90403568,53,0,53,15.1674434,50.9166667,12,101.692604,0.0372522408
3938470829329,1.77613592e+14,0.70589674,1.1431233,3.23739401,4.02330338,3.60901902,74,0,74,23.4253898,70.0833333,12,195.187066,0.0372522408
3938470829329,1.77613592e+14,0.70589674,1.1431233,4.02330338,5,4.48514402,101,0,101,36.1793926,108.25,23,374.638757,0.0372522408
3938470830437,1.07582888e+14,0.6932843,0.9677896,0.1,0.124275987,0.11147914,2,2,0,0.0160203299,0,0,0.00349082421,0.0357821113
3938470830437,1.07582888e+14,0.6932843,0.9677896,0.124275987,0.15444521,0.138541802,3,3,0,0.0247426323,0.166666667,0,0.00670022901,0.0357821113
3938470830437,1.07582888e+14,0.6932843,0.9677896,0.15444521,0.19193831,0.172174193,2,2,0,0.0382138105,0.333333333,0,0.0128603064,0.0357821113
3938470830437,1.07582888e+14,0.6932843,0.9677896,0.19193831,0.23853323,0.213971178,2,2,0,0.0590194,0.583333333,0,0.0246838547,0.0357821113
3938470830437,1.07582888e+14,0.6932843,0.9677896,0.23853323,0.296439527,0.265914795,3,3,0,0.0911526366,0.416666667,0,0.0473777737,0.0357821113
3938470830437,1.07582888e+14,0.6932843,0.9677896,0.296439527,0.36840315,0.330468237,5,4,1,0.140780881,0.416666667,0,0.0909360984,0.0357821113
3938470830437,1.07582888e+14,0.6932843,0.9677896,0.36840315,0.457836652,0.410692665,5,4,1,0.217429329,0.75,0,0.174541211,0.0357821113
3938470830437,1.07582888e+14,0.6932843,0.9677896,0.457836652,0.56898102,0.510392364,14,10,4,0.335809184,0.666666667,0,0.335011451,0.0357821113
3938470830437,1.07582888e+14,0.6932843,0.9677896,0.56898102,0.707106781,0.63429515,10,8,2,0.518641202,1.25,0,0.643015318,0.0357821113
3938470830437,1.07582888e+14,0.6932843,0.9677896,0.707106781,0.878763934,0.788276561,8,4,4,0.801016496,2.91666667,0,1.23419274,0.0357821113
3938470830437,1.07582888e+14,0.6932843,0.9677896,0.878763934,1.09209256,0.97963848,17,8,9,1.23713161,2.75,3,2.36888869,0.0357821113
3938470830437,1.07582888e+14,0.6932843,0.9677896,1.09209256,1.35720881,1.21745539,10,2,8,1.91069052,4.5,2,4.54680492,0.0357821113
3938470830437,1.07582888e+14,0.6932843,0.9677896,1.35720881,1.68668465,1.51300471,34,7,27,2.95097,5.75,6,8.72706054,0.0357821113
3938470830437,1.07582888e+14,0.6932843,0.9677896,1.68668465,2.096144,1.88030155,27,5,22,4.55763183,7,6,16.7505725,0.0357821113
3938470830437,1.07582888e+14,0.6932843,0.9677896,2.096144,2.60500365,2.33676331,33,2,31,7.03904407,13.4166667,11,32.1507659,0.0357821113
3938470830437,1.07582888e+14,0.6932843,0.9677896,2.60500365,3.23739401,2.90403568,71,0,71,10.8714664,18.4166667,9,61.7096368,0.0357821113
3938470830437,1.07582888e+14,0.6932843,0.9677896,3.23739401,4.02330338,3.60901902,111,0,111,16.7904592,29.1666667,15,118.444434,0.0357821113
3938470830437,1.07582888e+14,0.6932843,0.9677896,4.02330338,5,4.48514402,146,0,146,25.9320601,40.5,22,227.340246,0.0357821113
3938470896149,1.5179211e+14,0.7205165,1.0849229,0.1,0.124275987,0.11147914,0,0,0,0.020132945,0,0,0.00491792335,0.0371334067
3938470896149,1.5179211e+14,0.7205165,1.0849229,0.124275987,0.15444521,0.138541802,1,1,0,0.0310943692,0.0833333333,0,0.00943937899,0.0371334067
3938470896149,1.5179211e+14,0.7205165,1.0849229,0.15444521,0.19193831,0.172174193,2,2,0,0.048023764,0,0,0.0181177845,0.0371334067
3938470896149,1.5179211e+14,0.7205165,1.0849229,0.19193831,0.23853323,0.213971178,4,3,1,0.0741704034,0,0,0.0347749695,0.0371334067
3938470896149,1.5179211e+14,0.7205165,1.0849229,0.23853323,0.296439527,0.265914795,6,5,1,0.114552636,0.333333333,0,0.0667464889,0.0371334067
3938470896149,1.5179211e+14,0.7205165,1.0849229,0.296439527,0.36840315,0.330468237,6,6,0,0.176921059,0.166666667,0,0.128112083,0.0371334067
3938470896149,1.5179211e+14,0.7205165,1.0849229,0.36840315,0.457836652,0.410692665,9,8,1,0.273246102,0.416666667,0,0.245896168,0.0371334067
3938470896149,1.5179211e+14,0.7205165,1.0849229,0.457836652,0.56898102,0.510392364,13,11,2,0.422015518,1.25,0,0.471968949,0.0371334067
3938470896149,1.5179211e+14,0.7205165,1.0849229,0.56898102,0.707106781,0.63429515,12,11,1,0.651782755,2.08333333,0,0.905889227,0.0371334067
3938470896149,1.5179211e+14,0.7205165,1.0849229,0.707106781,0.878763934,0.788276561,14,8,6,1.00664725,4.75,0,1.73874848,0.0371334067
3938470896149,1.5179211e+14,0.7205165,1.0849229,0.878763934,1.09209256,0.97963848,23,12,11,1.55471846,6.91666667,1,3.33732445,0.0371334067
3938470896149,1.5179211e+14,0.7205165,1.0849229,1.09209256,1.35720881,1.21745539,52,12,40,2.4011882,9.58333333,8,6.40560415,0.0371334067
3938470896149,1.5179211e+14,0.7205165,1.0849229,1.35720881,1.68668465,1.51300471,43,17,26,3.70852017,16.8333333,4,12.2948084,0.0371334067
3938470896149,1.5179211e+14,0.7205165,1.0849229,1.68668465,2.096144,1.88030155,76,11,65,5.72763178,25.0833333,8,23.5984475,0.0371334067
3938470896149,1.5179211e+14,0.7205165,1.0849229,2.096144,2.60500365,2.33676331,103,2,101,8.84605296,31.8333333,14,45.2944613,0.0371334067
3938470896149,1.5179211e+14,0.7205165,1.0849229,2.60500365,3.23739401,2.90403568,68,0,68,13.6623051,52.3333333,14,86.9374238,0.0371334067
3938470896149,1.5179211e+14,0.7205165,1.0849229,3.23739401,4.02330338,3.60901902,143,0,143,21.1007759,90.0833333,25,166.866222,0.0371334067
3938470896149,1.5179211e+14,0.7205165,1.0849229,4.02330338,5,4.48514402,235,0,235,32.5891378,139.833333,41,320.280208,0.0371334067
3938470897404,1.68955447e+14,0.72455037,1.1242377,0.1,0.124275987,0.11147914,5,4,1,0.0216185143,0.25,0,0.00547216976,0.0368243151
3938470897404,1.68955447e+14,0.72455037,1.1242377,0.124275987,0.15444521,0.138541802,2,2,0,0.0333887598,0.166666667,0,0.0105031902,0.0368243151
3938470897404,1.68955447e+14,0.72455037,1.1242377,0.15444521,0.19193831,0.172174193,6,6,0,0.0515673404,0,0,0.0201596458,0.0368243151
3938470897404,1.68955447e+14,0.72455037,1.1242377,0.19193831,0.23853323,0.213971178,6,1,5,0.0796432875,0.166666667,0,0.0386940834,0.0368243151
3938470897404,1.68955447e+14,0.72455037,1.1242377,0.23853323,0.296439527,0.265914795,7,3,4,0.123005243,0.25,0,0.07426877,0.0368243151
3938470897404,1.68955447e+14,0.72455037,1.1242377,0.296439527,0.36840315,0.330468237,20,16,4,0.189975706,0.416666667,0,0.142550222,0.0368243151
3938470897404,1.68955447e+14,0.72455037,1.1242377,0.36840315,0.457836652,0.410692665,13,9,4,0.29340838,1.25,0,0.273608488,0.0368243151
3938470897404,1.68955447e+14,0.72455037,1.1242377,0.457836652,0.56898102,0.510392364,15,13,2,0.45315519,1.08333333,0,0.525159509,0.0368243151
3938470897404,1.68955447e+14,0.72455037,1.1242377,0.56898102,0.707106781,0.63429515,14,8,6,0.699876486,1.75,0,1.00798229,0.0368243151
3938470897404,1.68955447e+14,0.72455037,1.1242377,0.707106781,0.878763934,0.788276561,19,11,8,1.08092571,1.91666667,0,1.93470417,0.0368243151
3938470897404,1.68955447e+14,0.72455037,1.1242377,0.878763934,1.09209256,0.97963848,31,15,16,1.66943799,3,2,3.7134385,0.0368243151
3938470897404,1.68955447e+14,0.72455037,1.1242377,1.09209256,1.35720881,1.21745539,45,12,33,2.57836702,6.5,5,7.12751111,0.0368243151
3938470897404,1.68955447e+14,0.72455037,1.1242377,1.35720881,1.68668465,1.51300471,45,9,36,3.98216437,8.66666667,5,13.6804244,0.0368243151
3938470897404,1.68955447e+14,0.72455037,1.1242377,1.68668465,2.096144,1.88030155,66,6,60,6.15026215,18.5,11,26.2579754,0.0368243151
3938470897404,1.68955447e+14,0.72455037,1.1242377,2.096144,2.60500365,2.33676331,99,3,96,9.49878532,20.4166667,11,50.3991144,0.0368243151
3938470897404,1.68955447e+14,0.72455037,1.1242377,2.60500365,3.23739401,2.90403568,120,1,119,14.670419,33.3333333,16,96.7352086,0.0368243151
3938470897404,1.68955447e+14,0.72455037,1.1242377,3.23739401,4.02330338,3.60901902,163,0,163,22.6577595,53,26,185.671925,0.0368243151
3938470897404,1.68955447e+14,0.72455037,1.1242377,4.02330338,5,4.48514402,174,0,174,34.9938243,86.25,41,356.375555,0.0368243151
3939450560581,2.12389087e+14,0.6044116,1.2031543,0.1,0.124275987,0.11147914,5,5,0,0.0247600894,0.0833333333,0,0.00670732129,0.0385318481
3939450560581,2.12389087e+14,0.6044116,1.2031543,0.124275987,0.15444521,0.138541802,3,3,0,0.0382407722,0,0,0.0128739192,0.0385318481
3939450560581,2.12389087e+14,0.6044116,1.2031543,0.15444521,0.19193831,0.172174193,6,6,0,0.0590610412,0.0833333333,0,0.0247099829,0.0385318481
3939450560581,2.12389087e+14,0.6044116,1.2031543,0.19193831,0.23853323,0.213971178,6,6,0,0.0912169494,0.333333333,0,0.0474279237,0.0385318481
3939450560581,2.12389087e+14,0.6044116,1.2031543,0.23853323,0.296439527,0.265914795,4,4,0,0.140880209,0.416666667,0,0.0910323553,0.0385318481
3939450560581,2.12389087e+14,0.6044116,1.2031543,0.296439527,0.36840315,0.330468237,9,9,0,0.217582736,0.583333333,0,0.174725965,0.0385318481
3939450560581,2.12389087e+14,0.6044116,1.2031543,0.36840315,0.457836652,0.410692665,8,8,0,0.336046115,1.08333333,0,0.335366064,0.0385318481
3939450560581,2.12389087e+14,0.6044116,1.2031543,0.457836652,0.56898102,0.510392364,6,5,1,0.519007129,2.25,0,0.643695958,0.0385318481
3939450560581,2.12389087e+14,0.6044116,1.2031543,0.56898102,0.707106781,0.63429515,21,15,6,0.801581653,1.5,0,1.23549914,0.0385318481
3939450560581,2.12389087e+14,0.6044116,1.2031543,0.707106781,0.878763934,0.788276561,20,15,5,1.23800447,2.25,0,2.37139618,0.0385318481
3939450560581,2.12389087e+14,0.6044116,1.2031543,0.878763934,1.09209256,0.97963848,33,22,11,1.91203861,4.41666667,4,4.55161777,0.0385318481
3939450560581,2.12389087e+14,0.6044116,1.2031543,1.09209256,1.35720881,1.21745539,46,19,27,2.95305206,7.25,4,8.73629823,0.0385318481
3939450560581,2.12389087e+14,0.6044116,1.2031543,1.35720881,1.68668465,1.51300471,69,11,58,4.56084747,13.1666667,4,16.7683032,0.0385318481
3939450560581,2.12389087e+14,0.6044116,1.2031543,1.68668465,2.096144,1.88030155,73,6,67,7.04401047,23.6666667,10,32.1847979,0.0385318481
3939450560581,2.12389087e+14,0.6044116,1.2031543,2.096144,2.60500365,2.33676331,96,8,88,10.8791368,30.6666667,15,61.7749572,0.0385318481
3939450560581,2.12389087e+14,0.6044116,1.2031543,2.60500365,3.23739401,2.90403568,90,2,88,16.8023057,51,17,118.569809,0.0385318481
3939450560581,2.12389087e+14,0.6044116,1.2031543,3.23739401,4.02330338,3.60901902,130,0,130,25.9503565,72.8333333,25,227.580888,0.0385318481
3939450560581,2.12389087e+14,0.6044116,1.2031543,4.02330338,5,4.48514402,130,0,130,40.0790827,112.75,39,436.814912,0.0385318481
3939450583537,2.67164775e+14,0.6041586,1.2980646,0.1,0.124275987,0.11147914,6,6,0,0.0288205435,0.0833333333,0,0.00842314053,0.0385589643
3939450583537,2.67164775e+14,0.6041586,1.2980646,0.124275987,0.15444521,0.138541802,5,5,0,0.0445119491,0.333333333,0,0.0161672336,0.0385589643
3939450583537,2.67164775e+14,0.6041586,1.2980646,0.15444521,0.19193831,0.172174193,5,5,0,0.0687465734,0.166666667,0,0.031031115,0.0385589643
3939450583537,2.67164775e+14,0.6041586,1.2980646,0.19193831,0.23853323,0.213971178,10,10,0,0.10617579,0.0833333333,0,0.0595605978,0.0385589643
3939450583537,2.67164775e+14,0.6041586,1.2980646,0.23853323,0.296439527,0.265914795,16,16,0,0.163983422,0.416666667,0,0.114319605,0.0385589643
3939450583537,2.67164775e+14,0.6041586,1.2980646,0.296439527,0.36840315,0.330468237,15,15,0,0.253264542,0.916666667,0,0.219423119,0.0385589643
3939450583537,2.67164775e+14,0.6041586,1.2980646,0.36840315,0.457836652,0.410692665,11,10,1,0.391154955,1.83333333,0,0.421157026,0.0385589643
3939450583537,2.67164775e+14,0.6041586,1.2980646,0.457836652,0.56898102,0.510392364,15,11,4,0.604120093,2,0,0.80836168,0.0385589643
3939450583537,2.67164775e+14,0.6041586,1.2980646,0.56898102,0.707106781,0.63429515,20,15,5,0.93303455,2.66666667,0,1.55155575,0.0385589643
3939450583537,2.67164775e+14,0.6041586,1.2980646,0.707106781,0.878763934,0.788276561,33,26,7,1.44102717,2.75,0,2.97802989,0.0385589643
3939450583537,2.67164775e+14,0.6041586,1.2980646,0.878763934,1.09209256,0.97963848,29,12,17,2.22559745,5.66666667,5,5.71598026,0.0385589643
3939450583537,2.67164775e+14,0.6041586,1.2980646,1.09209256,1.35720881,1.21745539,53,18,35,3.43732867,8,2,10.9711559,0.0385589643
3939450583537,2.67164775e+14,0.6041586,1.2980646,1.35720881,1.68668465,1.51300471,85,18,67,5.3087895,10.9166667,12,21.0578513,0.0385589643
3939450583537,2.67164775e+14,0.6041586,1.2980646,1.68668465,2.096144,1.88030155,145,13,132,8.19917112,15.6666667,11,40.418084,0.0385589643
3939450583537,2.67164775e+14,0.6041586,1.2980646,2.096144,2.60500365,2.33676331,176,11,165,12.6632271,24.6666667,27,77.5777875,0.0385589643
3939450583537,2.67164775e+14,0.6041586,1.2980646,2.60500365,3.23739401,2.90403568,199,1,198,19.5577477,41.75,22,148.901495,0.0385589643
3939450583537,2.67164775e+14,0.6041586,1.2980646,3.23739401,4.02330338,3.60901902,307,0,307,30.2060047,78.25,44,285.799013,0.0385589643
3939450583537,2.67164775e+14,0.6041586,1.2980646,4.02330338,5,4.48514402,319,0,319,46.6517275,110.666667,59,548.557796,0.0385589643
3939450584200,2.91791877e+14,0.6055699,1.3372301,0.1,0.124275987,0.11147914,1,1,0,0.0305859406,0.0833333333,0,0.00920881097,0.0384228623
3939450584200,2.91791877e+14,0.6055699,1.3372301,0.124275987,0.15444521,0.138541802,2,2,0,0.0472385204,0.0833333333,0,0.0176752362,0.0384228623
3939450584200,2.91791877e+14,0.6055699,1.3372301,0.15444521,0.19193831,0.172174193,7,7,0,0.0729576323,0.166666667,0,0.0339255497,0.0384228623
3939450584200,2.91791877e+14,0.6055699,1.3372301,0.19193831,0.23853323,0.213971178,6,6,0,0.112679569,0.25,0,0.0651161268,0.0384228623
3939450584200,2.91791877e+14,0.6055699,1.3372301,0.23853323,0.296439527,0.265914795,6,6,0,0.174028197,0.583333333,0,0.124982794,0.0384228623
3939450584200,2.91791877e+14,0.6055699,1.3372301,0.296439527,0.36840315,0.330468237,12,11,1,0.268778215,0.0833333333,0,0.239889862,0.0384228623
3939450584200,2.91791877e+14,0.6055699,1.3372301,0.36840315,0.457836652,0.410692665,9,6,3,0.41511508,0.666666667,0,0.460440549,0.0384228623
3939450584200,2.91791877e+14,0.6055699,1.3372301,0.457836652,0.56898102,0.510392364,18,16,2,0.64112536,1.33333333,0,0.883761809,0.0384228623
3939450584200,2.91791877e+14,0.6055699,1.3372301,0.56898102,0.707106781,0.63429515,24,16,8,0.990187411,1.91666667,0,1.69627748,0.0384228623
3939450584200,2.91791877e+14,0.6055699,1.3372301,0.707106781,0.878763934,0.788276561,24,14,10,1.52929703,3.83333333,0,3.25580634,0.0384228623
3939450584200,2.91791877e+14,0.6055699,1.3372301,0.878763934,1.09209256,0.97963848,49,24,25,2.36192602,4.58333333,5,6.24913968,0.0384228623
3939450584200,2.91791877e+14,0.6055699,1.3372301,1.09209256,1.35720881,1.21745539,82,40,42,3.64788161,7.91666667,8,11.9944931,0.0384228623
3939450584200,2.91791877e+14,0.6055699,1.3372301,1.35720881,1.68668465,1.51300471,61,23,38,5.63397844,13,10,23.0220274,0.0384228623
3939450584200,2.91791877e+14,0.6055699,1.3372301,1.68668465,2.096144,1.88030155,85,20,65,8.70140985,21.8333333,10,44.1880905,0.0384228623
3939450584200,2.91791877e+14,0.6055699,1.3372301,2.096144,2.60500365,2.33676331,132,7,125,13.4389108,35.5833333,16,84.8138742,0.0384228623
3939450584200,2.91791877e+14,0.6055699,1.3372301,2.60500365,3.23739401,2.90403568,123,1,122,20.755754,65.1666667,21,162.790317,0.0384228623
3939450584200,2.91791877e+14,0.6055699,1.3372301,3.23739401,4.02330338,3.60901902,338,0,338,32.056268,99.75,31,312.456984,0.0384228623
3939450584200,2.91791877e+14,0.6055699,1.3372301,4.02330338,5,4.48514402,368,0,368,49.5093706,151.333333,64,599.724656,0.0384228623
3939450598246,1.01925581e+14,0.6019342,0.9429542,0.1,0.124275987,0.11147914,5,5,0,0.015208653,0,0,0.00322891732,0.0386845551
3939450598246,1.01925581e+14,0.6019342,0.9429542,0.124275987,0.15444521,0.138541802,3,1,2,0.0234890362,0,0,0.00619752935,0.0386845551
3939450598246,1.01925581e+14,0.6019342,0.9429542,0.15444521,0.19193831,0.172174193,4,3,1,0.0362776914,0,0,0.0118954331,0.0386845551
3939450598246,1.01925581e+14,0.6019342,0.9429542,0.19193831,0.23853323,0.213971178,2,1,1,0.0560291569,0.0833333333,0,0.0228318934,0.0386845551
3939450598246,1.01925581e+14,0.6019342,0.9429542,0.23853323,0.296439527,0.265914795,5,4,1,0.0865343493,0.166666667,0,0.0438231503,0.0386845551
3939450598246,1.01925581e+14,0.6019342,0.9429542,0.296439527,0.36840315,0.330468237,9,7,2,0.133648158,0,0,0.0841134143,0.0386845551
3939450598246,1.01925581e+14,0.6019342,0.9429542,0.36840315,0.457836652,0.410692665,7,4,3,0.206413179,0.333333333,0,0.161445866,0.0386845551
3939450598246,1.01925581e+14,0.6019342,0.9429542,0.457836652,0.56898102,0.510392364,8,6,2,0.318795268,0.416666667,0,0.309876468,0.0386845551
3939450598246,1.01925581e+14,0.6019342,0.9429542,0.56898102,0.707106781,0.63429515,11,6,5,0.492364023,1,0,0.594771656,0.0386845551
3939450598246,1.01925581e+14,0.6019342,0.9429542,0.707106781,0.878763934,0.788276561,17,7,10,0.760432652,1.91666667,0,1.14159467,0.0386845551
3939450598246,1.01925581e+14,0.6019342,0.9429542,0.878763934,1.09209256,0.97963848,21,6,15,1.17445181,2.16666667,1,2.19115752,0.0386845551
3939450598246,1.01925581e+14,0.6019342,0.9429542,1.09209256,1.35720881,1.21745539,31,9,22,1.81388457,3.83333333,1,4.20567071,0.0386845551
3939450598246,1.01925581e+14,0.6019342,0.9429542,1.35720881,1.68668465,1.51300471,35,5,30,2.80145784,6.33333333,5,8.07229331,0.0386845551
3939450598246,1.01925581e+14,0.6019342,0.9429542,1.68668465,2.096144,1.88030155,26,6,20,4.32671746,8.41666667,5,15.4938234,0.0386845551
3939450598246,1.01925581e+14,0.6019342,0.9429542,2.096144,2.60500365,2.33676331,51,2,49,6.68240789,15.5833333,6,29.7385828,0.0386845551
3939450598246,1.01925581e+14,0.6019342,0.9429542,2.60500365,3.23739401,2.90403568,35,1,34,10.3206589,20.5833333,18,57.0797334,0.0386845551
3939450598246,1.01925581e+14,0.6019342,0.9429542,3.23739401,4.02330338,3.60901902,51,0,51,15.9397634,26.1666667,17,109.557876,0.0386845551
3939450598246,1.01925581e+14,0.6019342,0.9429542,4.02330338,5,4.48514402,63,0,63,24.6182012,41,25,210.283536,0.0386845551
3939460199913,1.22075974e+14,0.6653496,1.0052094,0.1,0.124275987,0.11147914,3,3,0,0.0172831395,0,0,0.00391160282,0.0335749626
3939460199913,1.22075974e+14,0.6653496,1.0052094,0.124275987,0.15444521,0.138541802,2,2,0,0.0266929812,0,0,0.00750786437,0.0335749626
3939460199913,1.22075974e+14,0.6653496,1.0052094,0.15444521,0.19193831,0.172174193,3,3,0,0.0412260311,0.166666667,0,0.014410468,0.0335749626
3939460199913,1.22075974e+14,0.6653496,1.0052094,0.19193831,0.23853323,0.213971178,5,5,0,0.0636716304,0.166666667,0,0.0276592088,0.0335749626
3939460199913,1.22075974e+14,0.6653496,1.0052094,0.23853323,0.296439527,0.265914795,4,4,0,0.0983377837,0,0,0.0530886181,0.0335749626
3939460199913,1.22075974e+14,0.6653496,1.0052094,0.296439527,0.36840315,0.330468237,2,2,0,0.151877997,0.0833333333,0,0.101897396,0.0335749626
3939460199913,1.22075974e+14,0.6653496,1.0052094,0.36840315,0.457836652,0.410692665,10,10,0,0.234568292,0.333333333,0,0.195580141,0.0335749626
3939460199913,1.22075974e+14,0.6653496,1.0052094,0.457836652,0.56898102,0.510392364,10,9,1,0.362279492,0.75,0,0.375393218,0.0335749626
3939460199913,1.22075974e+14,0.6653496,1.0052094,0.56898102,0.707106781,0.63429515,12,10,2,0.559523325,1.16666667,0,0.7205234,0.0335749626
3939460199913,1.22075974e+14,0.6653496,1.0052094,0.707106781,0.878763934,0.788276561,5,5,0,0.864156977,1.08333333,0,1.38296044,0.0335749626
3939460199913,1.22075974e+14,0.6653496,1.0052094,0.878763934,1.09209256,0.97963848,11,8,3,1.33464906,1.58333333,1,2.6544309,0.0335749626
3939460199913,1.22075974e+14,0.6653496,1.0052094,1.09209256,1.35720881,1.21745539,19,9,10,2.06130155,3.25,7,5.09486982,0.0335749626
3939460199913,1.22075974e+14,0.6653496,1.0052094,1.35720881,1.68668465,1.51300471,20,7,13,3.18358152,6.41666667,4,9.77900706,0.0335749626
3939460199913,1.22075974e+14,0.6653496,1.0052094,1.68668465,2.096144,1.88030155,18,4,14,4.91688918,7.66666667,4,18.7696609,0.0335749626
3939460199913,1.22075974e+14,0.6653496,1.0052094,2.096144,2.60500365,2.33676331,18,2,16,7.59389985,10.3333333,7,36.02617,0.0335749626
3939460199913,1.22075974e+14,0.6653496,1.0052094,2.60500365,3.23739401,2.90403568,36,0,36,11.7284146,19.5,5,69.148022,0.0335749626
3939460199913,1.22075974e+14,0.6653496,1.0052094,3.23739401,4.02330338,3.60901902,54,0,54,18.1139746,31.8333333,10,132.721545,0.0335749626
3939460199913,1.22075974e+14,0.6653496,1.0052094,4.02330338,5,4.48514402,61,0,61,27.9761662,60.6666667,22,254.743491,0.0335749626
3939460455019,1.74927141e+14,0.62550116,1.1343508,0.1,0.124275987,0.11147914,1,1,0,0.0220092031,0,0,0.00562117715,0.0365830004
3939460455019,1.74927141e+14,0.62550116,1.1343508,0.124275987,0.15444521,0.138541802,4,3,1,0.03399216,0,0,0.0107891924,0.0365830004
3939460455019,1.74927141e+14,0.62550116,1.1343508,0.15444521,0.19193831,0.172174193,7,5,2,0.052499263,0,0,0.0207085937,0.0365830004
3939460455019,1.74927141e+14,0.62550116,1.1343508,0.19193831,0.23853323,0.213971178,6,3,3,0.0810825973,0.0833333333,0,0.0397477248,0.0365830004
3939460455019,1.74927141e+14,0.62550116,1.1343508,0.23853323,0.296439527,0.265914795,11,6,5,0.125228188,0.166666667,0,0.0762911114,0.0365830004
3939460455019,1.74927141e+14,0.62550116,1.1343508,0.296439527,0.36840315,0.330468237,15,8,7,0.193408939,0.166666667,0,0.14643187,0.0365830004
3939460455019,1.74927141e+14,0.62550116,1.1343508,0.36840315,0.457836652,0.410692665,13,8,5,0.298710843,0.583333333,0,0.281058858,0.0365830004
3939460455019,1.74927141e+14,0.62550116,1.1343508,0.457836652,0.56898102,0.510392364,16,6,10,0.46134459,0.833333333,0,0.539459622,0.0365830004
3939460455019,1.74927141e+14,0.62550116,1.1343508,0.56898102,0.707106781,0.63429515,18,9,9,0.712524622,1.75,0,1.03542968,0.0365830004
3939460455019,1.74927141e+14,0.62550116,1.1343508,0.707106781,0.878763934,0.788276561,26,17,9,1.10046015,5.16666667,0,1.98738624,0.0365830004
3939460455019,1.74927141e+14,0.62550116,1.1343508,0.878763934,1.09209256,0.97963848,24,10,14,1.699608,6.16666667,1,3.81455557,0.0365830004
3939460455019,1.74927141e+14,0.62550116,1.1343508,1.09209256,1.35720881,1.21745539,34,10,24,2.62496315,7.25,3,7.32159351,0.0365830004
3939460455019,1.74927141e+14,0.62550116,1.1343508,1.35720881,1.68668465,1.51300471,41,16,25,4.05412987,10.0833333,2,14.0529429,0.0365830004
3939460455019,1.74927141e+14,0.62550116,1.1343508,1.68668465,2.096144,1.88030155,37,3,34,6.26140941,17.1666667,4,26.9729811,0.0365830004
3939460455019,1.74927141e+14,0.62550116,1.1343508,2.096144,2.60500365,2.33676331,35,0,35,9.67044694,35.1666667,6,51.7714842,0.0365830004
3939460455019,1.74927141e+14,0.62550116,1.1343508,2.60500365,3.23739401,2.90403568,87,0,87,14.9355421,40.75,13,99.3693121,0.0365830004
3939460455019,1.74927141e+14,0.62550116,1.1343508,3.23739401,4.02330338,3.60901902,115,0,115,23.0672295,64.25,24,190.727779,0.0365830004
3939460455019,1.74927141e+14,0.62550116,1.1343508,4.02330338,5,4.48514402,112,0,112,35.6262311,92.0833333,33,366.079676,0.0365830004
3939460476719,1.25358907e+14,0.6289645,1.0140675,0.1,0.124275987,0.11147914,0,0,0,0.0175890864,0,0,0.00401592617,0.0364283471
3939460476719,1.25358907e+14,0.6289645,1.0140675,0.124275987,0.15444521,0.138541802,2,2,0,0.0271655015,0,0,0.00770810083,0.0364283471
3939460476719,1.25358907e+14,0.6289645,1.0140675,0.15444521,0.19193831,0.172174193,6,6,0,0.041955816,0,0,0.0147947985,0.0364283471
3939460476719,1.25358907e+14,0.6289645,1.0140675,0.19193831,0.23853323,0.213971178,6,6,0,0.0647987483,0.333333333,0,0.0283968863,0.0364283471
3939460476719,1.25358907e+14,0.6289645,1.0140675,0.23853323,0.296439527,0.265914795,7,7,0,0.100078563,0.666666667,0,0.0545045037,0.0364283471
3939460476719,1.25358907e+14,0.6289645,1.0140675,0.296439527,0.36840315,0.330468237,6,5,1,0.154566548,0.416666667,0,0.104615023,0.0364283471
3939460476719,1.25358907e+14,0.6289645,1.0140675,0.36840315,0.457836652,0.410692665,5,5,0,0.23872063,0.416666667,0,0.200796308,0.0364283471
3939460476719,1.25358907e+14,0.6289645,1.0140675,0.457836652,0.56898102,0.510392364,9,8,1,0.368692579,0.666666667,0,0.385405042,0.0364283471
3939460476719,1.25358907e+14,0.6289645,1.0140675,0.56898102,0.707106781,0.63429515,7,6,1,0.56942803,0.833333333,0,0.739739925,0.0364283471
3939460476719,1.25358907e+14,0.6289645,1.0140675,0.707106781,0.878763934,0.788276561,8,8,0,0.87945432,1.5,0,1.41984431,0.0364283471
3939460476719,1.25358907e+14,0.6289645,1.0140675,0.878763934,1.09209256,0.97963848,19,12,7,1.35827508,3.41666667,1,2.72522518,0.0364283471
3939460476719,1.25358907e+14,0.6289645,1.0140675,1.09209256,1.35720881,1.21745539,28,11,17,2.0977908,4.5,3,5.23075117,0.0364283471
3939460476719,1.25358907e+14,0.6289645,1.0140675,1.35720881,1.68668465,1.51300471,23,7,16,3.23993742,10.5833333,7,10.0398154,0.0364283471
3939460476719,1.25358907e+14,0.6289645,1.0140675,1.68668465,2.096144,1.88030155,24,5,19,5.00392816,16.9166667,5,19.2702521,0.0364283471
3939460476719,1.25358907e+14,0.6289645,1.0140675,2.096144,2.60500365,2.33676331,34,6,28,7.72832738,25.9166667,9,36.9869963,0.0364283471
3939460476719,1.25358907e+14,0.6289645,1.0140675,2.60500365,3.23739401,2.90403568,19,1,18,11.9360315,41.3333333,11,70.9922157,0.0364283471
3939460476719,1.25358907e+14,0.6289645,1.0140675,3.23739401,4.02330338,3.60901902,33,0,33,18.434629,51.1666667,7,136.261259,0.0364283471
3939460476719,1.25358907e+14,0.6289645,1.0140675,4.02330338,5,4.48514402,63,0,63,28.4714015,78.5833333,15,261.537559,0.0364283471
3939460494869,1.10702186e+14,0.6395892,0.9735909,0.1,0.124275987,0.11147914,0,0,0,0.0162129695,0,0,0.00355397726,0.0358142798
3939460494869,1.10702186e+14,0.6395892,0.9735909,0.124275987,0.15444521,0.138541802,1,1,0,0.0250401549,0,0,0.00682144391,0.0358142798
3939460494869,1.10702186e+14,0.6395892,0.9735909,0.15444521,0.19193831,0.172174193,3,3,0,0.0386733199,0,0,0.0130929642,0.0358142798
3939460494869,1.10702186e+14,0.6395892,0.9735909,0.19193831,0.23853323,0.213971178,2,2,0,0.0597290903,0,0,0.0251304142,0.0358142798
3939460494869,1.10702186e+14,0.6395892,0.9735909,0.23853323,0.296439527,0.265914795,3,1,2,0.0922487193,0.0833333333,0,0.0482348925,0.0358142798
3939460494869,1.10702186e+14,0.6395892,0.9735909,0.296439527,0.36840315,0.330468237,6,4,2,0.142473729,0.416666667,0,0.0925812376,0.0358142798
3939460494869,1.10702186e+14,0.6395892,0.9735909,0.36840315,0.457836652,0.410692665,8,5,3,0.22004385,0.333333333,0,0.177698863,0.0358142798
3939460494869,1.10702186e+14,0.6395892,0.9735909,0.457836652,0.56898102,0.510392364,11,8,3,0.339847188,0.75,0,0.341072196,0.0358142798
3939460494869,1.10702186e+14,0.6395892,0.9735909,0.56898102,0.707106781,0.63429515,15,6,9,0.524877704,1.08333333,0,0.654648209,0.0358142798
3939460494869,1.10702186e+14,0.6395892,0.9735909,0.707106781,0.878763934,0.788276561,18,12,6,0.810648475,2.16666667,0,1.25652071,0.0358142798
3939460494869,1.10702186e+14,0.6395892,0.9735909,0.878763934,1.09209256,0.97963848,19,9,10,1.25200774,2.25,4,2.41174462,0.0358142798
3939460494869,1.10702186e+14,0.6395892,0.9735909,1.09209256,1.35720881,1.21745539,28,7,21,1.933666,4.08333333,1,4.62906188,0.0358142798
3939460494869,1.10702186e+14,0.6395892,0.9735909,1.35720881,1.68668465,1.51300471,42,9,33,2.98645452,4.25,6,8.88494316,0.0358142798
3939460494869,1.10702186e+14,0.6395892,0.9735909,1.68668465,2.096144,1.88030155,48,6,42,4.61243597,6.66666667,5,17.0536098,0.0358142798
3939460494869,1.10702186e+14,0.6395892,0.9735909,2.096144,2.60500365,2.33676331,73,4,69,7.12368644,12.1666667,10,32.7324105,0.0358142798
3939460494869,1.10702186e+14,0.6395892,0.9735909,2.60500365,3.23739401,2.90403568,92,0,92,11.0021925,21.1666667,8,62.8260356,0.0358142798
3939460494869,1.10702186e+14,0.6395892,0.9735909,3.23739401,4.02330338,3.60901902,93,0,93,16.9923594,30.5,22,120.587231,0.0358142798
3939460494869,1.10702186e+14,0.6395892,0.9735909,4.02330338,5,4.48514402,75,0,75,26.2438852,53.1666667,30,231.453094,0.0358142798
3939460518758,4.14926524e+14,0.6473732,1.5119832,0.1,0.124275987,0.11147914,7,7,0,0.0391024064,0,0,0.0133114702,0.0344656638
3939460518758,4.14926524e+14,0.6473732,1.5119832,0.124275987,0.15444521,0.138541802,7,7,0,0.0603917939,0.166666667,0,0.025549811,0.0344656638
3939460518758,4.14926524e+14,0.6473732,1.5119832,0.15444521,0.19193831,0.172174193,12,12,0,0.0932722332,0.333333333,0,0.0490398755,0.0344656638
3939460518758,4.14926524e+14,0.6473732,1.5119832,0.19193831,0.23853323,0.213971178,19,19,0,0.144054497,0.416666667,0,0.0941263085,0.0344656638
3939460518758,4.14926524e+14,0.6473732,1.5119832,0.23853323,0.296439527,0.265914795,13,12,1,0.222485271,0.75,0,0.180664446,0.0344656638
3939460518758,4.14926524e+14,0.6473732,1.5119832,0.296439527,0.36840315,0.330468237,23,23,0,0.343617845,0.666666667,0,0.346764285,0.0344656638
3939460518758,4.14926524e+14,0.6473732,1.5119832,0.36840315,0.457836652,0.410692665,29,27,2,0.530701304,2.08333333,0,0.66557351,0.0344656638
3939460518758,4.14926524e+14,0.6473732,1.5119832,0.457836652,0.56898102,0.510392364,27,25,2,0.819642746,2.66666667,0,1.27749055,0.0344656638
3939460518758,4.14926524e+14,0.6473732,1.5119832,0.56898102,0.707106781,0.63429515,39,31,8,1.26589896,5.33333333,0,2.45199378,0.0344656638
3939460518758,4.14926524e+14,0.6473732,1.5119832,0.707106781,0.878763934,0.788276561,45,24,21,1.95512032,8.08333333,0,4.70631542,0.0344656638
3939460518758,4.14926524e+14,0.6473732,1.5119832,0.878763934,1.09209256,0.97963848,65,27,38,3.01958969,11.8333333,4,9.0332223,0.0344656638
3939460518758,4.14926524e+14,0.6473732,1.5119832,1.09209256,1.35720881,1.21745539,87,31,56,4.66361166,15.5833333,11,17.3382143,0.0344656638
3939460518758,4.14926524e+14,0.6473732,1.5119832,1.35720881,1.68668465,1.51300471,93,32,61,7.20272484,19,9,33.2786755,0.0344656638
3939460518758,4.14926524e+14,0.6473732,1.5119832,1.68668465,2.096144,1.88030155,87,24,63,11.1242635,28.0833333,14,63.8745275,0.0344656638
3939460518758,4.14926524e+14,0.6473732,1.5119832,2.096144,2.60500365,2.33676331,106,19,87,17.1808922,42.5,23,122.599689,0.0344656638
3939460518758,4.14926524e+14,0.6473732,1.5119832,2.60500365,3.23739401,2.90403568,113,2,111,26.5350652,67.4166667,32,235.315771,0.0344656638
3939460518758,4.14926524e+14,0.6473732,1.5119832,3.23739401,4.02330338,3.60901902,201,0,201,40.9821373,81,40,451.661115,0.0344656638
3939460518758,4.14926524e+14,0.6473732,1.5119832,4.02330338,5,4.48514402,147,0,147,63.2949482,122.083333,60,866.910713,0.0344656638
3939460571069,1.01328403e+14,0.6546792,0.9446122,0.1,0.124275987,0.11147914,0,0,0,0.0152621829,0,0,0.00324597954,0.0338185533
3939460571069,1.01328403e+14,0.6546792,0.9446122,0.124275987,0.15444521,0.138541802,2,1,1,0.0235717105,0,0,0.00623027829,0.0338185533
3939460571069,1.01328403e+14,0.6546792,0.9446122,0.15444521,0.19193831,0.172174193,1,1,0,0.036405378,0,0,0.0119582909,0.0338185533
3939460571069,1.01328403e+14,0.6546792,0.9446122,0.19193831,0.23853323,0.213971178,3,3,0,0.0562263626,0.25,0,0.0229525415,0.0338185533
3939460571069,1.01328403e+14,0.6546792,0.9446122,0.23853323,0.296439527,0.265914795,5,5,0,0.0868389241,0.333333333,0,0.0440547203,0.0338185533
3939460571069,1.01328403e+14,0.6546792,0.9446122,0.296439527,0.36840315,0.330468237,4,4,0,0.134118559,0.166666667,0,0.0845578857,0.0338185533
3939460571069,1.01328403e+14,0.6546792,0.9446122,0.36840315,0.457836652,0.410692665,7,6,1,0.207139691,0.0833333333,0,0.162298977,0.0338185533
3939460571069,1.01328403e+14,0.6546792,0.9446122,0.457836652,0.56898102,0.510392364,5,3,2,0.319917332,0.25,0,0.311513914,0.0338185533
3939460571069,1.01328403e+14,0.6546792,0.9446122,0.56898102,0.707106781,0.63429515,13,10,3,0.494096997,0.833333333,0,0.597914544,0.0338185533
3939460571069,1.01328403e+14,0.6546792,0.9446122,0.707106781,0.878763934,0.788276561,5,3,2,0.763109146,2.41666667,0,1.14762707,0.0338185533
3939460571069,1.01328403e+14,0.6546792,0.9446122,0.878763934,1.09209256,0.97963848,11,7,4,1.17858553,3.66666667,0,2.20273601,0.0338185533
3939460571069,1.01328403e+14,0.6546792,0.9446122,1.09209256,1.35720881,1.21745539,11,7,4,1.8202689,4,2,4.22789429,0.0338185533
3939460571069,1.01328403e+14,0.6546792,0.9446122,1.35720881,1.68668465,1.51300471,11,5,6,2.81131813,6,2,8.11494886,0.0338185533
3939460571069,1.01328403e+14,0.6546792,0.9446122,1.68668465,2.096144,1.88030155,23,8,15,4.34194621,9.08333333,5,15.5756957,0.0338185533
3939460571069,1.01328403e+14,0.6546792,0.9446122,2.096144,2.60500365,2.33676331,25,2,23,6.70592796,16,7,29.8957272,0.0338185533
3939460571069,1.01328403e+14,0.6546792,0.9446122,2.60500365,3.23739401,2.90403568,35,1,34,10.3569846,24.75,7,57.3813537,0.0338185533
3939460571069,1.01328403e+14,0.6546792,0.9446122,3.23739401,4.02330338,3.60901902,40,0,40,15.9958666,43,9,110.136801,0.0338185533
3939460571069,1.01328403e+14,0.6546792,0.9446122,4.02330338,5,4.48514402,105,0,105,24.7048498,65.3333333,17,211.394714,0.0338185533
3939460592824,1.38343321e+14,0.6712691,1.0480593,0.1,0.124275987,0.11147914,5,5,0,0.0187880309,0,0,0.00443345899,0.0336585274
3939460592824,1.38343321e+14,0.6712691,1.0480593,0.124275987,0.15444521,0.138541802,5,5,0,0.0290172139,0,0,0.00850950628,0.0336585274
3939460592824,1.38343321e+14,0.6712691,1.0480593,0.15444521,0.19193831,0.172174193,1,1,0,0.0448156971,0,0,0.0163330026,0.0336585274
3939460592824,1.38343321e+14,0.6712691,1.0480593,0.19193831,0.23853323,0.213971178,2,2,0,0.0692156977,0,0,0.0313492892,0.0336585274
3939460592824,1.38343321e+14,0.6712691,1.0480593,0.23853323,0.296439527,0.265914795,2,2,0,0.10690033,0.0833333333,0,0.0601712959,0.0336585274
3939460592824,1.38343321e+14,0.6712691,1.0480593,0.296439527,0.36840315,0.330468237,3,2,1,0.16510244,0.0833333333,0,0.115491769,0.0336585274
3939460592824,1.38343321e+14,0.6712691,1.0480593,0.36840315,0.457836652,0.410692665,4,3,1,0.25499281,0.333333333,0,0.221672949,0.0336585274
3939460592824,1.38343321e+14,0.6712691,1.0480593,0.457836652,0.56898102,0.510392364,14,11,3,0.393824183,0.5,0,0.425475314,0.0336585274
3939460592824,1.38343321e+14,0.6712691,1.0480593,0.56898102,0.707106781,0.63429515,19,10,9,0.608242588,0.833333333,0,0.816650128,0.0336585274
3939460592824,1.38343321e+14,0.6712691,1.0480593,0.707106781,0.878763934,0.788276561,15,8,7,0.939401546,2.33333333,0,1.56746446,0.0336585274
3939460592824,1.38343321e+14,0.6712691,1.0480593,0.878763934,1.09209256,0.97963848,13,9,4,1.45086069,2.5,3,3.0085648,0.0336585274
3939460592824,1.38343321e+14,0.6712691,1.0480593,1.09209256,1.35720881,1.21745539,18,6,12,2.24078485,4.91666667,5,5.77458844,0.0336585274
3939460592824,1.38343321e+14,0.6712691,1.0480593,1.35720881,1.68668465,1.51300471,20,3,17,3.46078488,5.41666667,2,11.0836475,0.0336585274
3939460592824,1.38343321e+14,0.6712691,1.0480593,1.68668465,2.096144,1.88030155,29,3,26,5.3450165,9.41666667,4,21.2737657,0.0336585274
3939460592824,1.38343321e+14,0.6712691,1.0480593,2.096144,2.60500365,2.33676331,29,0,29,8.25512198,14.1666667,10,40.8325064,0.0336585274
3939460592824,1.38343321e+14,0.6712691,1.0480593,2.60500365,3.23739401,2.90403568,38,0,38,12.7496405,23,8,78.3732229,0.0336585274
3939460592824,1.38343321e+14,0.6712691,1.0480593,3.23739401,4.02330338,3.60901902,74,0,74,19.6912091,32.9166667,18,150.42824,0.0336585274
3939460592824,1.38343321e+14,0.6712691,1.0480593,4.02330338,5,4.48514402,121,0,121,30.4121294,52.5833333,24,288.729422,0.0336585274
3939460625970,1.15552727e+14,0.6784849,0.9874634,0.1,0.124275987,0.11147914,1,1,0,0.0166782918,0.166666667,0,0.00370807193,0.0342734194
3939460625970,1.15552727e+14,0.6784849,0.9874634,0.124275987,0.15444521,0.138541802,2,2,0,0.025758823,0.166666667,0,0.00711721061,0.0342734194
3939460625970,1.15552727e+14,0.6784849,0.9874634,0.15444521,0.19193831,0.172174193,4,4,0,0.0397832683,0.416666667,0,0.0136606538,0.0342734194
3939460625970,1.15552727e+14,0.6784849,0.9874634,0.19193831,0.23853323,0.213971178,8,4,4,0.0614433525,0.416666667,0,0.0262200281,0.0342734194
3939460625970,1.15552727e+14,0.6784849,0.9874634,0.23853323,0.296439527,0.265914795,6,6,0,0.0948963151,0.333333333,0,0.0503262789,0.0342734194
3939460625970,1.15552727e+14,0.6784849,0.9874634,0.296439527,0.36840315,0.330468237,6,6,0,0.146562814,0.416666667,0,0.0965954093,0.0342734194
3939460625970,1.15552727e+14,0.6784849,0.9874634,0.36840315,0.457836652,0.410692665,7,7,0,0.226359246,0.5,0,0.185403597,0.0342734194
3939460625970,1.15552727e+14,0.6784849,0.9874634,0.457836652,0.56898102,0.510392364,7,7,0,0.349601014,0.75,0,0.355860531,0.0342734194
3939460625970,1.15552727e+14,0.6784849,0.9874634,0.56898102,0.707106781,0.63429515,9,7,2,0.539942022,1.66666667,0,0.68303269,0.0342734194
3939460625970,1.15552727e+14,0.6784849,0.9874634,0.707106781,0.878763934,0.788276561,11,7,4,0.833914592,2.75,0,1.3110014,0.0342734194
3939460625970,1.15552727e+14,0.6784849,0.9874634,0.878763934,1.09209256,0.97963848,19,9,10,1.28794115,2.16666667,1,2.51631394,0.0342734194
3939460625970,1.15552727e+14,0.6784849,0.9874634,1.09209256,1.35720881,1.21745539,12,6,6,1.98916342,3.5,1,4.82977047,0.0342734194
3939460625970,1.15552727e+14,0.6784849,0.9874634,1.35720881,1.68668465,1.51300471,16,3,13,3.07216763,6.25,4,9.27017983,0.0342734194
3939460625970,1.15552727e+14,0.6784849,0.9874634,1.68668465,2.096144,1.88030155,28,7,21,4.74481576,8.91666667,1,17.7930265,0.0342734194
3939460625970,1.15552727e+14,0.6784849,0.9874634,2.096144,2.60500365,2.33676331,30,5,25,7.32814068,13.25,4,34.1516345,0.0342734194
3939460625970,1.15552727e+14,0.6784849,0.9874634,2.60500365,3.23739401,2.90403568,53,1,52,11.3179623,22.0833333,11,65.5500702,0.0342734194
3939460625970,1.15552727e+14,0.6784849,0.9874634,3.23739401,4.02330338,3.60901902,79,0,79,17.4800507,34.3333333,7,125.815697,0.0342734194
3939460625970,1.15552727e+14,0.6784849,0.9874634,4.02330338,5,4.48514402,121,0,121,26.9971011,59.4166667,20,241.488523,0.0342734194
3939460633936,1.01627489e+14,0.6712816,0.945599,0.1,0.124275987,0.11147914,4,2,2,0.0152940872,0.166666667,0,0.00325616302,0.0336607438
3939460633936,1.01627489e+14,0.6712816,0.945599,0.124275987,0.15444521,0.138541802,4,2,2,0.0236209852,0.0833333333,0,0.00624982429,0.0336607438
3939460633936,1.01627489e+14,0.6712816,0.945599,0.15444521,0.19193831,0.172174193,9,4,5,0.0364814803,0.0833333333,0,0.0119958071,0.0336607438
3939460633936,1.01627489e+14,0.6712816,0.945599,0.19193831,0.23853323,0.213971178,7,6,1,0.056343899,0.0833333333,0,0.0230245495,0.0336607438
3939460633936,1.01627489e+14,0.6712816,0.945599,0.23853323,0.296439527,0.265914795,9,4,5,0.0870204535,0.25,0,0.0441929314,0.0336607438
3939460633936,1.01627489e+14,0.6712816,0.945599,0.296439527,0.36840315,0.330468237,6,4,2,0.134398923,0.333333333,0,0.0848231658,0.0336607438
3939460633936,1.01627489e+14,0.6712816,0.945599,0.36840315,0.457836652,0.410692665,4,3,1,0.207572699,0.25,0,0.162808151,0.0336607438
3939460633936,1.01627489e+14,0.6712816,0.945599,0.457836652,0.56898102,0.510392364,9,4,5,0.320586092,0.666666667,0,0.312491214,0.0336607438
3939460633936,1.01627489e+14,0.6712816,0.945599,0.56898102,0.707106781,0.63429515,15,10,5,0.495129864,1.58333333,0,0.599790357,0.0336607438
3939460633936,1.01627489e+14,0.6712816,0.945599,0.707106781,0.878763934,0.788276561,16,6,10,0.764704361,1.41666667,0,1.15122748,0.0336607438
3939460633936,1.01627489e+14,0.6712816,0.945599,0.878763934,1.09209256,0.97963848,14,5,9,1.18104926,3,0,2.20964657,0.0336607438
3939460633936,1.01627489e+14,0.6712816,0.945599,1.09209256,1.35720881,1.21745539,17,4,13,1.82407401,3,3,4.24115829,0.0336607438
3939460633936,1.01627489e+14,0.6712816,0.945599,1.35720881,1.68668465,1.51300471,36,9,27,2.81719495,3.16666667,3,8.14040756,0.0336607438
3939460633936,1.01627489e+14,0.6712816,0.945599,1.68668465,2.096144,1.88030155,32,8,24,4.35102267,7,5,15.6245607,0.0336607438
3939460633936,1.01627489e+14,0.6712816,0.945599,2.096144,2.60500365,2.33676331,36,4,32,6.71994613,10.1666667,3,29.9895179,0.0336607438
3939460633936,1.01627489e+14,0.6712816,0.945599,2.60500365,3.23739401,2.90403568,47,0,47,10.3786349,19.6666667,10,57.5613739,0.0336607438
3939460633936,1.01627489e+14,0.6712816,0.945599,3.23739401,4.02330338,3.60901902,39,0,39,16.0293046,33.5,6,110.482328,0.0336607438
3939460633936,1.01627489e+14,0.6712816,0.945599,4.02330338,5,4.48514402,75,0,75,24.7564932,51.1666667,12,212.057914,0.0336607438
3939460648837,2.31940291e+14,0.67933685,1.2448473,0.1,0.124275987,0.11147914,0,0,0,0.0265058489,0,0,0.00742905156,0.0342514723
3939460648837,2.31940291e+14,0.67933685,1.2448473,0.124275987,0.15444521,0.138541802,6,6,0,0.0409370141,0,0,0.014259196,0.0342514723
3939460648837,2.31940291e+14,0.67933685,1.2448473,0.15444521,0.19193831,0.172174193,4,4,0,0.0632252575,0.166666667,0,0.0273688599,0.0342514723
3939460648837,2.31940291e+14,0.67933685,1.2448473,0.19193831,0.23853323,0.213971178,7,7,0,0.0976483821,0.166666667,0,0.0525313273,0.0342514723
3939460648837,2.31940291e+14,0.67933685,1.2448473,0.23853323,0.296439527,0.265914795,5,5,0,0.150813249,0.333333333,0,0.100827742,0.0342514723
3939460648837,2.31940291e+14,0.67933685,1.2448473,0.296439527,0.36840315,0.330468237,8,8,0,0.23292384,0.75,0,0.193527065,0.0342514723
3939460648837,2.31940291e+14,0.67933685,1.2448473,0.36840315,0.457836652,0.410692665,5,4,1,0.359739715,1.16666667,0,0.371452578,0.0342514723
3939460648837,2.31940291e+14,0.67933685,1.2448473,0.457836652,0.56898102,0.510392364,8,8,0,0.555600761,0.916666667,0,0.712959802,0.0342514723
3939460648837,2.31940291e+14,0.67933685,1.2448473,0.56898102,0.707106781,0.63429515,13,10,3,0.858098765,1.91666667,0,1.368443,0.0342514723
3939460648837,2.31940291e+14,0.67933685,1.2448473,0.707106781,0.878763934,0.788276561,14,10,4,1.32529244,2.5,0,2.62656637,0.0342514723
3939460648837,2.31940291e+14,0.67933685,1.2448473,0.878763934,1.09209256,0.97963848,30,17,13,2.0468507,5.33333333,3,5.04138711,0.0342514723
3939460648837,2.31940291e+14,0.67933685,1.2448473,1.09209256,1.35720881,1.21745539,26,12,14,3.16126288,6.58333333,6,9.67635323,0.0342514723
3939460648837,2.31940291e+14,0.67933685,1.2448473,1.35720881,1.68668465,1.51300471,39,9,30,4.88241911,13,3,18.5726289,0.0342514723
3939460648837,2.31940291e+14,0.67933685,1.2448473,1.68668465,2.096144,1.88030155,72,21,51,7.54066246,21.9166667,12,35.6479901,0.0342514723
3939460648837,2.31940291e+14,0.67933685,1.2448473,2.096144,2.60500365,2.33676331,75,8,67,11.646192,34.8333333,16,68.4221499,0.0342514723
3939460648837,2.31940291e+14,0.67933685,1.2448473,2.60500365,3.23739401,2.90403568,92,0,92,17.9869858,45,27,131.328318,0.0342514723
3939460648837,2.31940291e+14,0.67933685,1.2448473,3.23739401,4.02330338,3.60901902,103,0,103,27.780038,58.1666667,24,252.069355,0.0342514723
3939460648837,2.31940291e+14,0.67933685,1.2448473,4.02330338,5,4.48514402,197,0,197,42.9049382,92.25,32,483.817662,0.0342514723
3939460691245,1.45941296e+14,0.6375675,1.0667606,0.1,0.124275987,0.11147914,3,3,0,0.0194645106,0.0833333333,0,0.00467504751,0.0357410717
3939460691245,1.45941296e+14,0.6375675,1.0667606,0.124275987,0.15444521,0.138541802,3,1,2,0.0300620043,0,0,0.00897320719,0.0357410717
3939460691245,1.45941296e+14,0.6375675,1.0667606,0.15444521,0.19193831,0.172174193,6,4,2,0.0464293258,0.0833333333,0,0.0172230223,0.0357410717
3939460691245,1.45941296e+14,0.6375675,1.0667606,0.19193831,0.23853323,0.213971178,10,4,6,0.07170787,0.25,0,0.0330575779,0.0357410717
3939460691245,1.45941296e+14,0.6375675,1.0667606,0.23853323,0.296439527,0.265914795,13,5,8,0.110749371,0.0833333333,0,0.0634501565,0.0357410717
3939460691245,1.45941296e+14,0.6375675,1.0667606,0.296439527,0.36840315,0.330468237,10,5,5,0.171047099,0.333333333,0,0.121785158,0.0357410717
3939460691245,1.45941296e+14,0.6375675,1.0667606,0.36840315,0.457836652,0.410692665,11,6,5,0.264174052,0.333333333,0,0.233752375,0.0357410717
3939460691245,1.45941296e+14,0.6375675,1.0667606,0.457836652,0.56898102,0.510392364,20,7,13,0.40800417,0.25,0,0.44866036,0.0357410717
3939460691245,1.45941296e+14,0.6375675,1.0667606,0.56898102,0.707106781,0.63429515,20,6,14,0.6301429,1,0,0.861151113,0.0357410717
3939460691245,1.45941296e+14,0.6375675,1.0667606,0.707106781,0.878763934,0.788276561,43,13,30,0.973225528,2.66666667,0,1.6528789,0.0357410717
3939460691245,1.45941296e+14,0.6375675,1.0667606,0.878763934,1.09209256,0.97963848,43,10,33,1.50310022,2.5,3,3.17250783,0.0357410717
3939460691245,1.45941296e+14,0.6375675,1.0667606,1.09209256,1.35720881,1.21745539,36,6,30,2.32146629,3.16666667,5,6.08925792,0.0357410717
3939460691245,1.45941296e+14,0.6375675,1.0667606,1.35720881,1.68668465,1.51300471,42,13,29,3.5853935,6.5,5,11.6876188,0.0357410717
3939460691245,1.45941296e+14,0.6375675,1.0667606,1.68668465,2.096144,1.88030155,42,5,37,5.53746854,9.41666667,8,22.433018,0.0357410717
3939460691245,1.45941296e+14,0.6375675,1.0667606,2.096144,2.60500365,2.33676331,44,2,42,8.55235494,18.8333333,6,43.0575557,0.0357410717
3939460691245,1.45941296e+14,0.6375675,1.0667606,2.60500365,3.23739401,2.90403568,55,0,55,13.2087026,26.75,18,82.6439448,0.0357410717
3939460691245,1.45941296e+14,0.6375675,1.0667606,3.23739401,4.02330338,3.60901902,84,0,84,20.4002085,39.3333333,8,158.625391,0.0357410717
3939460691245,1.45941296e+14,0.6375675,1.0667606,4.02330338,5,4.48514402,112,0,112,31.507145,65.4166667,22,304.462896,0.0357410717
3939470228880,1.28642419e+14,0.6873293,1.0294093,0.1,0.124275987,0.11147914,0,0,0,0.0181253219,0.0833333333,0,0.00420096816,0.0348649763
3939470228880,1.28642419e+14,0.6873293,1.0294093,0.124275987,0.15444521,0.138541802,0,0,0,0.0279936916,0.0833333333,0,0.0080632673,0.0348649763
3939470228880,1.28642419e+14,0.6873293,1.0294093,0.15444521,0.19193831,0.172174193,1,1,0,0.0432349159,0,0,0.015476499,0.0348649763
3939470228880,1.28642419e+14,0.6873293,1.0294093,0.19193831,0.23853323,0.213971178,5,2,3,0.0667742569,0.0833333333,0,0.0297053307,0.0348649763
3939470228880,1.28642419e+14,0.6873293,1.0294093,0.23853323,0.296439527,0.265914795,9,7,2,0.103129642,0.333333333,0,0.0570159099,0.0348649763
3939470228880,1.28642419e+14,0.6873293,1.0294093,0.296439527,0.36840315,0.330468237,6,3,3,0.159278792,0.416666667,0,0.109435374,0.0348649763
3939470228880,1.28642419e+14,0.6873293,1.0294093,0.36840315,0.457836652,0.410692665,9,2,7,0.245998466,0.333333333,0,0.210048408,0.0348649763
3939470228880,1.28642419e+14,0.6873293,1.0294093,0.457836652,0.56898102,0.510392364,12,3,9,0.379932848,0.666666667,0,0.403163365,0.0348649763
3939470228880,1.28642419e+14,0.6873293,1.0294093,0.56898102,0.707106781,0.63429515,23,9,14,0.586788087,1.58333333,0,0.773824951,0.0348649763
3939470228880,1.28642419e+14,0.6873293,1.0294093,0.707106781,0.878763934,0.788276561,23,7,16,0.906266096,2.25,0,1.48526654,0.0348649763
3939470228880,1.28642419e+14,0.6873293,1.0294093,0.878763934,1.09209256,0.97963848,25,8,17,1.39968458,4.33333333,0,2.85079549,0.0348649763
3939470228880,1.28642419e+14,0.6873293,1.0294093,1.09209256,1.35720881,1.21745539,36,9,27,2.1617458,5.16666667,4,5.4717687,0.0348649763
3939470228880,1.28642419e+14,0.6873293,1.0294093,1.35720881,1.68668465,1.51300471,33,9,24,3.33871284,7.58333333,4,10.5024204,0.0348649763
3939470228880,1.28642419e+14,0.6873293,1.0294093,1.68668465,2.096144,1.88030155,30,4,26,5.15648208,11.9166667,10,20.1581683,0.0348649763
3939470228880,1.28642419e+14,0.6873293,1.0294093,2.096144,2.60500365,2.33676331,28,1,27,7.9639396,18.3333333,6,38.6912476,0.0348649763
3939470228880,1.28642419e+14,0.6873293,1.0294093,2.60500365,3.23739401,2.90403568,28,0,28,12.2999233,29.75,18,74.2633268,0.0348649763
3939470228880,1.28642419e+14,0.6873293,1.0294093,3.23739401,4.02330338,3.60901902,57,0,57,18.9966424,44.75,21,142.539775,0.0348649763
3939470228880,1.28642419e+14,0.6873293,1.0294093,4.02330338,5,4.48514402,120,0,120,29.3394044,71.75,30,273.588435,0.0348649763
3939470284078,1.05075919e+14,0.7069105,0.96195703,0.1,0.124275987,0.11147914,2,2,0,0.0158278126,0.166666667,0,0.00342808945,0.0372156327
3939470284078,1.05075919e+14,0.7069105,0.96195703,0.124275987,0.15444521,0.138541802,2,1,1,0.0244452985,0,0,0.00657981697,0.0372156327
3939470284078,1.05075919e+14,0.7069105,0.96195703,0.15444521,0.19193831,0.172174193,3,1,2,0.0377545927,0.25,0,0.0126291895,0.0372156327
3939470284078,1.05075919e+14,0.7069105,0.96195703,0.19193831,0.23853323,0.213971178,7,3,4,0.0583101602,0.583333333,0,0.024240253,0.0372156327
3939470284078,1.05075919e+14,0.7069105,0.96195703,0.23853323,0.296439527,0.265914795,2,2,0,0.0900572496,1.33333333,0,0.046526332,0.0372156327
3939470284078,1.05075919e+14,0.7069105,0.96195703,0.296439527,0.36840315,0.330468237,7,5,2,0.139089109,0.5,0,0.0893018555,0.0372156327
3939470284078,1.05075919e+14,0.7069105,0.96195703,0.36840315,0.457836652,0.410692665,5,3,2,0.214816467,0.75,0,0.171404473,0.0372156327
3939470284078,1.05075919e+14,0.7069105,0.96195703,0.457836652,0.56898102,0.510392364,11,6,5,0.331773744,1.5,0,0.328990849,0.0372156327
3939470284078,1.05075919e+14,0.7069105,0.96195703,0.56898102,0.707106781,0.63429515,15,10,5,0.512408658,2.33333333,0,0.631459476,0.0372156327
3939470284078,1.05075919e+14,0.7069105,0.96195703,0.707106781,0.878763934,0.788276561,14,7,7,0.79139063,3.91666667,0,1.21201265,0.0372156327
3939470284078,1.05075919e+14,0.7069105,0.96195703,0.878763934,1.09209256,0.97963848,21,10,11,1.22226492,3.25,0,2.3263166,0.0372156327
3939470284078,1.05075919e+14,0.7069105,0.96195703,1.09209256,1.35720881,1.21745539,25,7,18,1.88772963,6,3,4.46509278,0.0372156327
3939470284078,1.05075919e+14,0.7069105,0.96195703,1.35720881,1.68668465,1.51300471,32,11,21,2.91550801,12.0833333,1,8.57022363,0.0372156327
3939470284078,1.05075919e+14,0.7069105,0.96195703,1.68668465,2.096144,1.88030155,28,3,25,4.50286248,16.0833333,5,16.4495424,0.0372156327
3939470284078,1.05075919e+14,0.7069105,0.96195703,2.096144,2.60500365,2.33676331,42,0,42,6.95445544,20,9,31.5729738,0.0372156327
3939470284078,1.05075919e+14,0.7069105,0.96195703,2.60500365,3.23739401,2.90403568,64,0,64,10.7408233,24.4166667,6,60.6006325,0.0372156327
3939470284078,1.05075919e+14,0.7069105,0.96195703,3.23739401,4.02330338,3.60901902,141,0,141,16.5886872,38.1666667,16,116.31583,0.0372156327
3939470284078,1.05075919e+14,0.7069105,0.96195703,4.02330338,5,4.48514402,192,0,192,25.6204329,62.9166667,30,223.254639,0.0372156327
3939470333301,1.21135712e+14,0.6975397,1.0093914,0.1,0.124275987,0.11147914,0,0,0,0.0174272457,0.0833333333,0,0.00396062686,0.0367057586
3939470333301,1.21135712e+14,0.6975397,1.0093914,0.124275987,0.15444521,0.138541802,1,1,0,0.0269155463,0.0833333333,0,0.00760196027,0.0367057586
3939470333301,1.21135712e+14,0.6975397,1.0093914,0.15444521,0.19193831,0.172174193,1,1,0,0.0415697722,0.333333333,0,0.0145910741,0.0367057586
3939470333301,1.21135712e+14,0.6975397,1.0093914,0.19193831,0.23853323,0.213971178,1,1,0,0.0642025221,0.25,0,0.0280058611,0.0367057586
3939470333301,1.21135712e+14,0.6975397,1.0093914,0.23853323,0.296439527,0.265914795,5,5,0,0.0991577204,0.333333333,0,0.0537539766,0.0367057586
3939470333301,1.21135712e+14,0.6975397,1.0093914,0.296439527,0.36840315,0.330468237,5,5,0,0.15314435,0.666666667,0,0.103174474,0.0367057586
3939470333301,1.21135712e+14,0.6975397,1.0093914,0.36840315,0.457836652,0.410692665,7,7,0,0.236524114,1,0,0.198031343,0.0367057586
3939470333301,1.21135712e+14,0.6975397,1.0093914,0.457836652,0.56898102,0.510392364,3,3,0,0.365300165,1.16666667,0,0.380098013,0.0367057586
3939470333301,1.21135712e+14,0.6975397,1.0093914,0.56898102,0.707106781,0.63429515,4,4,0,0.564188609,1.83333333,0,0.729553705,0.0367057586
3939470333301,1.21135712e+14,0.6975397,1.0093914,0.707106781,0.878763934,0.788276561,13,9,4,0.871362285,2.91666667,0,1.40029305,0.0367057586
3939470333301,1.21135712e+14,0.6975397,1.0093914,0.878763934,1.09209256,0.97963848,16,9,7,1.34577732,3.75,0,2.68769883,0.0367057586
3939470333301,1.21135712e+14,0.6975397,1.0093914,1.09209256,1.35720881,1.21745539,28,10,18,2.07848861,7.91666667,1,5.15872372,0.0367057586
3939470333301,1.21135712e+14,0.6975397,1.0093914,1.35720881,1.68668465,1.51300471,36,12,24,3.21012611,8.91666667,2,9.90156714,0.0367057586
3939470333301,1.21135712e+14,0.6975397,1.0093914,1.68668465,2.096144,1.88030155,23,2,21,4.95788602,14.4166667,5,19.0049007,0.0367057586
3939470333301,1.21135712e+14,0.6975397,1.0093914,2.096144,2.60500365,2.33676331,44,1,43,7.6572175,25.1666667,5,36.4776852,0.0367057586
3939470333301,1.21135712e+14,0.6975397,1.0093914,2.60500365,3.23739401,2.90403568,91,1,90,11.8262057,36.5833333,3,70.0146527,0.0367057586
3939470333301,1.21135712e+14,0.6975397,1.0093914,3.23739401,4.02330338,3.60901902,85,0,85,18.2650083,56,12,134.384941,0.0367057586
3939470333301,1.21135712e+14,0.6975397,1.0093914,4.02330338,5,4.48514402,67,0,67,28.2094305,88.5833333,21,257.936186,0.0367057586
3939470389359,2.24329401e+14,0.7180009,1.2375344,0.1,0.124275987,0.11147914,3,3,0,0.0261953445,0.0833333333,0,0.0072988925,0.0370732207
3939470389359,2.24329401e+14,0.7180009,1.2375344,0.124275987,0.15444521,0.138541802,1,1,0,0.0404574549,0.166666667,0,0.0140093709,0.0370732207
3939470389359,2.24329401e+14,0.7180009,1.2375344,0.15444521,0.19193831,0.172174193,3,3,0,0.0624846014,0.333333333,0,0.0268893499,0.0370732207
3939470389359,2.24329401e+14,0.7180009,1.2375344,0.19193831,0.23853323,0.213971178,4,3,1,0.0965044741,0.583333333,0,0.0516109638,0.0370732207
3939470389359,2.24329401e+14,0.7180009,1.2375344,0.23853323,0.296439527,0.265914795,6,6,0,0.149046538,0.583333333,0,0.0990612119,0.0370732207
3939470389359,2.24329401e+14,0.7180009,1.2375344,0.296439527,0.36840315,0.330468237,16,15,1,0.23019524,1.08333333,0,0.190136416,0.0370732207
3939470389359,2.24329401e+14,0.7180009,1.2375344,0.36840315,0.457836652,0.410692665,13,13,0,0.355525522,1.08333333,0,0.364944625,0.0370732207
3939470389359,2.24329401e+14,0.7180009,1.2375344,0.457836652,0.56898102,0.510392364,13,9,4,0.549092142,1.83333333,0,0.700468547,0.0370732207
3939470389359,2.24329401e+14,0.7180009,1.2375344,0.56898102,0.707106781,0.63429515,20,13,7,0.848046514,2.75,0,1.34446749,0.0370732207
3939470389359,2.24329401e+14,0.7180009,1.2375344,0.707106781,0.878763934,0.788276561,18,9,9,1.30976722,4.58333333,0,2.58054819,0.0370732207
3939470389359,2.24329401e+14,0.7180009,1.2375344,0.878763934,1.09209256,0.97963848,27,16,11,2.02287275,5.75,2,4.95306059,0.0370732207
3939470389359,2.24329401e+14,0.7180009,1.2375344,1.09209256,1.35720881,1.21745539,34,21,13,3.12423007,8.16666667,6,9.50682082,0.0370732207
3939470389359,2.24329401e+14,0.7180009,1.2375344,1.35720881,1.68668465,1.51300471,48,15,33,4.82522371,17.5,8,18.2472312,0.0370732207
3939470389359,2.24329401e+14,0.7180009,1.2375344,1.68668465,2.096144,1.88030155,62,13,49,7.45232691,20.0833333,9,35.0234273,0.0370732207
3939470389359,2.24329401e+14,0.7180009,1.2375344,2.096144,2.60500365,2.33676331,43,2,41,11.509762,33,5,67.2233747,0.0370732207
3939470389359,2.24329401e+14,0.7180009,1.2375344,2.60500365,3.23739401,2.90403568,87,0,87,17.7762761,49.6666667,17,129.02741,0.0370732207
3939470389359,2.24329401e+14,0.7180009,1.2375344,3.23739401,4.02330338,3.60901902,77,0,77,27.4546071,78.8333333,30,247.65303,0.0370732207
3939470389359,2.24329401e+14,0.7180009,1.2375344,4.02330338,5,4.48514402,197,0,197,42.4023257,126.333333,28,475.341041,0.0370732207
3939470705548,5.30448465e+14,0.7275168,1.6495637,0.1,0.124275987,0.11147914,10,10,0,0.0465422887,0,0,0.0172859161,0.0364603608
3939470705548,5.30448465e+14,0.7275168,1.6495637,0.124275987,0.15444521,0.138541802,9,9,0,0.0718823358,0.0833333333,0,0.0331782953,0.0364603608
3939470705548,5.30448465e+14,0.7275168,1.6495637,0.15444521,0.19193831,0.172174193,18,18,0,0.111018825,0.416666667,0,0.0636818594,0.0364603608
3939470705548,5.30448465e+14,0.7275168,1.6495637,0.19193831,0.23853323,0.213971178,12,12,0,0.171463258,0.416666667,0,0.122229885,0.0364603608
3939470705548,5.30448465e+14,0.7275168,1.6495637,0.23853323,0.296439527,0.265914795,21,21,0,0.264816789,1.16666667,0,0.234605976,0.0364603608
3939470705548,5.30448465e+14,0.7275168,1.6495637,0.296439527,0.36840315,0.330468237,23,22,1,0.408996848,1.75,0,0.450298746,0.0364603608
3939470705548,5.30448465e+14,0.7275168,1.6495637,0.36840315,0.457836652,0.410692665,33,31,2,0.631676042,1.83333333,0,0.864295804,0.0364603608
3939470705548,5.30448465e+14,0.7275168,1.6495637,0.457836652,0.56898102,0.510392364,34,26,8,0.975593393,2.41666667,0,1.65891476,0.0364603608
3939470705548,5.30448465e+14,0.7275168,1.6495637,0.56898102,0.707106781,0.63429515,44,37,7,1.50675727,2.58333333,0,3.18409297,0.0364603608
3939470705548,5.30448465e+14,0.7275168,1.6495637,0.707106781,0.878763934,0.788276561,53,36,17,2.32711444,5.41666667,0,6.11149424,0.0364603608
3939470705548,5.30448465e+14,0.7275168,1.6495637,0.878763934,1.09209256,0.97963848,60,38,22,3.59411679,7.66666667,5,11.7302988,0.0364603608
3939470705548,5.30448465e+14,0.7275168,1.6495637,1.09209256,1.35720881,1.21745539,96,51,45,5.55094124,11.1666667,8,22.5149373,0.0364603608
3939470705548,5.30448465e+14,0.7275168,1.6495637,1.35720881,1.68668465,1.51300471,71,30,41,8.57316288,18.9166667,10,43.2147902,0.0364603608
3939470705548,5.30448465e+14,0.7275168,1.6495637,1.68668465,2.096144,1.88030155,84,35,49,13.2408395,28,13,82.9457382,0.0364603608
3939470705548,5.30448465e+14,0.7275168,1.6495637,2.096144,2.60500365,2.33676331,77,13,64,20.4498424,53.5,20,159.204648,0.0364603608
3939470705548,5.30448465e+14,0.7275168,1.6495637,2.60500365,3.23739401,2.90403568,94,0,94,31.5838021,77.4166667,33,305.574712,0.0364603608
3939470705548,5.30448465e+14,0.7275168,1.6495637,3.23739401,4.02330338,3.60901902,94,0,94,48.7796696,114,52,586.514939,0.0364603608
3939470705548,5.30448465e+14,0.7275168,1.6495637,4.02330338,5,4.48514402,145,0,145,75.3378635,184.75,67,1125.74686,0.0364603608
3939470726915,1.11388203e+14,0.71461034,0.9799088,0.1,0.124275987,0.11147914,1,1,0,0.0164240731,0.166666667,0,0.00362361543,0.0372000865
3939470726915,1.11388203e+14,0.71461034,0.9799088,0.124275987,0.15444521,0.138541802,1,1,0,0.0253661943,0.0833333333,0,0.00695510624,0.0372000865
3939470726915,1.11388203e+14,0.71461034,0.9799088,0.15444521,0.19193831,0.172174193,1,1,0,0.0391768722,0.166666667,0,0.0133495134,0.0372000865
3939470726915,1.11388203e+14,0.71461034,0.9799088,0.19193831,0.23853323,0.213971178,3,2,1,0.0605068027,0.166666667,0,0.0256228305,0.0372000865
3939470726915,1.11388203e+14,0.71461034,0.9799088,0.23853323,0.296439527,0.265914795,4,4,0,0.0934498587,0.25,0,0.0491800279,0.0372000865
3939470726915,1.11388203e+14,0.71461034,0.9799088,0.296439527,0.36840315,0.330468237,5,5,0,0.144328831,0.583333333,0,0.0943953145,0.0372000865
3939470726915,1.11388203e+14,0.71461034,0.9799088,0.36840315,0.457836652,0.410692665,8,8,0,0.222908967,0.75,0,0.181180772,0.0372000865
3939470726915,1.11388203e+14,0.71461034,0.9799088,0.457836652,0.56898102,0.510392364,7,6,1,0.344272223,1.5,0,0.347755312,0.0372000865
3939470726915,1.11388203e+14,0.71461034,0.9799088,0.56898102,0.707106781,0.63429515,8,6,2,0.53171196,1.66666667,0,0.66747567,0.0372000865
3939470726915,1.11388203e+14,0.71461034,0.9799088,0.707106781,0.878763934,0.788276561,16,9,7,0.821203655,2.58333333,0,1.28114152,0.0372000865
3939470726915,1.11388203e+14,0.71461034,0.9799088,0.878763934,1.09209256,0.97963848,16,9,7,1.26830971,3.91666667,3,2.45900139,0.0372000865
3939470726915,1.11388203e+14,0.71461034,0.9799088,1.09209256,1.35720881,1.21745539,23,7,16,1.95884361,4.58333333,5,4.71976573,0.0372000865
3939470726915,1.11388203e+14,0.71461034,0.9799088,1.35720881,1.68668465,1.51300471,17,6,11,3.02534013,6.66666667,4,9.05903859,0.0372000865
3939470726915,1.11388203e+14,0.71461034,0.9799088,1.68668465,2.096144,1.88030155,41,6,35,4.67249294,12.5833333,5,17.3877656,0.0372000865
3939470726915,1.11388203e+14,0.71461034,0.9799088,2.096144,2.60500365,2.33676331,36,3,33,7.21644155,17.5833333,7,33.3737835,0.0372000865
3939470726915,1.11388203e+14,0.71461034,0.9799088,2.60500365,3.23739401,2.90403568,44,0,44,11.1454483,36.75,15,64.0570762,0.0372000865
3939470726915,1.11388203e+14,0.71461034,0.9799088,3.23739401,4.02330338,3.60901902,47,0,47,17.2136112,50.75,11,122.95007,0.0372000865
3939470726915,1.11388203e+14,0.71461034,0.9799088,4.02330338,5,4.48514402,67,0,67,26.585598,86.8333333,16,235.988286,0.0372000865
3939470873662,2.05971531e+14,0.73918486,1.2028402,0.1,0.124275987,0.11147914,2,2,0,0.0247471632,0,0,0.00670206954,0.0350033843
3939470873662,2.05971531e+14,0.73918486,1.2028402,0.124275987,0.15444521,0.138541802,1,1,0,0.0382208083,0.0833333333,0,0.012863839,0.0350033843
3939470873662,2.05971531e+14,0.73918486,1.2028402,0.15444521,0.19193831,0.172174193,4,4,0,0.0590302078,0.0833333333,0,0.0246906353,0.0350033843
3939470873662,2.05971531e+14,0.73918486,1.2028402,0.19193831,0.23853323,0.213971178,6,6,0,0.0911693287,0.25,0,0.0473907882,0.0350033843
3939470873662,2.05971531e+14,0.73918486,1.2028402,0.23853323,0.296439527,0.265914795,10,9,1,0.140806662,0.25,0,0.0909610782,0.0350033843
3939470873662,2.05971531e+14,0.73918486,1.2028402,0.296439527,0.36840315,0.330468237,11,10,1,0.217469145,0.25,0,0.174589157,0.0350033843
3939470873662,2.05971531e+14,0.73918486,1.2028402,0.36840315,0.457836652,0.410692665,8,8,0,0.335870679,0.416666667,0,0.335103477,0.0350033843
3939470873662,2.05971531e+14,0.73918486,1.2028402,0.457836652,0.56898102,0.510392364,12,12,0,0.518736177,1,0,0.643191952,0.0350033843
3939470873662,2.05971531e+14,0.73918486,1.2028402,0.56898102,0.707106781,0.63429515,20,20,0,0.80116318,1,0,1.23453177,0.0350033843
3939470873662,2.05971531e+14,0.73918486,1.2028402,0.707106781,0.878763934,0.788276561,16,14,2,1.23735816,2.25,0,2.36953941,0.0350033843
3939470873662,2.05971531e+14,0.73918486,1.2028402,0.878763934,1.09209256,0.97963848,29,20,9,1.91104041,4.16666667,3,4.54805391,0.0350033843
3939470873662,2.05971531e+14,0.73918486,1.2028402,1.09209256,1.35720881,1.21745539,33,17,16,2.95151039,7.58333333,5,8.72945783,0.0350033843
3939470873662,2.05971531e+14,0.73918486,1.2028402,1.35720881,1.68668465,1.51300471,31,7,24,4.55846644,10.0833333,4,16.7551739,0.0350033843
3939470873662,2.05971531e+14,0.73918486,1.2028402,1.68668465,2.096144,1.88030155,49,11,38,7.04033308,14.5833333,9,32.1595976,0.0350033843
3939470873662,2.05971531e+14,0.73918486,1.2028402,2.096144,2.60500365,2.33676331,77,4,73,10.8734572,28.1666667,13,61.7265883,0.0350033843
3939470873662,2.05971531e+14,0.73918486,1.2028402,2.60500365,3.23739401,2.90403568,97,0,97,16.7935339,41.3333333,16,118.476971,0.0350033843
3939470873662,2.05971531e+14,0.73918486,1.2028402,3.23739401,4.02330338,3.60901902,133,0,133,25.9368088,73,27,227.402695,0.0350033843
3939470873662,2.05971531e+14,0.73918486,1.2028402,4.02330338,5,4.48514402,108,0,108,40.058159,116.916667,49,436.472891,0.0350033843
3939470875312,1.38642761e+14,0.7347547,1.0540837,0.1,0.124275987,0.11147914,3,3,0,0.0190046445,0,0,0.00451035183,0.0357191008
3939470875312,1.38642761e+14,0.7347547,1.0540837,0.124275987,0.15444521,0.138541802,1,1,0,0.0293517631,0,0,0.00865709309,0.0357191008
3939470875312,1.38642761e+14,0.7347547,1.0540837,0.15444521,0.19193831,0.172174193,7,5,2,0.0453323924,0,0,0.0166162782,0.0357191008
3939470875312,1.38642761e+14,0.7347547,1.0540837,0.19193831,0.23853323,0.213971178,3,2,1,0.0700137088,0.166666667,0,0.0318930036,0.0357191008
3939470875312,1.38642761e+14,0.7347547,1.0540837,0.23853323,0.296439527,0.265914795,8,7,1,0.10813282,0.416666667,0,0.0612148923,0.0357191008
3939470875312,1.38642761e+14,0.7347547,1.0540837,0.296439527,0.36840315,0.330468237,4,2,2,0.167005961,0.166666667,0,0.11749483,0.0357191008
3939470875312,1.38642761e+14,0.7347547,1.0540837,0.36840315,0.457836652,0.410692665,12,4,8,0.257932709,0.666666667,0,0.225517591,0.0357191008
3939470875312,1.38642761e+14,0.7347547,1.0540837,0.457836652,0.56898102,0.510392364,15,6,9,0.398364715,1.08333333,0,0.432854655,0.0357191008
3939470875312,1.38642761e+14,0.7347547,1.0540837,0.56898102,0.707106781,0.63429515,22,12,10,0.615255222,1.83333333,0,0.83081391,0.0357191008
3939470875312,1.38642761e+14,0.7347547,1.0540837,0.707106781,0.878763934,0.788276561,21,8,13,0.950232223,1.91666667,0,1.59465018,0.0357191008
3939470875312,1.38642761e+14,0.7347547,1.0540837,0.878763934,1.09209256,0.97963848,35,9,26,1.46758816,2.41666667,0,3.06074461,0.0357191008
3939470875312,1.38642761e+14,0.7347547,1.0540837,1.09209256,1.35720881,1.21745539,44,11,33,2.26661962,3.41666667,5,5.8747415,0.0357191008
3939470875312,1.38642761e+14,0.7347547,1.0540837,1.35720881,1.68668465,1.51300471,37,9,28,3.50068544,7.58333333,8,11.2758796,0.0357191008
3939470875312,1.38642761e+14,0.7347547,1.0540837,1.68668465,2.096144,1.88030155,33,7,26,5.406641,13.1666667,8,21.6427327,0.0357191008
3939470875312,1.38642761e+14,0.7347547,1.0540837,2.096144,2.60500365,2.33676331,51,2,49,8.35029807,14.5,5,41.5406955,0.0357191008
3939470875312,1.38642761e+14,0.7347547,1.0540837,2.60500365,3.23739401,2.90403568,84,0,84,12.8966354,25.6666667,10,79.7325091,0.0357191008
3939470875312,1.38642761e+14,0.7347547,1.0540837,3.23739401,4.02330338,3.60901902,121,0,121,19.9182357,41.5833333,17,153.037231,0.0357191008
3939470875312,1.38642761e+14,0.7347547,1.0540837,4.02330338,5,4.48514402,206,0,206,30.7627611,71.0833333,19,293.737075,0.0357191008
4038460286212,1.4276186e+14,0.62769645,1.0625923,0.1,0.124275987,0.11147914,1,1,0,0.019312695,0.166666667,0,0.004620459,0.0364819369
4038460286212,1.4276186e+14,0.62769645,1.0625923,0.124275987,0.15444521,0.138541802,3,3,0,0.0298275325,0.0833333333,0,0.00886843094,0.0364819369
4038460286212,1.4276186e+14,0.62769645,1.0625923,0.15444521,0.19193831,0.172174193,6,4,2,0.0460671954,0.0833333333,0,0.0170219165,0.0364819369
4038460286212,1.4276186e+14,0.62769645,1.0625923,0.19193831,0.23853323,0.213971178,7,5,2,0.0711485769,0.25,0,0.0326715789,0.0364819369
4038460286212,1.4276186e+14,0.62769645,1.0625923,0.23853323,0.296439527,0.265914795,6,3,3,0.109885569,0.25,0,0.0627092765,0.0364819369
4038460286212,1.4276186e+14,0.62769645,1.0625923,0.296439527,0.36840315,0.330468237,6,5,1,0.169712999,0.166666667,0,0.120363126,0.0364819369
4038460286212,1.4276186e+14,0.62769645,1.0625923,0.36840315,0.457836652,0.410692665,9,7,2,0.262113598,0.666666667,0,0.23102295,0.0364819369
4038460286212,1.4276186e+14,0.62769645,1.0625923,0.457836652,0.56898102,0.510392364,10,7,3,0.404821899,1.5,0,0.443421547,0.0364819369
4038460286212,1.4276186e+14,0.62769645,1.0625923,0.56898102,0.707106781,0.63429515,14,9,5,0.625228033,1.33333333,0,0.851095825,0.0364819369
4038460286212,1.4276186e+14,0.62769645,1.0625923,0.707106781,0.878763934,0.788276561,13,8,5,0.965634752,2.41666667,0,1.63357895,0.0364819369
4038460286212,1.4276186e+14,0.62769645,1.0625923,0.878763934,1.09209256,0.97963848,24,13,11,1.49137663,4.08333333,1,3.13546383,0.0364819369
4038460286212,1.4276186e+14,0.62769645,1.0625923,1.09209256,1.35720881,1.21745539,24,10,14,2.30335977,6.58333333,0,6.01815629,0.0364819369
4038460286212,1.4276186e+14,0.62769645,1.0625923,1.35720881,1.68668465,1.51300471,32,17,15,3.55742884,9,7,11.5511475,0.0364819369
4038460286212,1.4276186e+14,0.62769645,1.0625923,1.68668465,2.096144,1.88030155,30,7,23,5.49427847,15.1666667,9,22.1710773,0.0364819369
4038460286212,1.4276186e+14,0.62769645,1.0625923,2.096144,2.60500365,2.33676331,38,4,34,8.48564994,25.3333333,10,42.5547912,0.0364819369
4038460286212,1.4276186e+14,0.62769645,1.0625923,2.60500365,3.23739401,2.90403568,48,0,48,13.1056799,33,10,81.6789473,0.0364819369
4038460286212,1.4276186e+14,0.62769645,1.0625923,3.23739401,4.02330338,3.60901902,76,0,76,20.2410949,49,15,156.773191,0.0364819369
4038460286212,1.4276186e+14,0.62769645,1.0625923,4.02330338,5,4.48514402,103,0,103,31.2614017,72.6666667,28,300.907815,0.0364819369
4038460301940,1.10865826e+14,0.6354657,0.9739436,0.1,0.124275987,0.11147914,3,3,0,0.0162247185,0,0,0.00355784113,0.0358495512
4038460301940,1.10865826e+14,0.6354657,0.9739436,0.124275987,0.15444521,0.138541802,1,1,0,0.0250583006,0.0833333333,0,0.00682886015,0.0358495512
4038460301940,1.10865826e+14,0.6354657,0.9739436,0.15444521,0.19193831,0.172174193,4,3,1,0.0387013451,0.166666667,0,0.0131071988,0.0358495512
4038460301940,1.10865826e+14,0.6354657,0.9739436,0.19193831,0.23853323,0.213971178,1,1,0,0.059772374,0,0,0.0251577359,0.0358495512
4038460301940,1.10865826e+14,0.6354657,0.9739436,0.23853323,0.296439527,0.265914795,3,3,0,0.0923155688,0.5,0,0.0482873332,0.0358495512
4038460301940,1.10865826e+14,0.6354657,0.9739436,0.296439527,0.36840315,0.330468237,4,4,0,0.142576975,0.666666667,0,0.0926818915,0.0358495512
4038460301940,1.10865826e+14,0.6354657,0.9739436,0.36840315,0.457836652,0.410692665,9,9,0,0.220203308,0.833333333,0,0.177892057,0.0358495512
4038460301940,1.10865826e+14,0.6354657,0.9739436,0.457836652,0.56898102,0.510392364,3,3,0,0.340093463,1.41666667,0,0.341443008,0.0358495512
4038460301940,1.10865826e+14,0.6354657,0.9739436,0.56898102,0.707106781,0.63429515,8,7,1,0.525258065,1.75,0,0.65535994,0.0358495512
4038460301940,1.10865826e+14,0.6354657,0.9739436,0.707106781,0.878763934,0.788276561,9,5,4,0.811235924,2.41666667,0,1.2578868,0.0358495512
4038460301940,1.10865826e+14,0.6354657,0.9739436,0.878763934,1.09209256,0.97963848,9,6,3,1.25291503,4.58333333,1,2.41436666,0.0358495512
4038460301940,1.10865826e+14,0.6354657,0.9739436,1.09209256,1.35720881,1.21745539,22,11,11,1.93506726,6.75,3,4.63409458,0.0358495512
4038460301940,1.10865826e+14,0.6354657,0.9739436,1.35720881,1.68668465,1.51300471,19,4,15,2.9886187,10.6666667,3,8.89460283,0.0358495512
4038460301940,1.10865826e+14,0.6354657,0.9739436,1.68668465,2.096144,1.88030155,44,7,37,4.61577844,14.6666667,4,17.0721504,0.0358495512
4038460301940,1.10865826e+14,0.6354657,0.9739436,2.096144,2.60500365,2.33676331,59,8,51,7.12884873,24.75,6,32.767997,0.0358495512
4038460301940,1.10865826e+14,0.6354657,0.9739436,2.60500365,3.23739401,2.90403568,93,1,92,11.0101654,39.75,10,62.8943398,0.0358495512
4038460301940,1.10865826e+14,0.6354657,0.9739436,3.23739401,4.02330338,3.60901902,197,0,197,17.0046732,62.25,17,120.718333,0.0358495512
4038460301940,1.10865826e+14,0.6354657,0.9739436,4.02330338,5,4.48514402,237,0,237,26.2629033,88.0833333,25,231.704729,0.0358495512
4038460374962,1.89104863e+14,0.64847267,1.1637299,0.1,0.124275987,0.11147914,7,7,0,0.0231640205,0,0,0.00606934334,0.0342708875
4038460374962,1.89104863e+14,0.64847267,1.1637299,0.124275987,0.15444521,0.138541802,0,0,0,0.0357757201,0.166666667,0,0.0116493951,0.0342708875
4038460374962,1.89104863e+14,0.64847267,1.1637299,0.15444521,0.19193831,0.172174193,5,5,0,0.0552538863,0.0833333333,0,0.022359652,0.0342708875
4038460374962,1.89104863e+14,0.64847267,1.1637299,0.19193831,0.23853323,0.213971178,6,6,0,0.085336981,0.333333333,0,0.0429167383,0.0342708875
4038460374962,1.89104863e+14,0.64847267,1.1637299,0.23853323,0.296439527,0.265914795,15,15,0,0.13179888,0.166666667,0,0.0823736624,0.0342708875
4038460374962,1.89104863e+14,0.64847267,1.1637299,0.296439527,0.36840315,0.330468237,7,7,0,0.203557057,0.583333333,0,0.158106616,0.0342708875
4038460374962,1.89104863e+14,0.64847267,1.1637299,0.36840315,0.457836652,0.410692665,14,10,4,0.314384126,1.08333333,0,0.303467167,0.0342708875
4038460374962,1.89104863e+14,0.64847267,1.1637299,0.457836652,0.56898102,0.510392364,18,18,0,0.485551225,1.16666667,0,0.582469753,0.0342708875
4038460374962,1.89104863e+14,0.64847267,1.1637299,0.56898102,0.707106781,0.63429515,14,10,4,0.749910612,2.75,0,1.1179826,0.0342708875
4038460374962,1.89104863e+14,0.64847267,1.1637299,0.707106781,0.878763934,0.788276561,18,16,2,1.15820102,3.25,0,2.14583692,0.0342708875
4038460374962,1.89104863e+14,0.64847267,1.1637299,0.878763934,1.09209256,0.97963848,22,13,9,1.78878601,7.33333333,2,4.11868312,0.0342708875
4038460374962,1.89104863e+14,0.64847267,1.1637299,1.09209256,1.35720881,1.21745539,25,13,12,2.76269431,9.25,0,7.90533079,0.0342708875
4038460374962,1.89104863e+14,0.64847267,1.1637299,1.35720881,1.68668465,1.51300471,32,12,20,4.26684905,15.75,6,15.1733584,0.0342708875
4038460374962,1.89104863e+14,0.64847267,1.1637299,1.68668465,2.096144,1.88030155,23,6,17,6.589944,21.9166667,4,29.1234876,0.0342708875
4038460374962,1.89104863e+14,0.64847267,1.1637299,2.096144,2.60500365,2.33676331,40,0,40,10.1778529,35.25,4,55.8991301,0.0342708875
4038460374962,1.89104863e+14,0.64847267,1.1637299,2.60500365,3.23739401,2.90403568,71,0,71,15.7192063,45.3333333,9,107.291846,0.0342708875
4038460374962,1.89104863e+14,0.64847267,1.1637299,3.23739401,4.02330338,3.60901902,79,0,79,24.2775613,69.25,19,205.934156,0.0342708875
4038460374962,1.89104863e+14,0.64847267,1.1637299,4.02330338,5,4.48514402,181,0,181,37.4955306,93.8333333,34,395.26654,0.0342708875
4038460522110,1.29806726e+14,0.6716517,1.0263655,0.1,0.124275987,0.11147914,1,1,0,0.018018293,0.0833333333,0,0.00416381345,0.0336518692
4038460522110,1.29806726e+14,0.6716517,1.0263655,0.124275987,0.15444521,0.138541802,5,5,0,0.0278283905,0.166666667,0,0.00799195318,0.0336518692
4038460522110,1.29806726e+14,0.6716517,1.0263655,0.15444521,0.19193831,0.172174193,2,2,0,0.0429796163,0.166666667,0,0.0153396199,0.0336518692
4038460522110,1.29806726e+14,0.6716517,1.0263655,0.19193831,0.23853323,0.213971178,3,3,0,0.0663799589,0.416666667,0,0.0294426072,0.0336518692
4038460522110,1.29806726e+14,0.6716517,1.0263655,0.23853323,0.296439527,0.265914795,3,3,0,0.102520667,0.333333333,0,0.0565116429,0.0336518692
4038460522110,1.29806726e+14,0.6716517,1.0263655,0.296439527,0.36840315,0.330468237,6,6,0,0.15833826,0.416666667,0,0.108467492,0.0336518692
4038460522110,1.29806726e+14,0.6716517,1.0263655,0.36840315,0.457836652,0.410692665,4,4,0,0.24454586,0.75,0,0.208190672,0.0336518692
4038460522110,1.29806726e+14,0.6716517,1.0263655,0.457836652,0.56898102,0.510392364,5,5,0,0.377689368,1,0,0.399597659,0.0336518692
4038460522110,1.29806726e+14,0.6716517,1.0263655,0.56898102,0.707106781,0.63429515,9,7,2,0.583323139,0.833333333,0,0.766980995,0.0336518692
4038460522110,1.29806726e+14,0.6716517,1.0263655,0.707106781,0.878763934,0.788276561,16,10,6,0.90091465,2.83333333,0,1.47213036,0.0336518692
4038460522110,1.29806726e+14,0.6716517,1.0263655,0.878763934,1.09209256,0.97963848,6,2,4,1.39141953,2.58333333,0,2.82558214,0.0336518692
4038460522110,1.29806726e+14,0.6716517,1.0263655,1.09209256,1.35720881,1.21745539,25,5,20,2.14898082,5.58333333,1,5.42337462,0.0336518692
4038460522110,1.29806726e+14,0.6716517,1.0263655,1.35720881,1.68668465,1.51300471,28,12,16,3.31899795,8,3,10.4095336,0.0336518692
4038460522110,1.29806726e+14,0.6716517,1.0263655,1.68668465,2.096144,1.88030155,29,7,22,5.12603336,11.1666667,6,19.9798829,0.0336518692
4038460522110,1.29806726e+14,0.6716517,1.0263655,2.096144,2.60500365,2.33676331,52,4,48,7.91691302,19.75,3,38.3490497,0.0336518692
4038460522110,1.29806726e+14,0.6716517,1.0263655,2.60500365,3.23739401,2.90403568,32,0,32,12.227293,25.6666667,6,73.6065181,0.0336518692
4038460522110,1.29806726e+14,0.6716517,1.0263655,3.23739401,4.02330338,3.60901902,37,0,37,18.8844684,47.3333333,16,141.279107,0.0336518692
4038460522110,1.29806726e+14,0.6716517,1.0263655,4.02330338,5,4.48514402,49,0,49,29.1661569,60.1666667,21,271.168731,0.0336518692
4038470171437,1.13344434e+14,0.6892431,0.9860038,0.1,0.124275987,0.11147914,1,1,0,0.0166290229,0.0833333333,0,0.00369165318,0.0349480968
4038470171437,1.13344434e+14,0.6892431,0.9860038,0.124275987,0.15444521,0.138541802,1,1,0,0.0256827294,0.333333333,0,0.00708569674,0.0349480968
4038470171437,1.13344434e+14,0.6892431,0.9860038,0.15444521,0.19193831,0.172174193,4,4,0,0.0396657455,0.25,0,0.0136001666,0.0349480968
4038470171437,1.13344434e+14,0.6892431,0.9860038,0.19193831,0.23853323,0.213971178,7,7,0,0.0612618441,0.25,0,0.02610393,0.0349480968
4038470171437,1.13344434e+14,0.6892431,0.9860038,0.23853323,0.296439527,0.265914795,2,2,0,0.0946159841,0.333333333,0,0.0501034421,0.0349480968
4038470171437,1.13344434e+14,0.6892431,0.9860038,0.296439527,0.36840315,0.330468237,3,3,0,0.146129856,0.333333333,0,0.0961677002,0.0349480968
4038470171437,1.13344434e+14,0.6892431,0.9860038,0.36840315,0.457836652,0.410692665,3,3,0,0.225690563,0.75,0,0.184582659,0.0349480968
4038470171437,1.13344434e+14,0.6892431,0.9860038,0.457836652,0.56898102,0.510392364,4,4,0,0.348568266,1.33333333,0,0.354284837,0.0349480968
4038470171437,1.13344434e+14,0.6892431,0.9860038,0.56898102,0.707106781,0.63429515,4,4,0,0.538346992,1.33333333,0,0.68000833,0.0349480968
4038470171437,1.13344434e+14,0.6892431,0.9860038,0.707106781,0.878763934,0.788276561,15,8,7,0.831451145,1.91666667,0,1.3051965,0.0349480968
4038470171437,1.13344434e+14,0.6892431,0.9860038,0.878763934,1.09209256,0.97963848,23,10,13,1.28413647,4.33333333,0,2.50517211,0.0349480968
4038470171437,1.13344434e+14,0.6892431,0.9860038,1.09209256,1.35720881,1.21745539,17,7,10,1.98328728,6.5,4,4.80838501,0.0349480968
4038470171437,1.13344434e+14,0.6892431,0.9860038,1.35720881,1.68668465,1.51300471,28,11,17,3.06309221,6.91666667,6,9.22913295,0.0349480968
4038470171437,1.13344434e+14,0.6892431,0.9860038,1.68668465,2.096144,1.88030155,57,3,54,4.73079921,11.75,10,17.7142418,0.0349480968
4038470171437,1.13344434e+14,0.6892431,0.9860038,2.096144,2.60500365,2.33676331,64,0,64,7.30649279,17.5,1,34.0004165,0.0349480968
4038470171437,1.13344434e+14,0.6892431,0.9860038,2.60500365,3.23739401,2.90403568,98,0,98,11.2845282,24.8333333,13,65.2598249,0.0349480968
4038470171437,1.13344434e+14,0.6892431,0.9860038,3.23739401,4.02330338,3.60901902,124,0,124,17.4284133,41.6666667,25,125.258605,0.0349480968
4038470171437,1.13344434e+14,0.6892431,0.9860038,4.02330338,5,4.48514402,207,0,207,26.9173496,68.3333333,36,240.419251,0.0349480968
4038470225327,1.4970186e+14,0.6916262,1.0825203,0.1,0.124275987,0.11147914,0,0,0,0.0200438735,0,0,0.00488532291,0.0352265133
4038470225327,1.4970186e+14,0.6916262,1.0825203,0.124275987,0.15444521,0.138541802,4,4,0,0.0309568026,0.166666667,0,0.00937680625,0.0352265133
4038470225327,1.4970186e+14,0.6916262,1.0825203,0.15444521,0.19193831,0.172174193,5,5,0,0.0478112989,0.166666667,0,0.0179976835,0.0352265133
4038470225327,1.4970186e+14,0.6916262,1.0825203,0.19193831,0.23853323,0.213971178,1,1,0,0.0738422612,0.166666667,0,0.0345444496,0.0352265133
4038470225327,1.4970186e+14,0.6916262,1.0825203,0.23853323,0.296439527,0.265914795,6,4,2,0.114045836,0.0833333333,0,0.0663040329,0.0352265133
4038470225327,1.4970186e+14,0.6916262,1.0825203,0.296439527,0.36840315,0.330468237,3,2,1,0.176138331,0.25,0,0.12726284,0.0352265133
4038470225327,1.4970186e+14,0.6916262,1.0825203,0.36840315,0.457836652,0.410692665,6,4,2,0.272037216,0.416666667,0,0.244266146,0.0352265133
4038470225327,1.4970186e+14,0.6916262,1.0825203,0.457836652,0.56898102,0.510392364,12,8,4,0.420148451,1.08333333,0,0.468840313,0.0352265133
4038470225327,1.4970186e+14,0.6916262,1.0825203,0.56898102,0.707106781,0.63429515,10,10,0,0.64889916,1.58333333,0,0.899884174,0.0352265133
4038470225327,1.4970186e+14,0.6916262,1.0825203,0.707106781,0.878763934,0.788276561,13,9,4,1.00219367,3.66666667,0,1.72722248,0.0352265133
4038470225327,1.4970186e+14,0.6916262,1.0825203,0.878763934,1.09209256,0.97963848,19,5,14,1.54784013,3.58333333,3,3.31520164,0.0352265133
4038470225327,1.4970186e+14,0.6916262,1.0825203,1.09209256,1.35720881,1.21745539,29,14,15,2.39056494,6.16666667,5,6.36314202,0.0352265133
4038470225327,1.4970186e+14,0.6916262,1.0825203,1.35720881,1.68668465,1.51300471,32,8,24,3.69211306,10.4166667,5,12.2133073,0.0352265133
4038470225327,1.4970186e+14,0.6916262,1.0825203,1.68668465,2.096144,1.88030155,56,9,47,5.70229179,13.5,5,23.4420156,0.0352265133
4038470225327,1.4970186e+14,0.6916262,1.0825203,2.096144,2.60500365,2.33676331,86,8,78,8.80691655,26.1666667,14,44.9942087,0.0352265133
4038470225327,1.4970186e+14,0.6916262,1.0825203,2.60500365,3.23739401,2.90403568,96,1,95,13.6018608,47.8333333,18,86.361124,0.0352265133
4038470225327,1.4970186e+14,0.6916262,1.0825203,3.23739401,4.02330338,3.60901902,102,0,102,21.0074226,59.9166667,22,165.760082,0.0352265133
4038470225327,1.4970186e+14,0.6916262,1.0825203,4.02330338,5,4.48514402,124,0,124,32.444958,97.8333333,30,318.157101,0.0352265133
4038470229869,2.01045426e+14,0.70197076,1.193909,0.1,0.124275987,0.11147914,2,2,0,0.0243810276,0,0,0.00655388483,0.0371012982
4038470229869,2.01045426e+14,0.70197076,1.193909,0.124275987,0.15444521,0.138541802,3,2,1,0.0376553294,0.0833333333,0,0.0125794158,0.0371012982
4038470229869,2.01045426e+14,0.70197076,1.193909,0.15444521,0.19193831,0.172174193,8,6,2,0.0581568527,0.0833333333,0,0.0241447182,0.0371012982
4038470229869,2.01045426e+14,0.70197076,1.193909,0.19193831,0.23853323,0.213971178,10,8,2,0.0898204736,0.75,0,0.0463429641,0.0371012982
4038470229869,2.01045426e+14,0.70197076,1.193909,0.23853323,0.296439527,0.265914795,10,8,2,0.13872342,0.5,0,0.0889499022,0.0371012982
4038470229869,2.01045426e+14,0.70197076,1.193909,0.296439527,0.36840315,0.330468237,15,11,4,0.214251677,0.666666667,0,0.170728939,0.0371012982
4038470229869,2.01045426e+14,0.70197076,1.193909,0.36840315,0.457836652,0.410692665,18,11,7,0.330901454,0.916666667,0,0.327694242,0.0371012982
4038470229869,2.01045426e+14,0.70197076,1.193909,0.457836652,0.56898102,0.510392364,31,15,16,0.511061447,0.916666667,0,0.62897079,0.0371012982
4038470229869,2.01045426e+14,0.70197076,1.193909,0.56898102,0.707106781,0.63429515,32,16,16,0.789309928,1.41666667,0,1.20723591,0.0371012982
4038470229869,2.01045426e+14,0.70197076,1.193909,0.707106781,0.878763934,0.788276561,33,12,21,1.21905138,3,0,2.3171482,0.0371012982
4038470229869,2.01045426e+14,0.70197076,1.193909,0.878763934,1.09209256,0.97963848,48,16,32,1.88276647,4,2,4.44749511,0.0371012982
4038470229869,2.01045426e+14,0.70197076,1.193909,1.09209256,1.35720881,1.21745539,38,18,20,2.90784264,7.41666667,8,8.53644697,0.0371012982
4038470229869,2.01045426e+14,0.70197076,1.193909,1.35720881,1.68668465,1.51300471,32,14,18,4.49102368,11.25,6,16.3847121,0.0371012982
4038470229869,2.01045426e+14,0.70197076,1.193909,1.68668465,2.096144,1.88030155,58,6,52,6.93617098,14.6666667,8,31.4485395,0.0371012982
4038470229869,2.01045426e+14,0.70197076,1.193909,2.096144,2.60500365,2.33676331,64,3,61,10.7125839,21.9166667,10,60.3617954,0.0371012982
4038470229869,2.01045426e+14,0.70197076,1.193909,2.60500365,3.23739401,2.90403568,95,0,95,16.5450727,44.0833333,9,115.85741,0.0371012982
4038470229869,2.01045426e+14,0.70197076,1.193909,3.23739401,4.02330338,3.60901902,86,0,86,25.5530724,65.8333333,12,222.374756,0.0371012982
4038470229869,2.01045426e+14,0.70197076,1.193909,4.02330338,5,4.48514402,176,0,176,39.4654964,106.416667,23,426.822349,0.0371012982
4038470272816,1.4795655e+14,0.7116459,1.0779916,0.1,0.124275987,0.11147914,1,1,0,0.019876518,0,0,0.00482426613,0.0371683614
4038470272816,1.4795655e+14,0.7116459,1.0779916,0.124275987,0.15444521,0.138541802,2,2,0,0.0306983301,0,0,0.0092596149,0.0371683614
4038470272816,1.4795655e+14,0.7116459,1.0779916,0.15444521,0.19193831,0.172174193,4,3,1,0.0474121006,0,0,0.0177727484,0.0371683614
4038470272816,1.4795655e+14,0.7116459,1.0779916,0.19193831,0.23853323,0.213971178,5,5,0,0.0732257186,0.166666667,0,0.0341127129,0.0371683614
4038470272816,1.4795655e+14,0.7116459,1.0779916,0.23853323,0.296439527,0.265914795,9,8,1,0.113093615,0.0833333333,0,0.0654753648,0.0371683614
4038470272816,1.4795655e+14,0.7116459,1.0779916,0.296439527,0.36840315,0.330468237,4,2,2,0.174667672,0.416666667,0,0.125672309,0.0371683614
4038470272816,1.4795655e+14,0.7116459,1.0779916,0.36840315,0.457836652,0.410692665,10,9,1,0.269765854,0.25,0,0.241213306,0.0371683614
4038470272816,1.4795655e+14,0.7116459,1.0779916,0.457836652,0.56898102,0.510392364,8,8,0,0.416640441,0.666666667,0,0.462980745,0.0371683614
4038470272816,1.4795655e+14,0.7116459,1.0779916,0.56898102,0.707106781,0.63429515,8,6,2,0.643481206,0.833333333,0,0.888637419,0.0371683614
4038470272816,1.4795655e+14,0.7116459,1.0779916,0.707106781,0.878763934,0.788276561,23,19,4,0.993825902,2.16666667,0,1.70563565,0.0371683614
4038470272816,1.4795655e+14,0.7116459,1.0779916,0.878763934,1.09209256,0.97963848,17,7,10,1.53491651,4.66666667,3,3.27376824,0.0371683614
4038470272816,1.4795655e+14,0.7116459,1.0779916,1.09209256,1.35720881,1.21745539,25,12,13,2.37060503,5.91666667,3,6.28361545,0.0371683614
4038470272816,1.4795655e+14,0.7116459,1.0779916,1.35720881,1.68668465,1.51300471,37,12,25,3.66128593,10.3333333,3,12.0606653,0.0371683614
4038470272816,1.4795655e+14,0.7116459,1.0779916,1.68668465,2.096144,1.88030155,51,9,42,5.65468076,16.5,5,23.1490372,0.0371683614
4038470272816,1.4795655e+14,0.7116459,1.0779916,2.096144,2.60500365,2.33676331,55,3,52,8.7333836,27.1666667,6,44.4318709,0.0371683614
4038470272816,1.4795655e+14,0.7116459,1.0779916,2.60500365,3.23739401,2.90403568,74,0,74,13.4882927,47.0833333,15,85.2817824,0.0371683614
4038470272816,1.4795655e+14,0.7116459,1.0779916,3.23739401,4.02330338,3.60901902,118,0,118,20.832022,75.4166667,14,163.688412,0.0371683614
4038470272816,1.4795655e+14,0.7116459,1.0779916,4.02330338,5,4.48514402,145,0,145,32.1740603,116.666667,28,314.180772,0.0371683614
4038480403205,1.51045989e+14,0.7806259,1.0910074,0.1,0.124275987,0.11147914,2,2,0,0.0203593987,0.166666667,0,0.00500113083,0.0330646968
4038480403205,1.51045989e+14,0.7806259,1.0910074,0.124275987,0.15444521,0.138541802,2,2,0,0.0314441161,0.0833333333,0,0.00959908602,0.0330646968
4038480403205,1.51045989e+14,0.7806259,1.0910074,0.15444521,0.19193831,0.172174193,4,4,0,0.0485639313,0.166666667,0,0.0184243235,0.0330646968
4038480403205,1.51045989e+14,0.7806259,1.0910074,0.19193831,0.23853323,0.213971178,2,1,1,0.075004666,0.416666667,0,0.0353633353,0.0330646968
4038480403205,1.51045989e+14,0.7806259,1.0910074,0.23853323,0.296439527,0.265914795,4,4,0,0.115841114,0.416666667,0,0.0678757882,0.0330646968
4038480403205,1.51045989e+14,0.7806259,1.0910074,0.296439527,0.36840315,0.330468237,10,10,0,0.178911053,1,0,0.130279641,0.0330646968
4038480403205,1.51045989e+14,0.7806259,1.0910074,0.36840315,0.457836652,0.410692665,8,5,3,0.276319552,1.33333333,0,0.250056542,0.0330646968
4038480403205,1.51045989e+14,0.7806259,1.0910074,0.457836652,0.56898102,0.510392364,15,11,4,0.426762314,2.33333333,0,0.479954301,0.0330646968
4038480403205,1.51045989e+14,0.7806259,1.0910074,0.56898102,0.707106781,0.63429515,16,8,8,0.659113954,2.91666667,0,0.921216176,0.0330646968
4038480403205,1.51045989e+14,0.7806259,1.0910074,0.707106781,0.878763934,0.788276561,15,9,6,1.01796993,3.75,0,1.76816676,0.0330646968
4038480403205,1.51045989e+14,0.7806259,1.0910074,0.878763934,1.09209256,0.97963848,20,9,11,1.57220581,5.75,1,3.39378941,0.0330646968
4038480403205,1.51045989e+14,0.7806259,1.0910074,1.09209256,1.35720881,1.21745539,25,12,13,2.42819657,7.16666667,6,6.51398205,0.0330646968
4038480403205,1.51045989e+14,0.7806259,1.0910074,1.35720881,1.68668465,1.51300471,21,8,13,3.7502333,8.83333333,2,12.5028271,0.0330646968
4038480403205,1.51045989e+14,0.7806259,1.0910074,1.68668465,2.096144,1.88030155,49,11,38,5.79205571,11.5833333,5,23.9977151,0.0330646968
4038480403205,1.51045989e+14,0.7806259,1.0910074,2.096144,2.60500365,2.33676331,65,7,58,8.94555264,17.5833333,7,46.0608088,0.0330646968
4038480403205,1.51045989e+14,0.7806259,1.0910074,2.60500365,3.23739401,2.90403568,49,0,49,13.8159776,28.9166667,9,88.4083382,0.0330646968
4038480403205,1.51045989e+14,0.7806259,1.0910074,3.23739401,4.02330338,3.60901902,85,0,85,21.3381157,43.0833333,19,169.68947,0.0330646968
4038480403205,1.51045989e+14,0.7806259,1.0910074,4.02330338,5,4.48514402,132,0,132,32.9556977,68.9166667,24,325.699103,0.0330646968
4038480492108,1.60448329e+14,0.79235196,1.1128406,0.1,0.124275987,0.11147914,3,3,0,0.0211824152,0.166666667,0,0.00530742679,0.0334396018
4038480492108,1.60448329e+14,0.79235196,1.1128406,0.124275987,0.15444521,0.138541802,2,2,0,0.0327152258,0.0833333333,0,0.0101869853,0.0334396018
4038480492108,1.60448329e+14,0.79235196,1.1128406,0.15444521,0.19193831,0.172174193,1,1,0,0.0505270994,0.0833333333,0,0.0195527275,0.0334396018
4038480492108,1.60448329e+14,0.79235196,1.1128406,0.19193831,0.23853323,0.213971178,4,4,0,0.078036685,0.166666667,0,0.0375291748,0.0334396018
4038480492108,1.60448329e+14,0.79235196,1.1128406,0.23853323,0.296439527,0.265914795,7,7,0,0.120523922,0.166666667,0,0.0720328639,0.0334396018
4038480492108,1.60448329e+14,0.79235196,1.1128406,0.296439527,0.36840315,0.330468237,4,4,0,0.186143426,0.25,0,0.138258662,0.0334396018
4038480492108,1.60448329e+14,0.79235196,1.1128406,0.36840315,0.457836652,0.410692665,7,7,0,0.287489605,0.416666667,0,0.26537134,0.0334396018
4038480492108,1.60448329e+14,0.79235196,1.1128406,0.457836652,0.56898102,0.510392364,4,4,0,0.444013926,1.25,0,0.509349266,0.0334396018
4038480492108,1.60448329e+14,0.79235196,1.1128406,0.56898102,0.707106781,0.63429515,14,10,4,0.685758243,2.58333333,0,0.977636374,0.0334396018
4038480492108,1.60448329e+14,0.79235196,1.1128406,0.707106781,0.878763934,0.788276561,12,11,1,1.05912076,2.5,0,1.87645874,0.0334396018
4038480492108,1.60448329e+14,0.79235196,1.1128406,0.878763934,1.09209256,0.97963848,18,13,5,1.63576129,4.58333333,1,3.6016432,0.0334396018
4038480492108,1.60448329e+14,0.79235196,1.1128406,1.09209256,1.35720881,1.21745539,15,11,4,2.52635497,7.66666667,0,6.9129331,0.0334396018
4038480492108,1.60448329e+14,0.79235196,1.1128406,1.35720881,1.68668465,1.51300471,36,8,28,3.90183425,11.1666667,3,13.268567,0.0334396018
4038480492108,1.60448329e+14,0.79235196,1.1128406,1.68668465,2.096144,1.88030155,40,3,37,6.02619612,14.3333333,4,25.4674633,0.0334396018
4038480492108,1.60448329e+14,0.79235196,1.1128406,2.096144,2.60500365,2.33676331,39,2,37,9.30717128,25.75,10,48.8818187,0.0334396018
4038480492108,1.60448329e+14,0.79235196,1.1128406,2.60500365,3.23739401,2.90403568,38,0,38,14.3744803,52.3333333,15,93.8229369,0.0334396018
4038480492108,1.60448329e+14,0.79235196,1.1128406,3.23739401,4.02330338,3.60901902,71,0,71,22.2006963,70.9166667,23,180.08216,0.0334396018
4038480492108,1.60448329e+14,0.79235196,1.1128406,4.02330338,5,4.48514402,96,0,96,34.2879122,102.833333,26,345.646655,0.0334396018
4038490160607,2.06269111e+14,0.8005868,1.3017065,0.1,0.124275987,0.11147914,6,5,1,0.0289824904,0,0,0.00849423648,0.0327078547
4038490160607,2.06269111e+14,0.8005868,1.3017065,0.124275987,0.15444521,0.138541802,2,2,0,0.0447620683,0.0833333333,0,0.016303694,0.0327078547
4038490160607,2.06269111e+14,0.8005868,1.3017065,0.15444521,0.19193831,0.172174193,3,3,0,0.0691328706,0.25,0,0.0312930348,0.0327078547
4038490160607,2.06269111e+14,0.8005868,1.3017065,0.19193831,0.23853323,0.213971178,1,1,0,0.106772408,0.166666667,0,0.0600633222,0.0327078547
4038490160607,2.06269111e+14,0.8005868,1.3017065,0.23853323,0.296439527,0.265914795,9,9,0,0.16490487,0.25,0,0.115284526,0.0327078547
4038490160607,2.06269111e+14,0.8005868,1.3017065,0.296439527,0.36840315,0.330468237,17,15,2,0.254687673,0.333333333,0,0.221275171,0.0327078547
4038490160607,2.06269111e+14,0.8005868,1.3017065,0.36840315,0.457836652,0.410692665,6,5,1,0.393352913,0.916666667,0,0.424711824,0.0327078547
4038490160607,2.06269111e+14,0.8005868,1.3017065,0.457836652,0.56898102,0.510392364,15,11,4,0.607514734,1.75,0,0.815184699,0.0327078547
4038490160607,2.06269111e+14,0.8005868,1.3017065,0.56898102,0.707106781,0.63429515,7,3,4,0.93827741,2.16666667,0,1.56465174,0.0327078547
4038490160607,2.06269111e+14,0.8005868,1.3017065,0.707106781,0.878763934,0.788276561,20,13,7,1.44912452,3.5,0,3.00316611,0.0327078547
4038490160607,2.06269111e+14,0.8005868,1.3017065,0.878763934,1.09209256,0.97963848,32,13,19,2.23810342,3.08333333,0,5.76422629,0.0327078547
4038490160607,2.06269111e+14,0.8005868,1.3017065,1.09209256,1.35720881,1.21745539,44,15,29,3.45664353,6.25,7,11.0637585,0.0327078547
4038490160607,2.06269111e+14,0.8005868,1.3017065,1.35720881,1.68668465,1.51300471,35,7,28,5.33862038,10.6666667,7,21.2355912,0.0327078547
4038490160607,2.06269111e+14,0.8005868,1.3017065,1.68668465,2.096144,1.88030155,66,7,59,8.24524348,16.4166667,7,40.759235,0.0327078547
4038490160607,2.06269111e+14,0.8005868,1.3017065,2.096144,2.60500365,2.33676331,163,9,154,12.7343837,26.6666667,16,78.2325869,0.0327078547
4038490160607,2.06269111e+14,0.8005868,1.3017065,2.60500365,3.23739401,2.90403568,313,1,312,19.6676456,42.6666667,36,150.158305,0.0327078547
4038490160607,2.06269111e+14,0.8005868,1.3017065,3.23739401,4.02330338,3.60901902,260,0,260,30.3757367,58.8333333,47,288.211314,0.0327078547
4038490160607,2.06269111e+14,0.8005868,1.3017065,4.02330338,5,4.48514402,236,0,236,46.9138705,88.5833333,68,553.187927,0.0327078547
4038490160980,3.34927029e+14,0.80135983,1.4282334,0.1,0.124275987,0.11147914,4,4,0,0.0348905587,0,0,0.0112197371,0.0326397839
4038490160980,3.34927029e+14,0.80135983,1.4282334,0.124275987,0.15444521,0.138541802,9,9,0,0.0538867969,0,0,0.0215349739,0.0326397839
4038490160980,3.34927029e+14,0.80135983,1.4282334,0.15444521,0.19193831,0.172174193,12,11,1,0.0832255768,0.0833333333,0,0.0413338651,0.0326397839
4038490160980,3.34927029e+14,0.80135983,1.4282334,0.19193831,0.23853323,0.213971178,10,9,1,0.128537917,0.416666667,0,0.0793355222,0.0326397839
4038490160980,3.34927029e+14,0.80135983,1.4282334,0.23853323,0.296439527,0.265914795,11,9,2,0.198520657,1,0,0.152275261,0.0326397839
4038490160980,3.34927029e+14,0.80135983,1.4282334,0.296439527,0.36840315,0.330468237,18,13,5,0.306605647,0.166666667,0,0.292274563,0.0326397839
4038490160980,3.34927029e+14,0.80135983,1.4282334,0.36840315,0.457836652,0.410692665,24,17,7,0.473537736,0.75,0,0.560986857,0.0326397839
4038490160980,3.34927029e+14,0.80135983,1.4282334,0.457836652,0.56898102,0.510392364,26,15,11,0.731356353,2.5,0,1.0767487,0.0326397839
4038490160980,3.34927029e+14,0.80135983,1.4282334,0.56898102,0.707106781,0.63429515,30,25,5,1.12954486,5.66666667,0,2.06669325,0.0326397839
4038490160980,3.34927029e+14,0.80135983,1.4282334,0.707106781,0.878763934,0.788276561,48,25,23,1.74452794,6.08333333,0,3.96677611,0.0326397839
4038490160980,3.34927029e+14,0.80135983,1.4282334,0.878763934,1.09209256,0.97963848,56,25,31,2.69433984,9.75,2,7.61376304,0.0326397839
4038490160980,3.34927029e+14,0.80135983,1.4282334,1.09209256,1.35720881,1.21745539,71,22,49,4.16127884,17.3333333,12,14.6137281,0.0326397839
4038490160980,3.34927029e+14,0.80135983,1.4282334,1.35720881,1.68668465,1.51300471,127,30,97,6.42689587,20.0833333,10,28.0493429,0.0326397839
4038490160980,3.34927029e+14,0.80135983,1.4282334,1.68668465,2.096144,1.88030155,156,15,141,9.92603285,33,22,53.8374348,0.0326397839
4038490160980,3.34927029e+14,0.80135983,1.4282334,2.096144,2.60500365,2.33676331,156,8,148,15.3302823,51.75,29,103.334663,0.0326397839
4038490160980,3.34927029e+14,0.80135983,1.4282334,2.60500365,3.23739401,2.90403568,196,1,195,23.6768868,69.5,28,198.338806,0.0326397839
4038490160980,3.34927029e+14,0.80135983,1.4282334,3.23739401,4.02330338,3.60901902,191,0,191,36.5678177,97.5,41,380.688152,0.0326397839
4038490160980,3.34927029e+14,0.80135983,1.4282334,4.02330338,5,4.48514402,271,0,271,56.477243,157.75,62,730.686407,0.0326397839
4038490161537,1.78955973e+14,0.8026338,1.1711721,0.1,0.124275987,0.11147914,2,2,0,0.0234612415,0.0833333333,0,0.00618653225,0.0325148357
4038490161537,1.78955973e+14,0.8026338,1.1711721,0.124275987,0.15444521,0.138541802,4,3,1,0.0362347638,0.0833333333,0,0.0118743255,0.0325148357
4038490161537,1.78955973e+14,0.8026338,1.1711721,0.15444521,0.19193831,0.172174193,4,3,1,0.0559628572,0.25,0,0.0227913797,0.0325148357
4038490161537,1.78955973e+14,0.8026338,1.1711721,0.19193831,0.23853323,0.213971178,5,4,1,0.0864319526,0.25,0,0.0437453891,0.0325148357
4038490161537,1.78955973e+14,0.8026338,1.1711721,0.23853323,0.296439527,0.265914795,12,9,3,0.133490011,0.0833333333,0,0.0839641606,0.0325148357
4038490161537,1.78955973e+14,0.8026338,1.1711721,0.296439527,0.36840315,0.330468237,14,11,3,0.206168929,0.583333333,0,0.161159391,0.0325148357
4038490161537,1.78955973e+14,0.8026338,1.1711721,0.36840315,0.457836652,0.410692665,17,13,4,0.318418036,1,0,0.309326612,0.0325148357
4038490161537,1.78955973e+14,0.8026338,1.1711721,0.457836652,0.56898102,0.510392364,9,6,3,0.491781406,0.916666667,0,0.593716274,0.0325148357
4038490161537,1.78955973e+14,0.8026338,1.1711721,0.56898102,0.707106781,0.63429515,21,16,5,0.759532828,1.83333333,0,1.13956898,0.0325148357
4038490161537,1.78955973e+14,0.8026338,1.1711721,0.707106781,0.878763934,0.788276561,23,12,11,1.17306207,2.41666667,0,2.18726945,0.0325148357
4038490161537,1.78955973e+14,0.8026338,1.1711721,0.878763934,1.09209256,0.97963848,26,10,16,1.81173819,4.33333333,8,4.19820803,0.0325148357
4038490161537,1.78955973e+14,0.8026338,1.1711721,1.09209256,1.35720881,1.21745539,28,12,16,2.79814286,7.91666667,4,8.05796956,0.0325148357
4038490161537,1.78955973e+14,0.8026338,1.1711721,1.35720881,1.68668465,1.51300471,43,9,34,4.32159763,12.1666667,3,15.4663306,0.0325148357
4038490161537,1.78955973e+14,0.8026338,1.1711721,1.68668465,2.096144,1.88030155,117,14,103,6.67450056,17.3333333,7,29.6858137,0.0325148357
4038490161537,1.78955973e+14,0.8026338,1.1711721,2.096144,2.60500365,2.33676331,171,3,168,10.3084464,28.8333333,8,56.9784492,0.0325148357
4038490161537,1.78955973e+14,0.8026338,1.1711721,2.60500365,3.23739401,2.90403568,218,0,218,15.9209018,44.0833333,11,109.363473,0.0325148357
4038490161537,1.78955973e+14,0.8026338,1.1711721,3.23739401,4.02330338,3.60901902,252,0,252,24.5890703,58.5833333,28,209.910402,0.0325148357
4038490161537,1.78955973e+14,0.8026338,1.1711721,4.02330338,5,4.48514402,187,0,187,37.9766414,67.75,46,402.898478,0.0325148357
4038490162809,1.89105081e+14,0.8001216,1.1810753,0.1,0.124275987,0.11147914,0,0,0,0.0238596862,0,0,0.0063447993,0.0327939275
4038490162809,1.89105081e+14,0.8001216,1.1810753,0.124275987,0.15444521,0.138541802,1,1,0,0.0368501426,0,0,0.0121781006,0.0327939275
4038490162809,1.89105081e+14,0.8001216,1.1810753,0.15444521,0.19193831,0.172174193,3,3,0,0.0569132803,0.166666667,0,0.0233744405,0.0327939275
4038490162809,1.89105081e+14,0.8001216,1.1810753,0.19193831,0.23853323,0.213971178,7,7,0,0.0878998356,0,0,0.0448645061,0.0327939275
4038490162809,1.89105081e+14,0.8001216,1.1810753,0.23853323,0.296439527,0.265914795,4,4,0,0.135757086,0.25,0,0.0861121749,0.0327939275
4038490162809,1.89105081e+14,0.8001216,1.1810753,0.296439527,0.36840315,0.330468237,4,4,0,0.209670317,0.583333333,0,0.165282254,0.0327939275
4038490162809,1.89105081e+14,0.8001216,1.1810753,0.36840315,0.457836652,0.410692665,6,6,0,0.323825763,0.333333333,0,0.317239965,0.0327939275
4038490162809,1.89105081e+14,0.8001216,1.1810753,0.457836652,0.56898102,0.510392364,9,7,2,0.500133382,0.5,0,0.608905028,0.0327939275
4038490162809,1.89105081e+14,0.8001216,1.1810753,0.56898102,0.707106781,0.63429515,17,12,5,0.772432054,2.5,0,1.16872202,0.0327939275
4038490162809,1.89105081e+14,0.8001216,1.1810753,0.707106781,0.878763934,0.788276561,16,11,5,1.19298431,2.33333333,0,2.2432253,0.0327939275
4038490162809,1.89105081e+14,0.8001216,1.1810753,0.878763934,1.09209256,0.97963848,26,15,11,1.84250713,5.33333333,2,4.30560875,0.0327939275
4038490162809,1.89105081e+14,0.8001216,1.1810753,1.09209256,1.35720881,1.21745539,37,20,17,2.84566402,9.58333333,7,8.26411268,0.0327939275
4038490162809,1.89105081e+14,0.8001216,1.1810753,1.35720881,1.68668465,1.51300471,33,17,16,4.39499178,12.8333333,7,15.8619982,0.0327939275
4038490162809,1.89105081e+14,0.8001216,1.1810753,1.68668465,2.096144,1.88030155,36,17,19,6.78785431,17,6,30.4452514,0.0327939275
4038490162809,1.89105081e+14,0.8001216,1.1810753,2.096144,2.60500365,2.33676331,60,9,51,10.4835159,23.8333333,8,58.4361012,0.0327939275
4038490162809,1.89105081e+14,0.8001216,1.1810753,2.60500365,3.23739401,2.90403568,47,1,46,16.1912882,45.5833333,10,112.161265,0.0327939275
4038490162809,1.89105081e+14,0.8001216,1.1810753,3.23739401,4.02330338,3.60901902,157,0,157,25.0066691,63.1666667,32,215.280437,0.0327939275
4038490162809,1.89105081e+14,0.8001216,1.1810753,4.02330338,5,4.48514402,179,0,179,38.6216027,90.75,37,413.205634,0.0327939275
4038490177299,1.02194894e+14,0.81505257,0.96204486,0.1,0.124275987,0.11147914,0,0,0,0.015830703,0,0,0.00342902853,0.0311930218
4038490177299,1.02194894e+14,0.81505257,0.96204486,0.124275987,0.15444521,0.138541802,2,2,0,0.0244497626,0,0,0.00658161942,0.0311930218
4038490177299,1.02194894e+14,0.81505257,0.96204486,0.15444521,0.19193831,0.172174193,0,0,0,0.0377614873,0,0,0.0126326491,0.0311930218
4038490177299,1.02194894e+14,0.81505257,0.96204486,0.19193831,0.23853323,0.213971178,1,1,0,0.0583208085,0.25,0,0.0242468932,0.0311930218
4038490177299,1.02194894e+14,0.81505257,0.96204486,0.23853323,0.296439527,0.265914795,1,1,0,0.0900736954,0.166666667,0,0.0465390772,0.0311930218
4038490177299,1.02194894e+14,0.81505257,0.96204486,0.296439527,0.36840315,0.330468237,6,6,0,0.139114509,0.333333333,0,0.0893263185,0.0311930218
4038490177299,1.02194894e+14,0.81505257,0.96204486,0.36840315,0.457836652,0.410692665,6,6,0,0.214855695,0.5,0,0.171451426,0.0311930218
4038490177299,1.02194894e+14,0.81505257,0.96204486,0.457836652,0.56898102,0.510392364,8,8,0,0.331834331,0.25,0,0.329080971,0.0311930218
4038490177299,1.02194894e+14,0.81505257,0.96204486,0.56898102,0.707106781,0.63429515,5,5,0,0.512502231,0.5,0,0.631632455,0.0311930218
4038490177299,1.02194894e+14,0.81505257,0.96204486,0.707106781,0.878763934,0.788276561,12,9,3,0.79153515,1.16666667,0,1.21234466,0.0311930218
4038490177299,1.02194894e+14,0.81505257,0.96204486,0.878763934,1.09209256,0.97963848,13,6,7,1.22248813,2.91666667,2,2.32695386,0.0311930218
4038490177299,1.02194894e+14,0.81505257,0.96204486,1.09209256,1.35720881,1.21745539,21,6,15,1.88807436,6.25,3,4.46631592,0.0311930218
4038490177299,1.02194894e+14,0.81505257,0.96204486,1.35720881,1.68668465,1.51300471,17,6,11,2.91604042,7.41666667,2,8.57257132,0.0311930218
4038490177299,1.02194894e+14,0.81505257,0.96204486,1.68668465,2.096144,1.88030155,28,6,22,4.50368477,12.25,3,16.4540485,0.0311930218
4038490177299,1.02194894e+14,0.81505257,0.96204486,2.096144,2.60500365,2.33676331,36,1,35,6.95572543,13.3333333,7,31.5816228,0.0311930218
4038490177299,1.02194894e+14,0.81505257,0.96204486,2.60500365,3.23739401,2.90403568,63,0,63,10.7427848,21.1666667,8,60.6172331,0.0311930218
4038490177299,1.02194894e+14,0.81505257,0.96204486,3.23739401,4.02330338,3.60901902,95,0,95,16.5917166,29.0833333,11,116.347693,0.0311930218
4038490177299,1.02194894e+14,0.81505257,0.96204486,4.02330338,5,4.48514402,86,0,86,25.6251116,48,12,223.315796,0.0311930218
4038490226679,1.27195339e+14,0.8149277,1.0354995,0.1,0.124275987,0.11147914,3,3,0,0.0183404227,0,0,0.00427597156,0.0312004414
4038490226679,1.27195339e+14,0.8149277,1.0354995,0.124275987,0.15444521,0.138541802,3,3,0,0.0283259045,0.0833333333,0,0.00820722756,0.0312004414
4038490226679,1.27195339e+14,0.8149277,1.0354995,0.15444521,0.19193831,0.172174193,2,2,0,0.0437480028,0,0,0.0157528139,0.0312004414
4038490226679,1.27195339e+14,0.8149277,1.0354995,0.19193831,0.23853323,0.213971178,4,4,0,0.0675666949,0.25,0,0.0302356849,0.0312004414
4038490226679,1.27195339e+14,0.8149277,1.0354995,0.23853323,0.296439527,0.265914795,5,5,0,0.104353524,0.166666667,0,0.0580338626,0.0312004414
4038490226679,1.27195339e+14,0.8149277,1.0354995,0.296439527,0.36840315,0.330468237,7,7,0,0.16116902,0.75,0,0.111389215,0.0312004414
4038490226679,1.27195339e+14,0.8149277,1.0354995,0.36840315,0.457836652,0.410692665,4,3,1,0.248917832,0.166666667,0,0.213798578,0.0312004414
4038490226679,1.27195339e+14,0.8149277,1.0354995,0.457836652,0.56898102,0.510392364,5,5,0,0.38444167,0.583333333,0,0.410361378,0.0312004414
4038490226679,1.27195339e+14,0.8149277,1.0354995,0.56898102,0.707106781,0.63429515,6,5,1,0.593751747,1.5,0,0.787640696,0.0312004414
4038490226679,1.27195339e+14,0.8149277,1.0354995,0.707106781,0.878763934,0.788276561,9,6,3,0.917021135,1.41666667,0,1.51178424,0.0312004414
4038490226679,1.27195339e+14,0.8149277,1.0354995,0.878763934,1.09209256,0.97963848,15,9,6,1.41629522,2.58333333,0,2.90169313,0.0312004414
4038490226679,1.27195339e+14,0.8149277,1.0354995,1.09209256,1.35720881,1.21745539,18,3,15,2.18740014,4.08333333,2,5.56946077,0.0312004414
4038490226679,1.27195339e+14,0.8149277,1.0354995,1.35720881,1.68668465,1.51300471,17,6,11,3.37833475,4.41666667,1,10.6899289,0.0312004414
4038490226679,1.27195339e+14,0.8149277,1.0354995,1.68668465,2.096144,1.88030155,27,8,19,5.21767621,7.41666667,8,20.5180689,0.0312004414
4038490226679,1.27195339e+14,0.8149277,1.0354995,2.096144,2.60500365,2.33676331,24,0,24,8.05845101,13.5,7,39.3820348,0.0312004414
4038490226679,1.27195339e+14,0.8149277,1.0354995,2.60500365,3.23739401,2.90403568,32,0,32,12.4458916,24.75,4,75.5892121,0.0312004414
4038490226679,1.27195339e+14,0.8149277,1.0354995,3.23739401,4.02330338,3.60901902,66,0,66,19.2220835,40.5,16,145.084657,0.0312004414
4038490226679,1.27195339e+14,0.8149277,1.0354995,4.02330338,5,4.48514402,113,0,113,29.6875873,64.4166667,26,278.473039,0.0312004414
4039460072816,1.30612938e+14,0.65340894,1.0303965,0.1,0.124275987,0.11147914,4,4,0,0.0181601028,0,0,0.0042130659,0.0338828436
4039460072816,1.30612938e+14,0.65340894,1.0303965,0.124275987,0.15444521,0.138541802,2,2,0,0.0280474091,0.166666667,0,0.00808648749,0.0338828436
4039460072816,1.30612938e+14,0.65340894,1.0303965,0.15444521,0.19193831,0.172174193,2,2,0,0.04331788,0.166666667,0,0.0155210675,0.0338828436
4039460072816,1.30612938e+14,0.65340894,1.0303965,0.19193831,0.23853323,0.213971178,7,7,0,0.0669023909,0.166666667,0,0.0297908746,0.0338828436
4039460072816,1.30612938e+14,0.65340894,1.0303965,0.23853323,0.296439527,0.265914795,6,6,0,0.103327538,0.333333333,0,0.0571801014,0.0338828436
4039460072816,1.30612938e+14,0.65340894,1.0303965,0.296439527,0.36840315,0.330468237,7,7,0,0.159584434,0.25,0,0.109750521,0.0338828436
4039460072816,1.30612938e+14,0.65340894,1.0303965,0.36840315,0.457836652,0.410692665,6,6,0,0.246470515,0.583333333,0,0.210653295,0.0338828436
4039460072816,1.30612938e+14,0.65340894,1.0303965,0.457836652,0.56898102,0.510392364,8,8,0,0.380661906,0.5,0,0.404324375,0.0338828436
4039460072816,1.30612938e+14,0.65340894,1.0303965,0.56898102,0.707106781,0.63429515,8,8,0,0.587914082,1.08333333,0,0.776053373,0.0338828436
4039460072816,1.30612938e+14,0.65340894,1.0303965,0.707106781,0.878763934,0.788276561,6,6,0,0.908005142,1.83333333,0,1.48954373,0.0338828436
4039460072816,1.30612938e+14,0.65340894,1.0303965,0.878763934,1.09209256,0.97963848,12,8,4,1.40237045,4.75,0,2.85900507,0.0338828436
4039460072816,1.30612938e+14,0.65340894,1.0303965,1.09209256,1.35720881,1.21745539,16,12,4,2.165894,4.91666667,6,5.48752603,0.0338828436
4039460072816,1.30612938e+14,0.65340894,1.0303965,1.35720881,1.68668465,1.51300471,23,8,15,3.34511954,8.41666667,6,10.5326647,0.0338828436
4039460072816,1.30612938e+14,0.65340894,1.0303965,1.68668465,2.096144,1.88030155,31,12,19,5.16637692,13.75,4,20.2162187,0.0338828436
4039460072816,1.30612938e+14,0.65340894,1.0303965,2.096144,2.60500365,2.33676331,33,3,30,7.97922171,20,15,38.8026687,0.0338828436
4039460072816,1.30612938e+14,0.65340894,1.0303965,2.60500365,3.23739401,2.90403568,37,0,37,12.3235258,28.0833333,13,74.4771866,0.0338828436
4039460072816,1.30612938e+14,0.65340894,1.0303965,3.23739401,4.02330338,3.60901902,105,0,105,19.0330953,44,22,142.950254,0.0338828436
4039460072816,1.30612938e+14,0.65340894,1.0303965,4.02330338,5,4.48514402,152,0,152,29.3957041,68.1666667,28,274.376301,0.0338828436
4039460147850,2.87911623e+14,0.66110325,1.3408616,0.1,0.124275987,0.11147914,5,5,0,0.03075229,0,0,0.00928403968,0.0335798916
4039460147850,2.87911623e+14,0.66110325,1.3408616,0.124275987,0.15444521,0.138541802,7,7,0,0.047495439,0,0,0.0178196289,0.0335798916
4039460147850,2.87911623e+14,0.66110325,1.3408616,0.15444521,0.19193831,0.172174193,7,6,1,0.0733544307,0,0,0.0342026946,0.0335798916
4039460147850,2.87911623e+14,0.66110325,1.3408616,0.19193831,0.23853323,0.213971178,8,8,0,0.113292405,0.333333333,0,0.0656480741,0.0335798916
4039460147850,2.87911623e+14,0.66110325,1.3408616,0.23853323,0.296439527,0.265914795,8,8,0,0.174974693,0.333333333,0,0.126003804,0.0335798916
4039460147850,2.87911623e+14,0.66110325,1.3408616,0.296439527,0.36840315,0.330468237,17,14,3,0.270240033,0.5,0,0.241849573,0.0335798916
4039460147850,2.87911623e+14,0.66110325,1.3408616,0.36840315,0.457836652,0.410692665,19,15,4,0.417372788,1.25,0,0.464201984,0.0335798916
4039460147850,2.87911623e+14,0.66110325,1.3408616,0.457836652,0.56898102,0.510392364,26,16,10,0.644612281,1.08333333,0,0.890981445,0.0335798916
4039460147850,2.87911623e+14,0.66110325,1.3408616,0.56898102,0.707106781,0.63429515,23,15,8,0.995572794,2.25,0,1.71013473,0.0335798916
4039460147850,2.87911623e+14,0.66110325,1.3408616,0.707106781,0.878763934,0.788276561,30,16,14,1.5376145,3.08333333,0,3.28240371,0.0335798916
4039460147850,2.87911623e+14,0.66110325,1.3408616,0.878763934,1.09209256,0.97963848,39,19,20,2.37477195,4.16666667,4,6.30019021,0.0335798916
4039460147850,2.87911623e+14,0.66110325,1.3408616,1.09209256,1.35720881,1.21745539,57,23,34,3.66772153,5.16666667,5,12.0924786,0.0335798916
4039460147850,2.87911623e+14,0.66110325,1.3408616,1.35720881,1.68668465,1.51300471,47,14,33,5.66462024,9.41666667,7,23.2100992,0.0335798916
4039460147850,2.87911623e+14,0.66110325,1.3408616,1.68668465,2.096144,1.88030155,48,13,35,8.74873466,10.5,8,44.5490722,0.0335798916
4039460147850,2.87911623e+14,0.66110325,1.3408616,2.096144,2.60500365,2.33676331,74,14,60,13.5120017,21.3333333,9,85.5067365,0.0335798916
4039460147850,2.87911623e+14,0.66110325,1.3408616,2.60500365,3.23739401,2.90403568,79,2,77,20.8686394,37.6666667,16,164.120185,0.0335798916
4039460147850,2.87911623e+14,0.66110325,1.3408616,3.23739401,4.02330338,3.60901902,211,0,211,32.2306141,54.25,24,315.009511,0.0335798916
4039460147850,2.87911623e+14,0.66110325,1.3408616,4.02330338,5,4.48514402,319,0,319,49.7786397,80.4166667,42,604.623932,0.0335798916
4039460185201,1.40851734e+14,0.67407006,1.0566353,0.1,0.124275987,0.11147914,2,1,1,0.0190967642,0.0833333333,0,0.00454318554,0.033756266
4039460185201,1.40851734e+14,0.67407006,1.0566353,0.124275987,0.15444521,0.138541802,4,3,1,0.0294940376,0.0833333333,0,0.00872011357,0.033756266
4039460185201,1.40851734e+14,0.67407006,1.0566353,0.15444521,0.19193831,0.172174193,1,1,0,0.0455521285,0.0833333333,0,0.0167372386,0.033756266
4039460185201,1.40851734e+14,0.67407006,1.0566353,0.19193831,0.23853323,0.213971178,5,5,0,0.0703530807,0.166666667,0,0.0321251731,0.033756266
4039460185201,1.40851734e+14,0.67407006,1.0566353,0.23853323,0.296439527,0.265914795,3,1,2,0.108656964,0,0,0.0616605144,0.033756266
4039460185201,1.40851734e+14,0.67407006,1.0566353,0.296439527,0.36840315,0.330468237,9,7,2,0.167815476,0.75,0,0.118350149,0.033756266
4039460185201,1.40851734e+14,0.67407006,1.0566353,0.36840315,0.457836652,0.410692665,9,5,4,0.259182965,0.833333333,0,0.227159277,0.033756266
4039460185201,1.40851734e+14,0.67407006,1.0566353,0.457836652,0.56898102,0.510392364,7,2,5,0.400295676,1,0,0.436005678,0.033756266
4039460185201,1.40851734e+14,0.67407006,1.0566353,0.56898102,0.707106781,0.63429515,13,8,5,0.6182375,0.833333333,0,0.836861932,0.033756266
4039460185201,1.40851734e+14,0.67407006,1.0566353,0.707106781,0.878763934,0.788276561,20,9,11,0.954838208,1.75,0,1.60625865,0.033756266
4039460185201,1.40851734e+14,0.67407006,1.0566353,0.878763934,1.09209256,0.97963848,33,11,22,1.47470188,3.16666667,0,3.08302572,0.033756266
4039460185201,1.40851734e+14,0.67407006,1.0566353,1.09209256,1.35720881,1.21745539,36,8,28,2.27760642,4.5,5,5.91750747,0.033756266
4039460185201,1.40851734e+14,0.67407006,1.0566353,1.35720881,1.68668465,1.51300471,36,12,24,3.51765404,8.16666667,4,11.3579639,0.033756266
4039460185201,1.40851734e+14,0.67407006,1.0566353,1.68668465,2.096144,1.88030155,60,14,46,5.43284818,13.0833333,6,21.8002839,0.033756266
4039460185201,1.40851734e+14,0.67407006,1.0566353,2.096144,2.60500365,2.33676331,73,11,62,8.39077381,20,9,41.8430966,0.033756266
4039460185201,1.40851734e+14,0.67407006,1.0566353,2.60500365,3.23739401,2.90403568,54,2,52,12.9591483,27.5833333,16,80.3129327,0.033756266
4039460185201,1.40851734e+14,0.67407006,1.0566353,3.23739401,4.02330338,3.60901902,97,0,97,20.0147838,42,18,154.151286,0.033756266
4039460185201,1.40851734e+14,0.67407006,1.0566353,4.02330338,5,4.48514402,106,0,106,30.911875,69.0833333,31,295.875374,0.033756266
4039460229367,1.26000769e+14,0.6830757,1.0180181,0.1,0.124275987,0.11147914,1,1,0,0.0177264003,0,0,0.00406304494,0.034323794
4039460229367,1.26000769e+14,0.6830757,1.0180181,0.124275987,0.15444521,0.138541802,4,4,0,0.0273775763,0,0,0.00779853982,0.034323794
4039460229367,1.26000769e+14,0.6830757,1.0180181,0.15444521,0.19193831,0.172174193,2,2,0,0.0422833554,0,0,0.0149683856,0.034323794
4039460229367,1.26000769e+14,0.6830757,1.0180181,0.19193831,0.23853323,0.213971178,6,6,0,0.0653046172,0.333333333,0,0.0287300663,0.034323794
4039460229367,1.26000769e+14,0.6830757,1.0180181,0.23853323,0.296439527,0.265914795,7,6,1,0.100859853,0.166666667,0,0.0551440039,0.034323794
4039460229367,1.26000769e+14,0.6830757,1.0180181,0.296439527,0.36840315,0.330468237,9,6,3,0.155773213,0.5,0,0.105842469,0.034323794
4039460229367,1.26000769e+14,0.6830757,1.0180181,0.36840315,0.457836652,0.410692665,7,5,2,0.240584267,0.416666667,0,0.203152247,0.034323794
4039460229367,1.26000769e+14,0.6830757,1.0180181,0.457836652,0.56898102,0.510392364,16,13,3,0.371570877,0.583333333,0,0.389926991,0.034323794
4039460229367,1.26000769e+14,0.6830757,1.0180181,0.56898102,0.707106781,0.63429515,11,9,2,0.573873423,1.16666667,0,0.748419278,0.034323794
4039460229367,1.26000769e+14,0.6830757,1.0180181,0.707106781,0.878763934,0.788276561,15,8,7,0.886320017,1.75,0,1.43650332,0.034323794
4039460229367,1.26000769e+14,0.6830757,1.0180181,0.878763934,1.09209256,0.97963848,24,13,11,1.36887882,2.08333333,2,2.75720019,0.034323794
4039460229367,1.26000769e+14,0.6830757,1.0180181,1.09209256,1.35720881,1.21745539,18,6,12,2.11416777,3.66666667,4,5.29212346,0.034323794
4039460229367,1.26000769e+14,0.6830757,1.0180181,1.35720881,1.68668465,1.51300471,15,4,11,3.26523086,8,2,10.1576124,0.034323794
4039460229367,1.26000769e+14,0.6830757,1.0180181,1.68668465,2.096144,1.88030155,20,6,14,5.04299267,11.6666667,5,19.4963495,0.034323794
4039460229367,1.26000769e+14,0.6830757,1.0180181,2.096144,2.60500365,2.33676331,23,1,22,7.78866065,17,5,37.4209639,0.034323794
4039460229367,1.26000769e+14,0.6830757,1.0180181,2.60500365,3.23739401,2.90403568,44,0,44,12.0292133,27.75,7,71.8251658,0.034323794
4039460229367,1.26000769e+14,0.6830757,1.0180181,3.23739401,4.02330338,3.60901902,72,0,72,18.5785439,43.5,14,137.86001,0.034323794
4039460229367,1.26000769e+14,0.6830757,1.0180181,4.02330338,5,4.48514402,93,0,93,28.6936712,65.25,17,264.606173,0.034323794
4039470031137,2.94329097e+14,0.69670516,1.3588511,0.1,0.124275987,0.11147914,3,3,0,0.0315829938,0.166666667,0,0.00966274988,0.0365475215
4039470031137,2.94329097e+14,0.69670516,1.3588511,0.124275987,0.15444521,0.138541802,7,7,0,0.0487784212,0.0833333333,0,0.0185465189,0.0365475215
4039470031137,2.94329097e+14,0.69670516,1.3588511,0.15444521,0.19193831,0.172174193,5,5,0,0.0753359353,0.0833333333,0,0.0355978749,0.0365475215
4039470031137,2.94329097e+14,0.69670516,1.3588511,0.19193831,0.23853323,0.213971178,13,13,0,0.116352744,0,0,0.0683259597,0.0365475215
4039470031137,2.94329097e+14,0.69670516,1.3588511,0.23853323,0.296439527,0.265914795,7,5,2,0.17970124,0.333333333,0,0.131143693,0.0365475215
4039470031137,2.94329097e+14,0.69670516,1.3588511,0.296439527,0.36840315,0.330468237,13,12,1,0.277539959,0.666666667,0,0.251714988,0.0365475215
4039470031137,2.94329097e+14,0.69670516,1.3588511,0.36840315,0.457836652,0.410692665,8,8,0,0.428647173,1.08333333,0,0.483137494,0.0365475215
4039470031137,2.94329097e+14,0.69670516,1.3588511,0.457836652,0.56898102,0.510392364,31,26,5,0.662025029,1.41666667,0,0.927325943,0.0365475215
4039470031137,2.94329097e+14,0.69670516,1.3588511,0.56898102,0.707106781,0.63429515,18,12,6,1.02246595,3.66666667,0,1.77989375,0.0365475215
4039470031137,2.94329097e+14,0.69670516,1.3588511,0.707106781,0.878763934,0.788276561,32,29,3,1.57914969,4.25,0,3.41629798,0.0365475215
4039470031137,2.94329097e+14,0.69670516,1.3588511,0.878763934,1.09209256,0.97963848,41,21,20,2.43892106,7.33333333,3,6.55718463,0.0365475215
4039470031137,2.94329097e+14,0.69670516,1.3588511,1.09209256,1.35720881,1.21745539,56,15,41,3.76679676,9.66666667,2,12.5857494,0.0365475215
4039470031137,2.94329097e+14,0.69670516,1.3588511,1.35720881,1.68668465,1.51300471,51,13,38,5.81763719,13.75,2,24.1568747,0.0365475215
4039470031137,2.94329097e+14,0.69670516,1.3588511,1.68668465,2.096144,1.88030155,48,16,32,8.98506201,23.5833333,11,46.3662972,0.0365475215
4039470031137,2.94329097e+14,0.69670516,1.3588511,2.096144,2.60500365,2.33676331,51,8,43,13.8769979,37.5,7,88.9946873,0.0365475215
4039470031137,2.94329097e+14,0.69670516,1.3588511,2.60500365,3.23739401,2.90403568,102,3,99,21.4323587,54.8333333,23,170.814899,0.0365475215
4039470031137,2.94329097e+14,0.69670516,1.3588511,3.23739401,4.02330338,3.60901902,127,0,127,33.1012514,83.0833333,28,327.859231,0.0365475215
4039470031137,2.94329097e+14,0.69670516,1.3588511,4.02330338,5,4.48514402,182,0,182,51.1232975,129.583333,45,629.287469,0.0365475215
4039470050972,1.23970456e+14,0.69740653,1.0174904,0.1,0.124275987,0.11147914,4,4,0,0.0177080278,0,0,0.00405672986,0.0366864249
4039470050972,1.23970456e+14,0.69740653,1.0174904,0.124275987,0.15444521,0.138541802,1,1,0,0.0273492008,0,0,0.00778641874,0.0366864249
4039470050972,1.23970456e+14,0.69740653,1.0174904,0.15444521,0.19193831,0.172174193,5,5,0,0.0422395307,0,0,0.0149451206,0.0366864249
4039470050972,1.23970456e+14,0.69740653,1.0174904,0.19193831,0.23853323,0.213971178,4,4,0,0.0652369321,0.166666667,0,0.0286854119,0.0366864249
4039470050972,1.23970456e+14,0.69740653,1.0174904,0.23853323,0.296439527,0.265914795,8,8,0,0.100755317,0.25,0,0.055058295,0.0366864249
4039470050972,1.23970456e+14,0.69740653,1.0174904,0.296439527,0.36840315,0.330468237,3,3,0,0.155611762,0.333333333,0,0.105677961,0.0366864249
4039470050972,1.23970456e+14,0.69740653,1.0174904,0.36840315,0.457836652,0.410692665,9,5,4,0.240334913,0.166666667,0,0.202836493,0.0366864249
4039470050972,1.23970456e+14,0.69740653,1.0174904,0.457836652,0.56898102,0.510392364,10,9,1,0.371185762,0.75,0,0.389320937,0.0366864249
4039470050972,1.23970456e+14,0.69740653,1.0174904,0.56898102,0.707106781,0.63429515,10,7,3,0.573278631,0.666666667,0,0.747256029,0.0366864249
4039470050972,1.23970456e+14,0.69740653,1.0174904,0.707106781,0.878763934,0.788276561,13,9,4,0.885401389,1.75,0,1.4342706,0.0366864249
4039470050972,1.23970456e+14,0.69740653,1.0174904,0.878763934,1.09209256,0.97963848,20,13,7,1.36746004,2.91666667,2,2.75291475,0.0366864249
4039470050972,1.23970456e+14,0.69740653,1.0174904,1.09209256,1.35720881,1.21745539,18,5,13,2.11197654,4.5,5,5.28389805,0.0366864249
4039470050972,1.23970456e+14,0.69740653,1.0174904,1.35720881,1.68668465,1.51300471,29,9,20,3.26184661,6.5,3,10.1418246,0.0366864249
4039470050972,1.23970456e+14,0.69740653,1.0174904,1.68668465,2.096144,1.88030155,29,6,23,5.03776586,11.3333333,1,19.4660469,0.0366864249
4039470050972,1.23970456e+14,0.69740653,1.0174904,2.096144,2.60500365,2.33676331,27,0,27,7.78058808,21.9166667,6,37.3628014,0.0366864249
4039470050972,1.23970456e+14,0.69740653,1.0174904,2.60500365,3.23739401,2.90403568,37,0,37,12.0167456,33.9166667,11,71.7135298,0.0366864249
4039470050972,1.23970456e+14,0.69740653,1.0174904,3.23739401,4.02330338,3.60901902,36,0,36,18.5592881,46.8333333,15,137.645737,0.0366864249
4039470050972,1.23970456e+14,0.69740653,1.0174904,4.02330338,5,4.48514402,92,0,92,28.6639316,67.75,17,264.194903,0.0366864249
4039470058275,1.05448935e+14,0.6992935,0.9642173,0.1,0.124275987,0.11147914,2,2,0,0.0159022799,0.0833333333,0,0.00345231079,0.0369675169
4039470058275,1.05448935e+14,0.6992935,0.9642173,0.124275987,0.15444521,0.138541802,4,4,0,0.0245603096,0,0,0.006626307,0.0369675169
4039470058275,1.05448935e+14,0.6992935,0.9642173,0.15444521,0.19193831,0.172174193,1,1,0,0.0379322219,0.0833333333,0,0.0127184217,0.0369675169
4039470058275,1.05448935e+14,0.6992935,0.9642173,0.19193831,0.23853323,0.213971178,4,4,0,0.0585845,0.166666667,0,0.0244115237,0.0369675169
4039470058275,1.05448935e+14,0.6992935,0.9642173,0.23853323,0.296439527,0.265914795,2,2,0,0.0904809543,0.416666667,0,0.0468550661,0.0369675169
4039470058275,1.05448935e+14,0.6992935,0.9642173,0.296439527,0.36840315,0.330468237,5,5,0,0.1397435,0.25,0,0.0899328222,0.0369675169
4039470058275,1.05448935e+14,0.6992935,0.9642173,0.36840315,0.457836652,0.410692665,5,5,0,0.215827143,0.583333333,0,0.172615539,0.0369675169
4039470058275,1.05448935e+14,0.6992935,0.9642173,0.457836652,0.56898102,0.510392364,19,19,0,0.333334686,1.08333333,0,0.33131535,0.0369675169
4039470058275,1.05448935e+14,0.6992935,0.9642173,0.56898102,0.707106781,0.63429515,9,9,0,0.514819457,2,0,0.635921084,0.0369675169
4039470058275,1.05448935e+14,0.6992935,0.9642173,0.707106781,0.878763934,0.788276561,8,8,0,0.795113994,2.75,0,1.22057618,0.0369675169
4039470058275,1.05448935e+14,0.6992935,0.9642173,0.878763934,1.09209256,0.97963848,10,7,3,1.22801548,4.66666667,1,2.34275331,0.0369675169
4039470058275,1.05448935e+14,0.6992935,0.9642173,1.09209256,1.35720881,1.21745539,21,6,15,1.89661109,7.83333333,0,4.49664111,0.0369675169
4039470058275,1.05448935e+14,0.6992935,0.9642173,1.35720881,1.68668465,1.51300471,24,5,19,2.929225,10.3333333,1,8.63077697,0.0369675169
4039470058275,1.05448935e+14,0.6992935,0.9642173,1.68668465,2.096144,1.88030155,33,5,28,4.52404771,13.5833333,7,16.5657675,0.0369675169
4039470058275,1.05448935e+14,0.6992935,0.9642173,2.096144,2.60500365,2.33676331,34,0,34,6.98717501,19.25,6,31.7960542,0.0369675169
4039470058275,1.05448935e+14,0.6992935,0.9642173,2.60500365,3.23739401,2.90403568,59,0,59,10.7913572,32,9,61.0288092,0.0369675169
4039470058275,1.05448935e+14,0.6992935,0.9642173,3.23739401,4.02330338,3.60901902,100,0,100,16.6667343,45.75,18,117.137665,0.0369675169
4039470058275,1.05448935e+14,0.6992935,0.9642173,4.02330338,5,4.48514402,126,0,126,25.7409728,73.1666667,30,224.832056,0.0369675169
4039470121631,1.09732481e+14,0.7072632,0.9769343,0.1,0.124275987,0.11147914,1,0,1,0.0163245143,0,0,0.00359071719,0.0372382448
4039470121631,1.09732481e+14,0.7072632,0.9769343,0.124275987,0.15444521,0.138541802,2,2,0,0.0252124305,0,0,0.00689196191,0.0372382448
4039470121631,1.09732481e+14,0.7072632,0.9769343,0.15444521,0.19193831,0.172174193,2,2,0,0.0389393914,0,0,0.0132283152,0.0372382448
4039470121631,1.09732481e+14,0.7072632,0.9769343,0.19193831,0.23853323,0.213971178,2,2,0,0.060140025,0.25,0,0.0253902048,0.0372382448
4039470121631,1.09732481e+14,0.7072632,0.9769343,0.23853323,0.296439527,0.265914795,5,4,1,0.0928833882,0.0833333333,0,0.04873353,0.0372382448
4039470121631,1.09732481e+14,0.7072632,0.9769343,0.296439527,0.36840315,0.330468237,5,4,1,0.143453944,0.166666667,0,0.0935383141,0.0372382448
4039470121631,1.09732481e+14,0.7072632,0.9769343,0.36840315,0.457836652,0.410692665,8,6,2,0.221557746,1.08333333,0,0.17953586,0.0372382448
4039470121631,1.09732481e+14,0.7072632,0.9769343,0.457836652,0.56898102,0.510392364,6,4,2,0.342185328,0.583333333,0,0.344598095,0.0372382448
4039470121631,1.09732481e+14,0.7072632,0.9769343,0.56898102,0.707106781,0.63429515,8,4,4,0.52848885,1,0,0.661415762,0.0372382448
4039470121631,1.09732481e+14,0.7072632,0.9769343,0.707106781,0.878763934,0.788276561,8,5,3,0.816225717,2.33333333,0,1.26951024,0.0372382448
4039470121631,1.09732481e+14,0.7072632,0.9769343,0.878763934,1.09209256,0.97963848,29,6,23,1.26062153,4.25,0,2.4366765,0.0372382448
4039470121631,1.09732481e+14,0.7072632,0.9769343,1.09209256,1.35720881,1.21745539,32,7,25,1.94696957,4.83333333,9,4.6769157,0.0372382448
4039470121631,1.09732481e+14,0.7072632,0.9769343,1.35720881,1.68668465,1.51300471,53,10,43,3.00700125,8.58333333,7,8.97679298,0.0372382448
4039470121631,1.09732481e+14,0.7072632,0.9769343,1.68668465,2.096144,1.88030155,84,3,81,4.64416941,17,11,17.2299048,0.0372382448
4039470121631,1.09732481e+14,0.7072632,0.9769343,2.096144,2.60500365,2.33676331,113,0,113,7.17269722,26.5833333,8,33.0707881,0.0372382448
4039470121631,1.09732481e+14,0.7072632,0.9769343,2.60500365,3.23739401,2.90403568,227,0,227,11.0778873,34.0833333,9,63.4755119,0.0372382448
4039470121631,1.09732481e+14,0.7072632,0.9769343,3.23739401,4.02330338,3.60901902,311,0,311,17.1092664,57.4166667,21,121.833825,0.0372382448
4039470121631,1.09732481e+14,0.7072632,0.9769343,4.02330338,5,4.48514402,299,0,299,26.4244425,78.5833333,29,233.845785,0.0372382448
4039470122365,7.67913314e+14,0.7087923,1.8691095,0.1,0.124275987,0.11147914,5,5,0,0.0597556595,0.333333333,0,0.0251471841,0.0372319418
4039470122365,7.67913314e+14,0.7087923,1.8691095,0.124275987,0.15444521,0.138541802,9,9,0,0.092289754,0.0833333333,0,0.0482670803,0.0372319418
4039470122365,7.67913314e+14,0.7087923,1.8691095,0.15444521,0.19193831,0.172174193,19,19,0,0.142537105,0.833333333,0,0.0926430185,0.0372319418
4039470122365,7.67913314e+14,0.7087923,1.8691095,0.19193831,0.23853323,0.213971178,27,24,3,0.220141732,0.916666667,0,0.177817444,0.0372319418
4039470122365,7.67913314e+14,0.7087923,1.8691095,0.23853323,0.296439527,0.265914795,23,23,0,0.339998361,1.33333333,0,0.341299798,0.0372319418
4039470122365,7.67913314e+14,0.7087923,1.8691095,0.296439527,0.36840315,0.330468237,34,32,2,0.525111184,2.16666667,0,0.655085066,0.0372319418
4039470122365,7.67913314e+14,0.7087923,1.8691095,0.36840315,0.457836652,0.410692665,41,39,2,0.811009074,3.08333333,0,1.25735921,0.0372319418
4039470122365,7.67913314e+14,0.7087923,1.8691095,0.457836652,0.56898102,0.510392364,61,45,16,1.25256467,6,0,2.41335402,0.0372319418
4039470122365,7.67913314e+14,0.7087923,1.8691095,0.56898102,0.707106781,0.63429515,70,60,10,1.93452614,7.08333333,0,4.63215092,0.0372319418
4039470122365,7.67913314e+14,0.7087923,1.8691095,0.707106781,0.878763934,0.788276561,75,50,25,2.98778297,11.8333333,0,8.89087222,0.0372319418
4039470122365,7.67913314e+14,0.7087923,1.8691095,0.878763934,1.09209256,0.97963848,95,61,34,4.6144877,21.1666667,2,17.0649899,0.0372319418
4039470122365,7.67913314e+14,0.7087923,1.8691095,1.09209256,1.35720881,1.21745539,114,53,61,7.12685524,32.8333333,8,32.7542533,0.0372319418
4039470122365,7.67913314e+14,0.7087923,1.8691095,1.35720881,1.68668465,1.51300471,173,66,107,11.0070866,45.9166667,13,62.8679604,0.0372319418
4039470122365,7.67913314e+14,0.7087923,1.8691095,1.68668465,2.096144,1.88030155,139,39,100,16.999918,55.25,25,120.667701,0.0372319418
4039470122365,7.67913314e+14,0.7087923,1.8691095,2.096144,2.60500365,2.33676331,236,4,232,26.2555592,87.1666667,38,231.607546,0.0372319418
4039470122365,7.67913314e+14,0.7087923,1.8691095,2.60500365,3.23739401,2.90403568,328,0,328,40.5504537,151.25,57,444.543611,0.0372319418
4039470122365,7.67913314e+14,0.7087923,1.8691095,3.23739401,4.02330338,3.60901902,723,0,723,62.6282335,219.25,87,853.249495,0.0372319418
4039470122365,7.67913314e+14,0.7087923,1.8691095,4.02330338,5,4.48514402,917,0,917,96.7263071,338.25,111,1637.71266,0.0372319418
4039470129863,1.50300075e+14,0.7125519,1.0851072,0.1,0.124275987,0.11147914,2,2,0,0.0201397857,0.166666667,0,0.00492043006,0.037177847
4039470129863,1.50300075e+14,0.7125519,1.0851072,0.124275987,0.15444521,0.138541802,2,2,0,0.0311049344,0.0833333333,0,0.00944419032,0.037177847
4039470129863,1.50300075e+14,0.7125519,1.0851072,0.15444521,0.19193831,0.172174193,2,2,0,0.0480400813,0.0833333333,0,0.0181270193,0.037177847
4039470129863,1.50300075e+14,0.7125519,1.0851072,0.19193831,0.23853323,0.213971178,5,4,1,0.0741956047,0.25,0,0.0347926946,0.037177847
4039470129863,1.50300075e+14,0.7125519,1.0851072,0.23853323,0.296439527,0.265914795,4,3,1,0.114591558,0.25,0,0.0667805102,0.037177847
4039470129863,1.50300075e+14,0.7125519,1.0851072,0.296439527,0.36840315,0.330468237,8,7,1,0.176981173,0.416666667,0,0.128177383,0.037177847
4039470129863,1.50300075e+14,0.7125519,1.0851072,0.36840315,0.457836652,0.410692665,8,7,1,0.273338945,1,0,0.246021503,0.037177847
4039470129863,1.50300075e+14,0.7125519,1.0851072,0.457836652,0.56898102,0.510392364,12,12,0,0.422158909,1,0,0.472209516,0.037177847
4039470129863,1.50300075e+14,0.7125519,1.0851072,0.56898102,0.707106781,0.63429515,12,10,2,0.652004215,2.16666667,0,0.906350966,0.037177847
4039470129863,1.50300075e+14,0.7125519,1.0851072,0.707106781,0.878763934,0.788276561,16,8,8,1.00698928,3.25,0,1.73963473,0.037177847
4039470129863,1.50300075e+14,0.7125519,1.0851072,0.878763934,1.09209256,0.97963848,32,7,25,1.55524672,3.08333333,3,3.33902551,0.037177847
4039470129863,1.50300075e+14,0.7125519,1.0851072,1.09209256,1.35720881,1.21745539,49,10,39,2.40200407,6.25,2,6.40886914,0.037177847
4039470129863,1.50300075e+14,0.7125519,1.0851072,1.35720881,1.68668465,1.51300471,66,12,54,3.70978024,10.0833333,0,12.3010751,0.037177847
4039470129863,1.50300075e+14,0.7125519,1.0851072,1.68668465,2.096144,1.88030155,107,12,95,5.7295779,14,2,23.6104758,0.037177847
4039470129863,1.50300075e+14,0.7125519,1.0851072,2.096144,2.60500365,2.33676331,116,3,113,8.84905864,21.5833333,5,45.3175483,0.037177847
4039470129863,1.50300075e+14,0.7125519,1.0851072,2.60500365,3.23739401,2.90403568,115,1,114,13.6669472,40.25,12,86.9817365,0.037177847
4039470129863,1.50300075e+14,0.7125519,1.0851072,3.23739401,4.02330338,3.60901902,225,0,225,21.1079454,61,24,166.951275,0.037177847
4039470129863,1.50300075e+14,0.7125519,1.0851072,4.02330338,5,4.48514402,311,0,311,32.6002108,98.75,42,320.443457,0.037177847
4039470144410,2.61791895e+14,0.716275,1.3054833,0.1,0.124275987,0.11147914,2,2,0,0.0291509153,0.0833333333,0,0.00856838731,0.0371563648
4039470144410,2.61791895e+14,0.716275,1.3054833,0.124275987,0.15444521,0.138541802,2,2,0,0.0450221924,0.0833333333,0,0.0164460178,0.0371563648
4039470144410,2.61791895e+14,0.716275,1.3054833,0.15444521,0.19193831,0.172174193,9,8,1,0.0695346199,0.333333333,0,0.0315662087,0.0371563648
4039470144410,2.61791895e+14,0.716275,1.3054833,0.19193831,0.23853323,0.213971178,6,5,1,0.10739289,0.416666667,0,0.0605876477,0.0371563648
4039470144410,2.61791895e+14,0.716275,1.3054833,0.23853323,0.296439527,0.265914795,9,7,2,0.165863175,0.166666667,0,0.116290907,0.0371563648
4039470144410,2.61791895e+14,0.716275,1.3054833,0.296439527,0.36840315,0.330468237,9,7,2,0.25616773,0.666666667,0,0.223206803,0.0371563648
4039470144410,2.61791895e+14,0.716275,1.3054833,0.36840315,0.457836652,0.410692665,12,10,2,0.39563879,1.5,0,0.428419365,0.0371563648
4039470144410,2.61791895e+14,0.716275,1.3054833,0.457836652,0.56898102,0.510392364,9,7,2,0.611045162,1.58333333,0,0.822300891,0.0371563648
4039470144410,2.61791895e+14,0.716275,1.3054833,0.56898102,0.707106781,0.63429515,18,10,8,0.943729986,2.66666667,0,1.57831044,0.0371563648
4039470144410,2.61791895e+14,0.716275,1.3054833,0.707106781,0.878763934,0.788276561,29,15,14,1.45754576,2.91666667,0,3.02938238,0.0371563648
4039470144410,2.61791895e+14,0.716275,1.3054833,0.878763934,1.09209256,0.97963848,46,15,31,2.25110962,6.41666667,3,5.81454536,0.0371563648
4039470144410,2.61791895e+14,0.716275,1.3054833,1.09209256,1.35720881,1.21745539,48,11,37,3.47673099,7.83333333,3,11.1603401,0.0371563648
4039470144410,2.61791895e+14,0.716275,1.3054833,1.35720881,1.68668465,1.51300471,74,24,50,5.3696445,11.8333333,5,21.4209683,0.0371563648
4039470144410,2.61791895e+14,0.716275,1.3054833,1.68668465,2.096144,1.88030155,91,10,81,8.29315876,15.0833333,18,41.1150446,0.0371563648
4039470144410,2.61791895e+14,0.716275,1.3054833,2.096144,2.60500365,2.33676331,106,19,87,12.8083865,24.3333333,32,78.9155218,0.0371563648
4039470144410,2.61791895e+14,0.716275,1.3054833,2.60500365,3.23739401,2.90403568,163,6,157,19.7819395,39.25,26,151.469119,0.0371563648
4039470144410,2.61791895e+14,0.716275,1.3054833,3.23739401,4.02330338,3.60901902,229,0,229,30.5522581,63.25,41,290.727268,0.0371563648
4039470144410,2.61791895e+14,0.716275,1.3054833,4.02330338,5,4.48514402,341,0,341,47.1864993,124.416667,65,558.017006,0.0371563648
4039470146134,9.25520829e+14,0.71572226,1.9887968,0.1,0.124275987,0.11147914,17,17,0,0.0676535171,0.166666667,0,0.0302939821,0.0371971664
4039470146134,9.25520829e+14,0.71572226,1.9887968,0.124275987,0.15444521,0.138541802,16,16,0,0.104487617,0.583333333,0,0.0581457574,0.0371971664
4039470146134,9.25520829e+14,0.71572226,1.9887968,0.15444521,0.19193831,0.172174193,17,17,0,0.16137612,1.25,0,0.111603984,0.0371971664
4039470146134,9.25520829e+14,0.71572226,1.9887968,0.19193831,0.23853323,0.213971178,31,28,3,0.249237688,1.66666667,0,0.214210802,0.0371971664
4039470146134,9.25520829e+14,0.71572226,1.9887968,0.23853323,0.296439527,0.265914795,38,36,2,0.384935672,1.83333333,0,0.411152594,0.0371971664
4039470146134,9.25520829e+14,0.71572226,1.9887968,0.296439527,0.36840315,0.330468237,40,36,4,0.594514708,3.5,0,0.789159342,0.0371971664
4039470146134,9.25520829e+14,0.71572226,1.9887968,0.36840315,0.457836652,0.410692665,50,49,1,0.918199493,3.5,0,1.51469911,0.0371971664
4039470146134,9.25520829e+14,0.71572226,1.9887968,0.457836652,0.56898102,0.510392364,54,48,6,1.41811514,5.41666667,0,2.90728787,0.0371971664
4039470146134,9.25520829e+14,0.71572226,1.9887968,0.56898102,0.707106781,0.63429515,61,49,12,2.19021091,5.91666667,0,5.58019922,0.0371971664
4039470146134,9.25520829e+14,0.71572226,1.9887968,0.707106781,0.878763934,0.788276561,99,52,47,3.38267585,10.25,0,10.7105401,0.0371971664
4039470146134,9.25520829e+14,0.71572226,1.9887968,0.878763934,1.09209256,0.97963848,127,54,73,5.22438084,15.75,14,20.5576297,0.0371971664
4039470146134,9.25520829e+14,0.71572226,1.9887968,1.09209256,1.35720881,1.21745539,160,62,98,8.06880599,22.75,20,39.4579671,0.0371971664
4039470146134,9.25520829e+14,0.71572226,1.9887968,1.35720881,1.68668465,1.51300471,230,55,175,12.4618844,33.5833333,26,75.7349553,0.0371971664
4039470146134,9.25520829e+14,0.71572226,1.9887968,1.68668465,2.096144,1.88030155,284,57,227,19.2467836,62.75,26,145.364394,0.0371971664
4039470146134,9.25520829e+14,0.71572226,1.9887968,2.096144,2.60500365,2.33676331,391,39,352,29.7257354,109.083333,42,279.009961,0.0371971664
4039470146134,9.25520829e+14,0.71572226,1.9887968,2.60500365,3.23739401,2.90403568,492,4,488,45.9099746,178.083333,70,535.527005,0.0371971664
4039470146134,9.25520829e+14,0.71572226,1.9887968,3.23739401,4.02330338,3.60901902,929,0,929,70.905757,228.916667,118,1027.88148,0.0371971664
4039470146134,9.25520829e+14,0.71572226,1.9887968,4.02330338,5,4.48514402,1076,0,1076,109.510546,352.666667,200,1972.89835,0.0371971664
4039470190457,1.89105081e+14,0.7078857,1.1715587,0.1,0.124275987,0.11147914,1,1,0,0.023476733,0,0,0.00619266073,0.0372597816
4039470190457,1.89105081e+14,0.7078857,1.1715587,0.124275987,0.15444521,0.138541802,2,2,0,0.0362586897,0,0,0.0118860884,0.0372597816
4039470190457,1.89105081e+14,0.7078857,1.1715587,0.15444521,0.19193831,0.172174193,3,3,0,0.0559998096,0.0833333333,0,0.0228139572,0.0372597816
4039470190457,1.89105081e+14,0.7078857,1.1715587,0.19193831,0.23853323,0.213971178,3,3,0,0.0864890239,0.0833333333,0,0.043788724,0.0372597816
4039470190457,1.89105081e+14,0.7078857,1.1715587,0.23853323,0.296439527,0.265914795,10,10,0,0.133578155,0.0833333333,0,0.0840473369,0.0372597816
4039470190457,1.89105081e+14,0.7078857,1.1715587,0.296439527,0.36840315,0.330468237,16,11,5,0.206305063,0.166666667,0,0.161319038,0.0372597816
4039470190457,1.89105081e+14,0.7078857,1.1715587,0.36840315,0.457836652,0.410692665,13,11,2,0.318628288,0.25,0,0.309633037,0.0372597816
4039470190457,1.89105081e+14,0.7078857,1.1715587,0.457836652,0.56898102,0.510392364,11,7,4,0.49210613,0.916666667,0,0.594304419,0.0372597816
4039470190457,1.89105081e+14,0.7078857,1.1715587,0.56898102,0.707106781,0.63429515,21,13,8,0.760034349,1.25,0,1.14069786,0.0372597816
4039470190457,1.89105081e+14,0.7078857,1.1715587,0.707106781,0.878763934,0.788276561,19,10,9,1.17383665,1.58333333,0,2.1894362,0.0372597816
4039470190457,1.89105081e+14,0.7078857,1.1715587,0.878763934,1.09209256,0.97963848,36,11,25,1.81293449,1.83333333,3,4.20236685,0.0372597816
4039470190457,1.89105081e+14,0.7078857,1.1715587,1.09209256,1.35720881,1.21745539,60,10,50,2.79999048,4.58333333,4,8.06595192,0.0372597816
4039470190457,1.89105081e+14,0.7078857,1.1715587,1.35720881,1.68668465,1.51300471,50,14,36,4.32445119,9.08333333,8,15.4816518,0.0372597816
4039470190457,1.89105081e+14,0.7078857,1.1715587,1.68668465,2.096144,1.88030155,65,9,56,6.67890775,10.5,5,29.7152209,0.0372597816
4039470190457,1.89105081e+14,0.7078857,1.1715587,2.096144,2.60500365,2.33676331,122,5,117,10.3152531,20.1666667,13,57.034893,0.0372597816
4039470190457,1.89105081e+14,0.7078857,1.1715587,2.60500365,3.23739401,2.90403568,150,0,150,15.9314144,33.5833333,25,109.47181,0.0372597816
4039470190457,1.89105081e+14,0.7078857,1.1715587,3.23739401,4.02330338,3.60901902,141,0,141,24.6053065,50.1666667,16,210.118342,0.0372597816
4039470190457,1.89105081e+14,0.7078857,1.1715587,4.02330338,5,4.48514402,167,0,167,38.0017174,91.75,26,403.297596,0.0372597816
4039470193903,1.57313574e+14,0.7109445,1.1026678,0.1,0.124275987,0.11147914,2,2,0,0.0207969161,0,0,0.00516320305,0.037176585
4039470193903,1.57313574e+14,0.7109445,1.1026678,0.124275987,0.15444521,0.138541802,5,5,0,0.0321198408,0,0,0.0099101647,0.037176585
4039470193903,1.57313574e+14,0.7109445,1.1026678,0.15444521,0.19193831,0.172174193,6,5,1,0.0496075557,0.166666667,0,0.0190214027,0.037176585
4039470193903,1.57313574e+14,0.7109445,1.1026678,0.19193831,0.23853323,0.213971178,7,7,0,0.0766164938,0.166666667,0,0.0365093589,0.037176585
4039470193903,1.57313574e+14,0.7109445,1.1026678,0.23853323,0.296439527,0.265914795,7,6,1,0.118330505,0.166666667,0,0.0700754466,0.037176585
4039470193903,1.57313574e+14,0.7109445,1.1026678,0.296439527,0.36840315,0.330468237,7,7,0,0.182755798,0.416666667,0,0.134501628,0.037176585
4039470193903,1.57313574e+14,0.7109445,1.1026678,0.36840315,0.457836652,0.410692665,5,5,0,0.282257577,0.75,0,0.258160153,0.037176585
4039470193903,1.57313574e+14,0.7109445,1.1026678,0.457836652,0.56898102,0.510392364,9,7,2,0.435933308,0.833333333,0,0.495508235,0.037176585
4039470193903,1.57313574e+14,0.7109445,1.1026678,0.56898102,0.707106781,0.63429515,21,11,10,0.673278116,1.66666667,0,0.951070134,0.037176585
4039470193903,1.57313574e+14,0.7109445,1.1026678,0.707106781,0.878763934,0.788276561,17,17,0,1.0398458,2.58333333,0,1.82546795,0.037176585
4039470193903,1.57313574e+14,0.7109445,1.1026678,0.878763934,1.09209256,0.97963848,14,13,1,1.60599204,5.33333333,1,3.50377233,0.037176585
4039470193903,1.57313574e+14,0.7109445,1.1026678,1.09209256,1.35720881,1.21745539,20,7,13,2.48037779,6.58333333,1,6.72508141,0.037176585
4039470193903,1.57313574e+14,0.7109445,1.1026678,1.35720881,1.68668465,1.51300471,29,10,19,3.83082469,13.1666667,5,12.9080076,0.037176585
4039470193903,1.57313574e+14,0.7109445,1.1026678,1.68668465,2.096144,1.88030155,41,13,28,5.91652526,20,3,24.7754118,0.037176585
4039470193903,1.57313574e+14,0.7109445,1.1026678,2.096144,2.60500365,2.33676331,31,2,29,9.13778989,29.75,2,47.5535067,0.037176585
4039470193903,1.57313574e+14,0.7109445,1.1026678,2.60500365,3.23739401,2.90403568,53,0,53,14.1128788,44.4166667,14,91.2733973,0.037176585
4039470193903,1.57313574e+14,0.7109445,1.1026678,3.23739401,4.02330338,3.60901902,84,0,84,21.7966654,73.75,17,175.188617,0.037176585
4039470193903,1.57313574e+14,0.7109445,1.1026678,4.02330338,5,4.48514402,181,0,181,33.6639058,108.583333,26,336.254071,0.037176585
4039470245224,1.67762619e+14,0.71268666,1.1256428,0.1,0.124275987,0.11147914,4,4,0,0.0216725867,0,0,0.00549271317,0.0371831211
4039470245224,1.67762619e+14,0.71268666,1.1256428,0.124275987,0.15444521,0.138541802,2,2,0,0.0334722722,0.166666667,0,0.0105426209,0.0371831211
4039470245224,1.67762619e+14,0.71268666,1.1256428,0.15444521,0.19193831,0.172174193,3,3,0,0.0516963212,0.166666667,0,0.0202353283,0.0371831211
4039470245224,1.67762619e+14,0.71268666,1.1256428,0.19193831,0.23853323,0.213971178,8,7,1,0.0798424922,0.25,0,0.0388393473,0.0371831211
4039470245224,1.67762619e+14,0.71268666,1.1256428,0.23853323,0.296439527,0.265914795,5,5,0,0.123312905,0.333333333,0,0.074547587,0.0371831211
4039470245224,1.67762619e+14,0.71268666,1.1256428,0.296439527,0.36840315,0.330468237,3,3,0,0.190450876,0.833333333,0,0.143085379,0.0371831211
4039470245224,1.67762619e+14,0.71268666,1.1256428,0.36840315,0.457836652,0.410692665,10,8,2,0.294142256,1,0,0.274635659,0.0371831211
4039470245224,1.67762619e+14,0.71268666,1.1256428,0.457836652,0.56898102,0.510392364,6,6,0,0.454288626,1.08333333,0,0.527131043,0.0371831211
4039470245224,1.67762619e+14,0.71268666,1.1256428,0.56898102,0.707106781,0.63429515,14,12,2,0.701627025,2.41666667,0,1.01176642,0.0371831211
4039470245224,1.67762619e+14,0.71268666,1.1256428,0.707106781,0.878763934,0.788276561,19,16,3,1.08362934,3.25,0,1.94196737,0.0371831211
4039470245224,1.67762619e+14,0.71268666,1.1256428,0.878763934,1.09209256,0.97963848,11,9,2,1.67361361,4.33333333,2,3.72737935,0.0371831211
4039470245224,1.67762619e+14,0.71268666,1.1256428,1.09209256,1.35720881,1.21745539,21,6,15,2.58481606,6,1,7.15426894,0.0371831211
4039470245224,1.67762619e+14,0.71268666,1.1256428,1.35720881,1.68668465,1.51300471,26,9,17,3.99212461,8.16666667,6,13.7317829,0.0371831211
4039470245224,1.67762619e+14,0.71268666,1.1256428,1.68668465,2.096144,1.88030155,55,9,46,6.16564525,16.5,13,26.3565521,0.0371831211
4039470245224,1.67762619e+14,0.71268666,1.1256428,2.096144,2.60500365,2.33676331,64,4,60,9.52254379,24.6666667,13,50.5883208,0.0371831211
4039470245224,1.67762619e+14,0.71268666,1.1256428,2.60500365,3.23739401,2.90403568,90,1,89,14.7071128,37.1666667,12,97.0983683,0.0371831211
4039470245224,1.67762619e+14,0.71268666,1.1256428,3.23739401,4.02330338,3.60901902,131,0,131,22.7144313,45.9166667,17,186.368967,0.0371831211
4039470245224,1.67762619e+14,0.71268666,1.1256428,4.02330338,5,4.48514402,154,0,154,35.0813513,58.9166667,24,357.713447,0.0371831211
4039470467623,1.60149356e+14,0.72900844,1.1086086,0.1,0.124275987,0.11147914,1,1,0,0.0210216132,0,0,0.00524710624,0.0364014026
4039470467623,1.60149356e+14,0.72900844,1.1086086,0.124275987,0.15444521,0.138541802,4,3,1,0.0324668747,0.166666667,0,0.0100712071,0.0364014026
4039470467623,1.60149356e+14,0.72900844,1.1086086,0.15444521,0.19193831,0.172174193,5,5,0,0.050143533,0.166666667,0,0.0193305046,0.0364014026
4039470467623,1.60149356e+14,0.72900844,1.1086086,0.19193831,0.23853323,0.213971178,5,4,1,0.0774442851,0.25,0,0.037102644,0.0364014026
4039470467623,1.60149356e+14,0.72900844,1.1086086,0.23853323,0.296439527,0.265914795,4,4,0,0.119608989,0.583333333,0,0.071214188,0.0364014026
4039470467623,1.60149356e+14,0.72900844,1.1086086,0.296439527,0.36840315,0.330468237,5,5,0,0.184730355,0.5,0,0.136687309,0.0364014026
4039470467623,1.60149356e+14,0.72900844,1.1086086,0.36840315,0.457836652,0.410692665,8,8,0,0.285307186,0.916666667,0,0.262355312,0.0364014026
4039470467623,1.60149356e+14,0.72900844,1.1086086,0.457836652,0.56898102,0.510392364,10,9,1,0.440643284,1.16666667,0,0.503560353,0.0364014026
4039470467623,1.60149356e+14,0.72900844,1.1086086,0.56898102,0.707106781,0.63429515,14,12,2,0.680552447,2,0,0.966525232,0.0364014026
4039470467623,1.60149356e+14,0.72900844,1.1086086,0.707106781,0.878763934,0.788276561,13,10,3,1.05108066,4.33333333,0,1.8551322,0.0364014026
4039470467623,1.60149356e+14,0.72900844,1.1086086,0.878763934,1.09209256,0.97963848,13,10,3,1.62334374,3.91666667,0,3.5607094,0.0364014026
4039470467623,1.60149356e+14,0.72900844,1.1086086,1.09209256,1.35720881,1.21745539,17,12,5,2.50717665,8.16666667,2,6.83436546,0.0364014026
4039470467623,1.60149356e+14,0.72900844,1.1086086,1.35720881,1.68668465,1.51300471,28,12,16,3.87221426,12.6666667,3,13.1177656,0.0364014026
4039470467623,1.60149356e+14,0.72900844,1.1086086,1.68668465,2.096144,1.88030155,26,10,16,5.98044946,19.5,3,25.1780176,0.0364014026
4039470467623,1.60149356e+14,0.72900844,1.1086086,2.096144,2.60500365,2.33676331,26,2,24,9.23651776,24.5833333,11,48.3262616,0.0364014026
4039470467623,1.60149356e+14,0.72900844,1.1086086,2.60500365,3.23739401,2.90403568,49,1,48,14.2653593,42.5833333,13,92.75661,0.0364014026
4039470467623,1.60149356e+14,0.72900844,1.1086086,3.23739401,4.02330338,3.60901902,37,0,37,22.0321642,68.25,19,178.03547,0.0364014026
4039470467623,1.60149356e+14,0.72900844,1.1086086,4.02330338,5,4.48514402,77,0,77,34.0276224,106,18,341.718273,0.0364014026
4039470472532,2.25373162e+14,0.733093,1.24185,0.1,0.124275987,0.11147914,4,4,0,0.0263783628,0.0833333333,0,0.00737551843,0.0360379933
4039470472532,2.25373162e+14,0.733093,1.24185,0.124275987,0.15444521,0.138541802,5,5,0,0.040740118,0,0,0.0141564454,0.0360379933
4039470472532,2.25373162e+14,0.733093,1.24185,0.15444521,0.19193831,0.172174193,7,7,0,0.0629211609,0.333333333,0,0.0271716422,0.0360379933
4039470472532,2.25373162e+14,0.733093,1.24185,0.19193831,0.23853323,0.213971178,5,4,1,0.0971787195,0.333333333,0,0.0521527909,0.0360379933
4039470472532,2.25373162e+14,0.733093,1.24185,0.23853323,0.296439527,0.265914795,9,6,3,0.150087878,0.25,0,0.100101186,0.0360379933
4039470472532,2.25373162e+14,0.733093,1.24185,0.296439527,0.36840315,0.330468237,8,7,1,0.231803539,0.583333333,0,0.192132525,0.0360379933
4039470472532,2.25373162e+14,0.733093,1.24185,0.36840315,0.457836652,0.410692665,11,8,3,0.358009463,1.5,0,0.368775921,0.0360379933
4039470472532,2.25373162e+14,0.733093,1.24185,0.457836652,0.56898102,0.510392364,13,11,2,0.552928469,1.66666667,0,0.707822272,0.0360379933
4039470472532,2.25373162e+14,0.733093,1.24185,0.56898102,0.707106781,0.63429515,18,14,4,0.853971539,2.5,0,1.35858211,0.0360379933
4039470472532,2.25373162e+14,0.733093,1.24185,0.707106781,0.878763934,0.788276561,23,17,6,1.31891814,4.75,0,2.60763955,0.0360379933
4039470472532,2.25373162e+14,0.733093,1.24185,0.878763934,1.09209256,0.97963848,33,21,12,2.0370059,6.33333333,3,5.00505929,0.0360379933
4039470472532,2.25373162e+14,0.733093,1.24185,1.09209256,1.35720881,1.21745539,32,18,14,3.14605805,10.8333333,4,9.60662623,0.0360379933
4039470472532,2.25373162e+14,0.733093,1.24185,1.35720881,1.68668465,1.51300471,36,17,19,4.85893597,17,3,18.4387961,0.0360379933
4039470472532,2.25373162e+14,0.733093,1.24185,1.68668465,2.096144,1.88030155,52,11,41,7.50439389,29.8333333,8,35.3911136,0.0360379933
4039470472532,2.25373162e+14,0.733093,1.24185,2.096144,2.60500365,2.33676331,53,7,46,11.5901769,43.75,11,67.9291055,0.0360379933
4039470472532,2.25373162e+14,0.733093,1.24185,2.60500365,3.23739401,2.90403568,88,0,88,17.9004732,60.75,20,130.381977,0.0360379933
4039470472532,2.25373162e+14,0.733093,1.24185,3.23739401,4.02330338,3.60901902,68,0,68,27.6464235,85.5833333,28,250.252964,0.0360379933
4039470472532,2.25373162e+14,0.733093,1.24185,4.02330338,5,4.48514402,132,0,132,42.6985769,126.666667,33,480.331311,0.0360379933
4039470540836,1.77164702e+14,0.72258455,1.1460646,0.1,0.124275987,0.11147914,3,3,0,0.0224661032,0,0,0.00579712175,0.0370816319
4039470540836,1.77164702e+14,0.72258455,1.1460646,0.124275987,0.15444521,0.138541802,2,2,0,0.0346978204,0.166666667,0,0.0111268975,0.0370816319
4039470540836,1.77164702e+14,0.72258455,1.1460646,0.15444521,0.19193831,0.172174193,1,1,0,0.0535891218,0.166666667,0,0.0213567791,0.0370816319
4039470540836,1.77164702e+14,0.72258455,1.1460646,0.19193831,0.23853323,0.213971178,1,1,0,0.082765832,0.166666667,0,0.040991841,0.0370816319
4039470540836,1.77164702e+14,0.72258455,1.1460646,0.23853323,0.296439527,0.265914795,9,9,0,0.127827863,0.333333333,0,0.0786790471,0.0370816319
4039470540836,1.77164702e+14,0.72258455,1.1460646,0.296439527,0.36840315,0.330468237,8,8,0,0.197424013,0.5,0,0.151015234,0.0370816319
4039470540836,1.77164702e+14,0.72258455,1.1460646,0.36840315,0.457836652,0.410692665,12,11,1,0.304911932,0.75,0,0.289856088,0.0370816319
4039470540836,1.77164702e+14,0.72258455,1.1460646,0.457836652,0.56898102,0.510392364,9,7,2,0.470921875,1.83333333,0,0.556344877,0.0370816319
4039470540836,1.77164702e+14,0.72258455,1.1460646,0.56898102,0.707106781,0.63429515,15,12,3,0.727316281,1.83333333,0,1.06783896,0.0370816319
4039470540836,1.77164702e+14,0.72258455,1.1460646,0.707106781,0.878763934,0.788276561,14,12,2,1.12330516,4.5,0,2.04959205,0.0370816319
4039470540836,1.77164702e+14,0.72258455,1.1460646,0.878763934,1.09209256,0.97963848,35,18,17,1.73489102,6.08333333,2,3.93395235,0.0370816319
4039470540836,1.77164702e+14,0.72258455,1.1460646,1.09209256,1.35720881,1.21745539,38,16,22,2.67945609,7.58333333,9,7.55076168,0.0370816319
4039470540836,1.77164702e+14,0.72258455,1.1460646,1.35720881,1.68668465,1.51300471,46,12,34,4.1382916,12.25,6,14.4928044,0.0370816319
4039470540836,1.77164702e+14,0.72258455,1.1460646,1.68668465,2.096144,1.88030155,52,8,44,6.39139317,17.6666667,10,27.8172439,0.0370816319
4039470540836,1.77164702e+14,0.72258455,1.1460646,2.096144,2.60500365,2.33676331,55,4,51,9.87120063,30.5,13,53.3919479,0.0370816319
4039470540836,1.77164702e+14,0.72258455,1.1460646,2.60500365,3.23739401,2.90403568,53,0,53,15.2455966,43.75,14,102.479603,0.0370816319
4039470540836,1.77164702e+14,0.72258455,1.1460646,3.23739401,4.02330338,3.60901902,100,0,100,23.5460938,68.25,18,196.697618,0.0370816319
4039470540836,1.77164702e+14,0.72258455,1.1460646,4.02330338,5,4.48514402,121,0,121,36.3658141,114.333333,38,377.538084,0.0370816319
4039470580993,3.6074739e+14,0.71704185,1.4526769,0.1,0.124275987,0.11147914,7,7,0,0.0360950473,0.0833333333,0,0.0118057129,0.0371487934
4039470580993,3.6074739e+14,0.71704185,1.4526769,0.124275987,0.15444521,0.138541802,4,4,0,0.0557470718,0.0833333333,0,0.0226596859,0.0371487934
4039470580993,3.6074739e+14,0.71704185,1.4526769,0.15444521,0.19193831,0.172174193,10,10,0,0.0860986823,0.25,0,0.0434926183,0.0371487934
4039470580993,3.6074739e+14,0.71704185,1.4526769,0.19193831,0.23853323,0.213971178,9,8,1,0.132975291,0.0833333333,0,0.0834789968,0.0371487934
4039470580993,3.6074739e+14,0.71704185,1.4526769,0.23853323,0.296439527,0.265914795,11,11,0,0.205373968,0.0833333333,0,0.160228176,0.0371487934
4039470580993,3.6074739e+14,0.71704185,1.4526769,0.296439527,0.36840315,0.330468237,20,20,0,0.317190258,0.583333333,0,0.307539254,0.0371487934
4039470580993,3.6074739e+14,0.71704185,1.4526769,0.36840315,0.457836652,0.410692665,22,20,2,0.489885161,0.833333333,0,0.590285647,0.0371487934
4039470580993,3.6074739e+14,0.71704185,1.4526769,0.457836652,0.56898102,0.510392364,22,21,1,0.756604168,1.25,0,1.1329843,0.0371487934
4039470580993,3.6074739e+14,0.71704185,1.4526769,0.56898102,0.707106781,0.63429515,20,17,3,1.1685389,1.41666667,0,2.17463092,0.0371487934
4039470580993,3.6074739e+14,0.71704185,1.4526769,0.707106781,0.878763934,0.788276561,40,31,9,1.80475236,2.25,0,4.17394984,0.0371487934
4039470580993,3.6074739e+14,0.71704185,1.4526769,0.878763934,1.09209256,0.97963848,43,25,18,2.78735359,4.5,9,8.0114088,0.0371487934
4039470580993,3.6074739e+14,0.71704185,1.4526769,1.09209256,1.35720881,1.21745539,58,23,35,4.30493412,7.5,9,15.3769627,0.0371487934
4039470580993,3.6074739e+14,0.71704185,1.4526769,1.35720881,1.68668465,1.51300471,63,29,34,6.64876456,10.1666667,19,29.5142824,0.0371487934
4039470580993,3.6074739e+14,0.71704185,1.4526769,1.68668465,2.096144,1.88030155,63,15,48,10.2686984,18.9166667,25,56.6492149,0.0371487934
4039470580993,3.6074739e+14,0.71704185,1.4526769,2.096144,2.60500365,2.33676331,61,6,55,15.8595129,30.6666667,28,108.731546,0.0371487934
4039470580993,3.6074739e+14,0.71704185,1.4526769,2.60500365,3.23739401,2.90403568,70,2,68,24.4942581,54.6666667,26,208.697492,0.0371487934
4039470580993,3.6074739e+14,0.71704185,1.4526769,3.23739401,4.02330338,3.60901902,164,0,164,37.8302084,76.75,40,400.57044,0.0371487934
4039470580993,3.6074739e+14,0.71704185,1.4526769,4.02330338,5,4.48514402,210,0,210,58.426945,123.416667,55,768.848134,0.0371487934
4039470593188,1.58060444e+14,0.72158444,1.1035989,0.1,0.124275987,0.11147914,3,3,0,0.020832053,0.25,0,0.00517629363,0.0371206596
4039470593188,1.58060444e+14,0.72158444,1.1035989,0.124275987,0.15444521,0.138541802,1,0,1,0.0321741081,0,0,0.00993529053,0.0371206596
4039470593188,1.58060444e+14,0.72158444,1.1035989,0.15444521,0.19193831,0.172174193,5,3,2,0.049691369,0,0,0.0190696288,0.0371206596
4039470593188,1.58060444e+14,0.72158444,1.1035989,0.19193831,0.23853323,0.213971178,4,4,0,0.0767459394,0.333333333,0,0.0366019233,0.0371206596
4039470593188,1.58060444e+14,0.72158444,1.1035989,0.23853323,0.296439527,0.265914795,7,5,2,0.118530428,0.5,0,0.0702531131,0.0371206596
4039470593188,1.58060444e+14,0.72158444,1.1035989,0.296439527,0.36840315,0.330468237,15,12,3,0.183064569,0.333333333,0,0.134842638,0.0371206596
4039470593188,1.58060444e+14,0.72158444,1.1035989,0.36840315,0.457836652,0.410692665,12,10,2,0.282734458,0.833333333,0,0.258814682,0.0371206596
4039470593188,1.58060444e+14,0.72158444,1.1035989,0.457836652,0.56898102,0.510392364,7,5,2,0.436669829,0.5,0,0.496764527,0.0371206596
4039470593188,1.58060444e+14,0.72158444,1.1035989,0.56898102,0.707106781,0.63429515,14,11,3,0.674415637,2.08333333,0,0.953481439,0.0371206596
4039470593188,1.58060444e+14,0.72158444,1.1035989,0.707106781,0.878763934,0.788276561,17,8,9,1.04160265,4.08333333,0,1.83009616,0.0371206596
4039470593188,1.58060444e+14,0.72158444,1.1035989,0.878763934,1.09209256,0.97963848,16,11,5,1.60870541,4.66666667,1,3.51265565,0.0371206596
4039470593188,1.58060444e+14,0.72158444,1.1035989,1.09209256,1.35720881,1.21745539,26,15,11,2.48456845,6.08333333,6,6.74213191,0.0371206596
4039470593188,1.58060444e+14,0.72158444,1.1035989,1.35720881,1.68668465,1.51300471,31,7,24,3.83729697,14.25,5,12.9407341,0.0371206596
4039470593188,1.58060444e+14,0.72158444,1.1035989,1.68668465,2.096144,1.88030155,27,7,20,5.92652138,22.0833333,6,24.8382263,0.0371206596
4039470593188,1.58060444e+14,0.72158444,1.1035989,2.096144,2.60500365,2.33676331,29,2,27,9.15322843,33.3333333,6,47.674072,0.0371206596
4039470593188,1.58060444e+14,0.72158444,1.1035989,2.60500365,3.23739401,2.90403568,68,0,68,14.1367229,49.5,10,91.5048082,0.0371206596
4039470593188,1.58060444e+14,0.72158444,1.1035989,3.23739401,4.02330338,3.60901902,90,0,90,21.8334915,78,20,175.632783,0.0371206596
4039470593188,1.58060444e+14,0.72158444,1.1035989,4.02330338,5,4.48514402,147,0,147,33.7207818,109.083333,28,337.106596,0.0371206596
4039470616101,1.00448672e+14,0.72731006,0.9505946,0.1,0.124275987,0.11147914,1,1,0,0.0154561114,0.0833333333,0,0.00330804308,0.0364896643
4039470616101,1.00448672e+14,0.72731006,0.9505946,0.124275987,0.15444521,0.138541802,1,1,0,0.0238712238,0.0833333333,0,0.00634940198,0.0364896643
4039470616101,1.00448672e+14,0.72731006,0.9505946,0.15444521,0.19193831,0.172174193,3,3,0,0.0368679619,0.416666667,0,0.0121869349,0.0364896643
4039470616101,1.00448672e+14,0.72731006,0.9505946,0.19193831,0.23853323,0.213971178,3,2,1,0.0569408013,0.166666667,0,0.0233913969,0.0364896643
4039470616101,1.00448672e+14,0.72731006,0.9505946,0.23853323,0.296439527,0.265914795,4,4,0,0.0879423404,0.25,0,0.044897052,0.0364896643
4039470616101,1.00448672e+14,0.72731006,0.9505946,0.296439527,0.36840315,0.330468237,1,1,0,0.135822733,0.166666667,0,0.086174643,0.0364896643
4039470616101,1.00448672e+14,0.72731006,0.9505946,0.36840315,0.457836652,0.410692665,3,2,1,0.209771706,1,0,0.165402154,0.0364896643
4039470616101,1.00448672e+14,0.72731006,0.9505946,0.457836652,0.56898102,0.510392364,4,4,0,0.323982352,0.583333333,0,0.317470099,0.0364896643
4039470616101,1.00448672e+14,0.72731006,0.9505946,0.56898102,0.707106781,0.63429515,15,11,4,0.500375226,1.33333333,0,0.609346744,0.0364896643
4039470616101,1.00448672e+14,0.72731006,0.9505946,0.707106781,0.878763934,0.788276561,8,7,1,0.772805571,2.66666667,0,1.16956985,0.0364896643
4039470616101,1.00448672e+14,0.72731006,0.9505946,0.878763934,1.09209256,0.97963848,8,7,1,1.19356119,3.16666667,0,2.2448526,0.0364896643
4039470616101,1.00448672e+14,0.72731006,0.9505946,1.09209256,1.35720881,1.21745539,19,8,11,1.84339809,7,2,4.30873215,0.0364896643
4039470616101,1.00448672e+14,0.72731006,0.9505946,1.35720881,1.68668465,1.51300471,17,3,14,2.84704006,10.3333333,2,8.27010769,0.0364896643
4039470616101,1.00448672e+14,0.72731006,0.9505946,1.68668465,2.096144,1.88030155,33,4,29,4.39711702,12.4166667,5,15.873505,0.0364896643
4039470616101,1.00448672e+14,0.72731006,0.9505946,2.096144,2.60500365,2.33676331,44,1,43,6.79113664,23.1666667,7,30.4673372,0.0364896643
4039470616101,1.00448672e+14,0.72731006,0.9505946,2.60500365,3.23739401,2.90403568,82,0,82,10.4885853,33,10,58.4784923,0.0364896643
4039470616101,1.00448672e+14,0.72731006,0.9505946,3.23739401,4.02330338,3.60901902,108,0,108,16.1991176,58.9166667,13,112.24263,0.0364896643
4039470616101,1.00448672e+14,0.72731006,0.9505946,4.02330338,5,4.48514402,136,0,136,25.0187613,79.1666667,23,215.436608,0.0364896643
4039470617019,1.19508611e+14,0.72242266,1.0073785,0.1,0.124275987,0.11147914,1,1,0,0.0173578092,0.166666667,0,0.00393697956,0.0370806951
4039470617019,1.19508611e+14,0.72242266,1.0073785,0.124275987,0.15444521,0.138541802,1,1,0,0.0268083049,0.0833333333,0,0.00755657205,0.0370806951
4039470617019,1.19508611e+14,0.72242266,1.0073785,0.15444521,0.19193831,0.172174193,2,2,0,0.0414041429,0.166666667,0,0.0145039567,0.0370806951
4039470617019,1.19508611e+14,0.72242266,1.0073785,0.19193831,0.23853323,0.213971178,3,2,1,0.0639467157,0.166666667,0,0.0278386495,0.0370806951
4039470617019,1.19508611e+14,0.72242266,1.0073785,0.23853323,0.296439527,0.265914795,2,2,0,0.0987626397,0.5,0,0.0534330334,0.0370806951
4039470617019,1.19508611e+14,0.72242266,1.0073785,0.296439527,0.36840315,0.330468237,2,2,0,0.152534167,0.5,0,0.102558462,0.0370806951
4039470617019,1.19508611e+14,0.72242266,1.0073785,0.36840315,0.457836652,0.410692665,8,7,1,0.235581715,0.583333333,0,0.196848978,0.0370806951
4039470617019,1.19508611e+14,0.72242266,1.0073785,0.457836652,0.56898102,0.510392364,11,6,5,0.363844675,0.75,0,0.377828603,0.0370806951
4039470617019,1.19508611e+14,0.72242266,1.0073785,0.56898102,0.707106781,0.63429515,18,6,12,0.561940675,1.5,0,0.725197836,0.0370806951
4039470617019,1.19508611e+14,0.72242266,1.0073785,0.707106781,0.878763934,0.788276561,24,7,17,0.867890458,2.5,0,1.39193247,0.0370806951
4039470617019,1.19508611e+14,0.72242266,1.0073785,0.878763934,1.09209256,0.97963848,24,4,20,1.34041524,4.91666667,5,2.67165167,0.0370806951
4039470617019,1.19508611e+14,0.72242266,1.0073785,1.09209256,1.35720881,1.21745539,36,14,22,2.07020715,6.75,3,5.12792308,0.0370806951
4039470617019,1.19508611e+14,0.72242266,1.0073785,1.35720881,1.68668465,1.51300471,44,7,37,3.19733578,10.75,5,9.84244891,0.0370806951
4039470617019,1.19508611e+14,0.72242266,1.0073785,1.68668465,2.096144,1.88030155,66,5,61,4.93813198,15.25,3,18.8914301,0.0370806951
4039470617019,1.19508611e+14,0.72242266,1.0073785,2.096144,2.60500365,2.33676331,91,4,87,7.62670834,20.1666667,8,36.2598918,0.0370806951
4039470617019,1.19508611e+14,0.72242266,1.0073785,2.60500365,3.23739401,2.90403568,103,0,103,11.7790857,31.0833333,19,69.5966237,0.0370806951
4039470617019,1.19508611e+14,0.72242266,1.0073785,3.23739401,4.02330338,3.60901902,132,0,132,18.1922338,44.1666667,21,133.582584,0.0370806951
4039470617019,1.19508611e+14,0.72242266,1.0073785,4.02330338,5,4.48514402,140,0,140,28.0970337,74.0833333,32,256.396154,0.0370806951
4039470647773,1.15403558e+14,0.72131455,0.99400116,0.1,0.124275987,0.11147914,1,1,0,0.0168998689,0,0,0.00378221141,0.0371413853
4039470647773,1.15403558e+14,0.72131455,0.99400116,0.124275987,0.15444521,0.138541802,1,1,0,0.0261010381,0.0833333333,0,0.00725951268,0.0371413853
4039470647773,1.15403558e+14,0.72131455,0.99400116,0.15444521,0.19193831,0.172174193,0,0,0,0.0403118033,0.0833333333,0,0.013933786,0.0371413853
4039470647773,1.15403558e+14,0.72131455,0.99400116,0.19193831,0.23853323,0.213971178,6,6,0,0.0622596495,0,0,0.0267442734,0.0371413853
4039470647773,1.15403558e+14,0.72131455,0.99400116,0.23853323,0.296439527,0.265914795,4,4,0,0.0961570467,0,0,0.0513325065,0.0371413853
4039470647773,1.15403558e+14,0.72131455,0.99400116,0.296439527,0.36840315,0.330468237,1,1,0,0.148509953,0.166666667,0,0.0985267456,0.0371413853
4039470647773,1.15403558e+14,0.72131455,0.99400116,0.36840315,0.457836652,0.410692665,6,5,1,0.22936651,0.833333333,0,0.189110571,0.0371413853
4039470647773,1.15403558e+14,0.72131455,0.99400116,0.457836652,0.56898102,0.510392364,12,9,3,0.354245589,0.583333333,0,0.362975634,0.0371413853
4039470647773,1.15403558e+14,0.72131455,0.99400116,0.56898102,0.707106781,0.63429515,10,7,3,0.547115345,0.666666667,0,0.696689299,0.0371413853
4039470647773,1.15403558e+14,0.72131455,0.99400116,0.707106781,0.878763934,0.788276561,11,5,6,0.844993446,2.41666667,0,1.33721367,0.0371413853
4039470647773,1.15403558e+14,0.72131455,0.99400116,0.878763934,1.09209256,0.97963848,15,9,6,1.30505191,2.66666667,2,2.56662532,0.0371413853
4039470647773,1.15403558e+14,0.72131455,0.99400116,1.09209256,1.35720881,1.21745539,17,4,13,2.01559016,4.16666667,6,4.92633728,0.0371413853
4039470647773,1.15403558e+14,0.72131455,0.99400116,1.35720881,1.68668465,1.51300471,19,4,15,3.11298247,8.08333333,6,9.45552854,0.0371413853
4039470647773,1.15403558e+14,0.72131455,0.99400116,1.68668465,2.096144,1.88030155,40,3,37,4.80785233,15,4,18.1487817,0.0371413853
4039470647773,1.15403558e+14,0.72131455,0.99400116,2.096144,2.60500365,2.33676331,61,4,57,7.42549766,23.5,11,34.834465,0.0371413853
4039470647773,1.15403558e+14,0.72131455,0.99400116,2.60500365,3.23739401,2.90403568,70,0,70,11.4683255,38.8333333,5,66.8606835,0.0371413853
4039470647773,1.15403558e+14,0.72131455,0.99400116,3.23739401,4.02330338,3.60901902,104,0,104,17.7122794,59.5833333,12,128.331266,0.0371413853
4039470647773,1.15403558e+14,0.72131455,0.99400116,4.02330338,5,4.48514402,226,0,226,27.3557673,80,21,246.316864,0.0371413853
4039470670730,1.18716258e+14,0.739677,1.004919,0.1,0.124275987,0.11147914,1,1,0,0.017273155,0.0833333333,0,0.00390821367,0.0349257412
4039470670730,1.18716258e+14,0.739677,1.004919,0.124275987,0.15444521,0.138541802,3,2,1,0.0266775605,0,0,0.00750135929,0.0349257412
4039470670730,1.18716258e+14,0.739677,1.004919,0.15444521,0.19193831,0.172174193,5,4,1,0.0412022145,0.25,0,0.0143979823,0.0349257412
4039470670730,1.18716258e+14,0.739677,1.004919,0.19193831,0.23853323,0.213971178,0,0,0,0.0636348469,0.0833333333,0,0.0276352439,0.0349257412
4039470670730,1.18716258e+14,0.739677,1.004919,0.23853323,0.296439527,0.265914795,2,1,1,0.0982809733,0.166666667,0,0.0530426202,0.0349257412
4039470670730,1.18716258e+14,0.739677,1.004919,0.296439527,0.36840315,0.330468237,5,3,2,0.151790256,0.416666667,0,0.101809109,0.0349257412
4039470670730,1.18716258e+14,0.739677,1.004919,0.36840315,0.457836652,0.410692665,9,6,3,0.23443278,0.666666667,0,0.195410684,0.0349257412
4039470670730,1.18716258e+14,0.739677,1.004919,0.457836652,0.56898102,0.510392364,6,4,2,0.362070201,0.333333333,0,0.375067965,0.0349257412
4039470670730,1.18716258e+14,0.739677,1.004919,0.56898102,0.707106781,0.63429515,18,8,10,0.559200084,0.583333333,0,0.719899114,0.0349257412
4039470670730,1.18716258e+14,0.739677,1.004919,0.707106781,0.878763934,0.788276561,15,5,10,0.863657748,1.16666667,0,1.3817622,0.0349257412
4039470670730,1.18716258e+14,0.739677,1.004919,0.878763934,1.09209256,0.97963848,23,10,13,1.33387803,2.08333333,1,2.65213101,0.0349257412
4039470670730,1.18716258e+14,0.739677,1.004919,1.09209256,1.35720881,1.21745539,58,10,48,2.06011073,4.75,4,5.09045545,0.0349257412
4039470670730,1.18716258e+14,0.739677,1.004919,1.35720881,1.68668465,1.51300471,56,14,42,3.18174235,7.25,9,9.77053418,0.0349257412
4039470670730,1.18716258e+14,0.739677,1.004919,1.68668465,2.096144,1.88030155,63,17,46,4.91404866,9.83333333,7,18.7533982,0.0349257412
4039470670730,1.18716258e+14,0.739677,1.004919,2.096144,2.60500365,2.33676331,76,9,67,7.5895128,15.0833333,14,35.9949557,0.0349257412
4039470670730,1.18716258e+14,0.739677,1.004919,2.60500365,3.23739401,2.90403568,144,0,144,11.721639,21.75,9,69.0881098,0.0349257412
4039470670730,1.18716258e+14,0.739677,1.004919,3.23739401,4.02330338,3.60901902,223,0,223,18.1035101,34.5833333,23,132.606551,0.0349257412
4039470670730,1.18716258e+14,0.739677,1.004919,4.02330338,5,4.48514402,196,0,196,27.9600042,53.0833333,25,254.522773,0.0349257412
4039470727832,1.45746521e+14,0.74847674,1.074481,0.1,0.124275987,0.11147914,4,4,0,0.0197472686,0.0833333333,0,0.00477728717,0.0336057482
4039470727832,1.45746521e+14,0.74847674,1.074481,0.124275987,0.15444521,0.138541802,2,2,0,0.0304987106,0.0833333333,0,0.00916944428,0.0336057482
4039470727832,1.45746521e+14,0.74847674,1.074481,0.15444521,0.19193831,0.172174193,6,6,0,0.0471037978,0.166666667,0,0.0175996764,0.0336057482
4039470727832,1.45746521e+14,0.74847674,1.074481,0.19193831,0.23853323,0.213971178,5,5,0,0.0727495597,0,0,0.0337805215,0.0336057482
4039470727832,1.45746521e+14,0.74847674,1.074481,0.23853323,0.296439527,0.265914795,2,2,0,0.112358211,0.0833333333,0,0.0648377623,0.0336057482
4039470727832,1.45746521e+14,0.74847674,1.074481,0.296439527,0.36840315,0.330468237,11,10,1,0.173531875,0.416666667,0,0.124448505,0.0336057482
4039470727832,1.45746521e+14,0.74847674,1.074481,0.36840315,0.457836652,0.410692665,8,7,1,0.268011669,1.08333333,0,0.238864359,0.0336057482
4039470727832,1.45746521e+14,0.74847674,1.074481,0.457836652,0.56898102,0.510392364,12,12,0,0.413931187,1.16666667,0,0.458472214,0.0336057482
4039470727832,1.45746521e+14,0.74847674,1.074481,0.56898102,0.707106781,0.63429515,19,17,2,0.639296893,0.75,0,0.879983821,0.0336057482
4039470727832,1.45746521e+14,0.74847674,1.074481,0.707106781,0.878763934,0.788276561,17,12,5,0.987363432,2.58333333,0,1.68902608,0.0336057482
4039470727832,1.45746521e+14,0.74847674,1.074481,0.878763934,1.09209256,0.97963848,16,9,7,1.52493553,3.5,2,3.24188811,0.0336057482
4039470727832,1.45746521e+14,0.74847674,1.074481,1.09209256,1.35720881,1.21745539,13,6,7,2.35518989,6.66666667,2,6.22242527,0.0336057482
4039470727832,1.45746521e+14,0.74847674,1.074481,1.35720881,1.68668465,1.51300471,12,10,2,3.63747799,9,2,11.9432179,0.0336057482
4039470727832,1.45746521e+14,0.74847674,1.074481,1.68668465,2.096144,1.88030155,14,9,5,5.61791053,11.4166667,2,22.9236107,0.0336057482
4039470727832,1.45746521e+14,0.74847674,1.074481,2.096144,2.60500365,2.33676331,14,3,11,8.67659375,19.75,4,43.999191,0.0336057482
4039470727832,1.45746521e+14,0.74847674,1.074481,2.60500365,3.23739401,2.90403568,23,0,23,13.4005835,22.5833333,6,84.4513039,0.0336057482
4039470727832,1.45746521e+14,0.74847674,1.074481,3.23739401,4.02330338,3.60901902,18,0,18,20.6965594,44.8333333,4,162.094406,0.0336057482
4039470727832,1.45746521e+14,0.74847674,1.074481,4.02330338,5,4.48514402,69,0,69,31.9648447,66.75,17,311.121263,0.0336057482
4039470739495,1.83433308e+14,0.74975926,1.1596831,0.1,0.124275987,0.11147914,2,2,0,0.0230031976,0.0833333333,0,0.00600624595,0.0336072689
4039470739495,1.83433308e+14,0.74975926,1.1596831,0.124275987,0.15444521,0.138541802,3,3,0,0.035527337,0.0833333333,0,0.011528287,0.0336072689
4039470739495,1.83433308e+14,0.74975926,1.1596831,0.15444521,0.19193831,0.172174193,5,5,0,0.0548702704,0.25,0,0.0221271993,0.0336072689
4039470739495,1.83433308e+14,0.74975926,1.1596831,0.19193831,0.23853323,0.213971178,6,6,0,0.0847445046,0.0833333333,0,0.0424705724,0.0336072689
4039470739495,1.83433308e+14,0.74975926,1.1596831,0.23853323,0.296439527,0.265914795,5,5,0,0.130883829,0.416666667,0,0.0815172991,0.0336072689
4039470739495,1.83433308e+14,0.74975926,1.1596831,0.296439527,0.36840315,0.330468237,12,10,2,0.202143804,0.333333333,0,0.156462927,0.0336072689
4039470739495,1.83433308e+14,0.74975926,1.1596831,0.36840315,0.457836652,0.410692665,9,8,1,0.312201424,0.916666667,0,0.300312297,0.0336072689
4039470739495,1.83433308e+14,0.74975926,1.1596831,0.457836652,0.56898102,0.510392364,8,7,1,0.482180147,0.5,0,0.57641435,0.0336072689
4039470739495,1.83433308e+14,0.74975926,1.1596831,0.56898102,0.707106781,0.63429515,12,5,7,0.744704143,0.75,0,1.10635996,0.0336072689
4039470739495,1.83433308e+14,0.74975926,1.1596831,0.707106781,0.878763934,0.788276561,18,10,8,1.15015988,2.58333333,0,2.12352862,0.0336072689
4039470739495,1.83433308e+14,0.74975926,1.1596831,0.878763934,1.09209256,0.97963848,26,12,14,1.77636685,3.08333333,2,4.07586495,0.0336072689
4039470739495,1.83433308e+14,0.74975926,1.1596831,1.09209256,1.35720881,1.21745539,48,19,29,2.74351352,7.58333333,6,7.82314633,0.0336072689
4039470739495,1.83433308e+14,0.74975926,1.1596831,1.35720881,1.68668465,1.51300471,61,17,44,4.23722523,9.16666667,5,15.0156149,0.0336072689
4039470739495,1.83433308e+14,0.74975926,1.1596831,1.68668465,2.096144,1.88030155,63,10,53,6.54419143,14.5,4,28.8207175,0.0336072689
4039470739495,1.83433308e+14,0.74975926,1.1596831,2.096144,2.60500365,2.33676331,41,5,36,10.1071902,28.9166667,6,55.3179982,0.0336072689
4039470739495,1.83433308e+14,0.74975926,1.1596831,2.60500365,3.23739401,2.90403568,47,0,47,15.6100712,39.4166667,11,106.176431,0.0336072689
4039470739495,1.83433308e+14,0.74975926,1.1596831,3.23739401,4.02330338,3.60901902,89,0,89,24.1090073,61.6666667,15,203.793248,0.0336072689
4039470739495,1.83433308e+14,0.74975926,1.1596831,4.02330338,5,4.48514402,151,0,151,37.2352071,84.1666667,25,391.157316,0.0336072689
4039470902506,1.39941717e+14,0.73625547,1.0594952,0.1,0.124275987,0.11147914,3,3,0,0.0192002791,0,0,0.00458017538,0.0354824755
4039470902506,1.39941717e+14,0.73625547,1.0594952,0.124275987,0.15444521,0.138541802,4,4,0,0.0296539114,0,0,0.00879111123,0.0354824755
4039470902506,1.39941717e+14,0.73625547,1.0594952,0.15444521,0.19193831,0.172174193,1,0,1,0.0457990459,0,0,0.0168735104,0.0354824755
4039470902506,1.39941717e+14,0.73625547,1.0594952,0.19193831,0.23853323,0.213971178,2,2,0,0.0707344328,0.0833333333,0,0.0323867307,0.0354824755
4039470902506,1.39941717e+14,0.73625547,1.0594952,0.23853323,0.296439527,0.265914795,9,9,0,0.109245944,0.166666667,0,0.0621625437,0.0354824755
4039470902506,1.39941717e+14,0.73625547,1.0594952,0.296439527,0.36840315,0.330468237,5,4,1,0.168725128,0.25,0,0.119313736,0.0354824755
4039470902506,1.39941717e+14,0.73625547,1.0594952,0.36840315,0.457836652,0.410692665,7,6,1,0.260587879,0.333333333,0,0.229008769,0.0354824755
4039470902506,1.39941717e+14,0.73625547,1.0594952,0.457836652,0.56898102,0.510392364,6,3,3,0.402465498,0.416666667,0,0.439555562,0.0354824755
4039470902506,1.39941717e+14,0.73625547,1.0594952,0.56898102,0.707106781,0.63429515,13,10,3,0.621588685,1.58333333,0,0.843675518,0.0354824755
4039470902506,1.39941717e+14,0.73625547,1.0594952,0.707106781,0.878763934,0.788276561,6,3,3,0.960013953,2.91666667,0,1.61933653,0.0354824755
4039470902506,1.39941717e+14,0.73625547,1.0594952,0.878763934,1.09209256,0.97963848,15,9,6,1.48269557,3.25,1,3.10812718,0.0354824755
4039470902506,1.39941717e+14,0.73625547,1.0594952,1.09209256,1.35720881,1.21745539,23,12,11,2.2899523,4.66666667,4,5.9656868,0.0354824755
4039470902506,1.39941717e+14,0.73625547,1.0594952,1.35720881,1.68668465,1.51300471,27,5,22,3.53672164,11.0833333,1,11.4504384,0.0354824755
4039470902506,1.39941717e+14,0.73625547,1.0594952,1.68668465,2.096144,1.88030155,39,8,31,5.46229719,18,6,21.9777781,0.0354824755
4039470902506,1.39941717e+14,0.73625547,1.0594952,2.096144,2.60500365,2.33676331,55,3,52,8.43625639,22.5,10,42.1837759,0.0354824755
4039470902506,1.39941717e+14,0.73625547,1.0594952,2.60500365,3.23739401,2.90403568,85,1,84,13.0293939,36.5,15,80.9668267,0.0354824755
4039470902506,1.39941717e+14,0.73625547,1.0594952,3.23739401,4.02330338,3.60901902,80,0,80,20.1232749,51.6666667,13,155.406359,0.0354824755
4039470902506,1.39941717e+14,0.73625547,1.0594952,4.02330338,5,4.48514402,106,0,106,31.0794343,80.4166667,38,298.28434,0.0354824755
4039470913122,1.38776266e+14,0.7503467,1.0564475,0.1,0.124275987,0.11147914,2,2,0,0.0190899765,0,0,0.00454076354,0.0336064659
4039470913122,1.38776266e+14,0.7503467,1.0564475,0.124275987,0.15444521,0.138541802,2,2,0,0.0294835544,0.0833333333,0,0.00871546481,0.0336064659
4039470913122,1.38776266e+14,0.7503467,1.0564475,0.15444521,0.19193831,0.172174193,2,2,0,0.0455359376,0.0833333333,0,0.0167283159,0.0336064659
4039470913122,1.38776266e+14,0.7503467,1.0564475,0.19193831,0.23853323,0.213971178,2,2,0,0.0703280747,0,0,0.0321080469,0.0336064659
4039470913122,1.38776266e+14,0.7503467,1.0564475,0.23853323,0.296439527,0.265914795,4,4,0,0.108618343,0.0833333333,0,0.0616276427,0.0336064659
4039470913122,1.38776266e+14,0.7503467,1.0564475,0.296439527,0.36840315,0.330468237,10,10,0,0.167755828,0.416666667,0,0.118287056,0.0336064659
4039470913122,1.38776266e+14,0.7503467,1.0564475,0.36840315,0.457836652,0.410692665,4,3,1,0.259090842,0.416666667,0,0.227038177,0.0336064659
4039470913122,1.38776266e+14,0.7503467,1.0564475,0.457836652,0.56898102,0.510392364,6,4,2,0.400153397,0.583333333,0,0.435773241,0.0336064659
4039470913122,1.38776266e+14,0.7503467,1.0564475,0.56898102,0.707106781,0.63429515,16,13,3,0.618017756,0.833333333,0,0.836415795,0.0336064659
4039470913122,1.38776266e+14,0.7503467,1.0564475,0.707106781,0.878763934,0.788276561,10,7,3,0.954498824,1.25,0,1.60540235,0.0336064659
4039470913122,1.38776266e+14,0.7503467,1.0564475,0.878763934,1.09209256,0.97963848,21,8,13,1.47417772,0.916666667,1,3.08138214,0.0336064659
4039470913122,1.38776266e+14,0.7503467,1.0564475,1.09209256,1.35720881,1.21745539,21,8,13,2.27679688,1.91666667,3,5.91435281,0.0336064659
4039470913122,1.38776266e+14,0.7503467,1.0564475,1.35720881,1.68668465,1.51300471,16,7,9,3.51640373,4,1,11.3519088,0.0336064659
4039470913122,1.38776266e+14,0.7503467,1.0564475,1.68668465,2.096144,1.88030155,22,8,14,5.43091715,6.33333333,9,21.788662,0.0336064659
4039470913122,1.38776266e+14,0.7503467,1.0564475,2.096144,2.60500365,2.33676331,28,1,27,8.38779142,12.9166667,6,41.8207898,0.0336064659
4039470913122,1.38776266e+14,0.7503467,1.0564475,2.60500365,3.23739401,2.90403568,37,0,37,12.9545421,19.5,8,80.2701173,0.0336064659
4039470913122,1.38776266e+14,0.7503467,1.0564475,3.23739401,4.02330338,3.60901902,64,0,64,20.0076698,29.1666667,18,154.069107,0.0336064659
4039470913122,1.38776266e+14,0.7503467,1.0564475,4.02330338,5,4.48514402,57,0,57,30.9008878,46.5833333,17,295.71764,0.0336064659
4039480009777,1.06940743e+14,0.7507371,0.97337366,0.1,0.124275987,0.11147914,3,3,0,0.016205735,0,0,0.00355159877,0.0336051303
4039480009777,1.06940743e+14,0.7507371,0.97337366,0.124275987,0.15444521,0.138541802,2,2,0,0.0250289816,0,0,0.00681687867,0.0336051303
4039480009777,1.06940743e+14,0.7507371,0.97337366,0.15444521,0.19193831,0.172174193,4,4,0,0.0386560633,0,0,0.0130842017,0.0336051303
4039480009777,1.06940743e+14,0.7507371,0.97337366,0.19193831,0.23853323,0.213971178,3,3,0,0.0597024383,0,0,0.0251135957,0.0336051303
4039480009777,1.06940743e+14,0.7507371,0.97337366,0.23853323,0.296439527,0.265914795,6,6,0,0.0922075565,0.25,0,0.0482026113,0.0336051303
4039480009777,1.06940743e+14,0.7507371,0.97337366,0.296439527,0.36840315,0.330468237,8,6,2,0.142410155,0.166666667,0,0.0925192778,0.0336051303
4039480009777,1.06940743e+14,0.7507371,0.97337366,0.36840315,0.457836652,0.410692665,5,5,0,0.219945663,0.666666667,0,0.177579938,0.0336051303
4039480009777,1.06940743e+14,0.7507371,0.97337366,0.457836652,0.56898102,0.510392364,3,3,0,0.339695542,1.16666667,0,0.340843933,0.0336051303
4039480009777,1.06940743e+14,0.7507371,0.97337366,0.56898102,0.707106781,0.63429515,7,3,4,0.524643496,1.58333333,0,0.654210087,0.0336051303
4039480009777,1.06940743e+14,0.7507371,0.97337366,0.707106781,0.878763934,0.788276561,16,11,5,0.810286751,1.16666667,0,1.25567979,0.0336051303
4039480009777,1.06940743e+14,0.7507371,0.97337366,0.878763934,1.09209256,0.97963848,13,8,5,1.25144908,2.16666667,2,2.41013057,0.0336051303
4039480009777,1.06940743e+14,0.7507371,0.97337366,1.09209256,1.35720881,1.21745539,19,8,11,1.93280316,4.41666667,2,4.62596389,0.0336051303
4039480009777,1.06940743e+14,0.7507371,0.97337366,1.35720881,1.68668465,1.51300471,34,9,25,2.98512191,5.33333333,2,8.87899692,0.0336051303
4039480009777,1.06940743e+14,0.7507371,0.97337366,1.68668465,2.096144,1.88030155,30,5,25,4.61037782,9.66666667,6,17.0421967,0.0336051303
4039480009777,1.06940743e+14,0.7507371,0.97337366,2.096144,2.60500365,2.33676331,29,0,29,7.12050773,15.3333333,10,32.7105043,0.0336051303
4039480009777,1.06940743e+14,0.7507371,0.97337366,2.60500365,3.23739401,2.90403568,75,0,75,10.9972832,23.4166667,9,62.7839894,0.0336051303
4039480009777,1.06940743e+14,0.7507371,0.97337366,3.23739401,4.02330338,3.60901902,92,0,92,16.9847771,32.25,13,120.506528,0.0336051303
4039480009777,1.06940743e+14,0.7507371,0.97337366,4.02330338,5,4.48514402,172,0,172,26.2321748,57.75,27,231.298194,0.0336051303
4039480060144,1.43284495e+14,0.74876106,1.0727772,0.1,0.124275987,0.11147914,1,1,0,0.019684692,0,0,0.00475459722,0.0335827913
4039480060144,1.43284495e+14,0.74876106,1.0727772,0.124275987,0.15444521,0.138541802,1,1,0,0.030402064,0,0,0.00912589356,0.0335827913
4039480060144,1.43284495e+14,0.74876106,1.0727772,0.15444521,0.19193831,0.172174193,4,4,0,0.0469545317,0.166666667,0,0.0175160859,0.0335827913
4039480060144,1.43284495e+14,0.74876106,1.0727772,0.19193831,0.23853323,0.213971178,4,3,1,0.0725190253,0.25,0,0.0336200793,0.0335827913
4039480060144,1.43284495e+14,0.74876106,1.0727772,0.23853323,0.296439527,0.265914795,5,5,0,0.112002161,0.0833333333,0,0.0645298122,0.0335827913
4039480060144,1.43284495e+14,0.74876106,1.0727772,0.296439527,0.36840315,0.330468237,1,0,1,0.172981974,0.25,0,0.123857431,0.0335827913
4039480060144,1.43284495e+14,0.74876106,1.0727772,0.36840315,0.457836652,0.410692665,6,5,1,0.267162373,0.583333333,0,0.237729861,0.0335827913
4039480060144,1.43284495e+14,0.74876106,1.0727772,0.457836652,0.56898102,0.510392364,9,7,2,0.41261949,1.5,0,0.456294678,0.0335827913
4039480060144,1.43284495e+14,0.74876106,1.0727772,0.56898102,0.707106781,0.63429515,15,11,4,0.63727104,1.33333333,0,0.875804295,0.0335827913
4039480060144,1.43284495e+14,0.74876106,1.0727772,0.707106781,0.878763934,0.788276561,18,11,7,0.984234599,2.25,0,1.68100397,0.0335827913
4039480060144,1.43284495e+14,0.74876106,1.0727772,0.878763934,1.09209256,0.97963848,16,9,7,1.5201032,4.66666667,1,3.22649061,0.0335827913
4039480060144,1.43284495e+14,0.74876106,1.0727772,1.09209256,1.35720881,1.21745539,27,11,16,2.34772658,6.33333333,5,6.19287156,0.0335827913
4039480060144,1.43284495e+14,0.74876106,1.0727772,1.35720881,1.68668465,1.51300471,43,3,40,3.62595126,9.91666667,6,11.886493,0.0335827913
4039480060144,1.43284495e+14,0.74876106,1.0727772,1.68668465,2.096144,1.88030155,35,7,28,5.60010806,13.4166667,6,22.8147339,0.0335827913
4039480060144,1.43284495e+14,0.74876106,1.0727772,2.096144,2.60500365,2.33676331,32,2,30,8.64909869,20.25,8,43.7902148,0.0335827913
4039480060144,1.43284495e+14,0.74876106,1.0727772,2.60500365,3.23739401,2.90403568,57,2,55,13.3581187,30.5833333,11,84.0501983,0.0335827913
4039480060144,1.43284495e+14,0.74876106,1.0727772,3.23739401,4.02330338,3.60901902,71,0,71,20.6309745,55.3333333,23,161.324531,0.0335827913
4039480060144,1.43284495e+14,0.74876106,1.0727772,4.02330338,5,4.48514402,94,0,94,31.863552,77.4166667,27,309.643578,0.0335827913
4039480076628,1.17613506e+14,0.77699447,1.00441876,0.1,0.124275987,0.11147914,1,1,0,0.0172559624,0,0,0.00390238015,0.0331658957
4039480076628,1.17613506e+14,0.77699447,1.00441876,0.124275987,0.15444521,0.138541802,3,3,0,0.0266510074,0.0833333333,0,0.00749016253,0.0331658957
4039480076628,1.17613506e+14,0.77699447,1.00441876,0.15444521,0.19193831,0.172174193,1,1,0,0.0411612045,0.0833333333,0,0.0143764914,0.0331658957
4039480076628,1.17613506e+14,0.77699447,1.00441876,0.19193831,0.23853323,0.213971178,4,4,0,0.0635715089,0.333333333,0,0.0275939947,0.0331658957
4039480076628,1.17613506e+14,0.77699447,1.00441876,0.23853323,0.296439527,0.265914795,3,3,0,0.0981831508,0.25,0,0.0529634472,0.0331658957
4039480076628,1.17613506e+14,0.77699447,1.00441876,0.296439527,0.36840315,0.330468237,10,10,0,0.151639174,0.0833333333,0,0.101657146,0.0331658957
4039480076628,1.17613506e+14,0.77699447,1.00441876,0.36840315,0.457836652,0.410692665,7,6,1,0.234199441,1.16666667,0,0.195119008,0.0331658957
4039480076628,1.17613506e+14,0.77699447,1.00441876,0.457836652,0.56898102,0.510392364,6,5,1,0.36170982,0.75,0,0.374508127,0.0331658957
4039480076628,1.17613506e+14,0.77699447,1.00441876,0.56898102,0.707106781,0.63429515,8,6,2,0.558643493,1.5,0,0.71882457,0.0331658957
4039480076628,1.17613506e+14,0.77699447,1.00441876,0.707106781,0.878763934,0.788276561,14,9,5,0.862798119,2.08333333,0,1.37969973,0.0331658957
4039480076628,1.17613506e+14,0.77699447,1.00441876,0.878763934,1.09209256,0.97963848,23,8,15,1.33255037,2.33333333,2,2.64817236,0.0331658957
4039480076628,1.17613506e+14,0.77699447,1.00441876,1.09209256,1.35720881,1.21745539,15,5,10,2.05806022,3.91666667,4,5.08285728,0.0331658957
4039480076628,1.17613506e+14,0.77699447,1.00441876,1.35720881,1.68668465,1.51300471,21,6,15,3.17857545,6.58333333,5,9.75595038,0.0331658957
4039480076628,1.17613506e+14,0.77699447,1.00441876,1.68668465,2.096144,1.88030155,28,2,26,4.90915754,11.4166667,2,18.7254063,0.0331658957
4039480076628,1.17613506e+14,0.77699447,1.00441876,2.096144,2.60500365,2.33676331,40,0,40,7.58195869,15.3333333,5,35.9412285,0.0331658957
4039480076628,1.17613506e+14,0.77699447,1.00441876,2.60500365,3.23739401,2.90403568,61,0,61,11.7099721,24.8333333,8,68.9849867,0.0331658957
4039480076628,1.17613506e+14,0.77699447,1.00441876,3.23739401,4.02330338,3.60901902,47,0,47,18.085491,35.75,20,132.408618,0.0331658957
4039480076628,1.17613506e+14,0.77699447,1.00441876,4.02330338,5,4.48514402,77,0,77,27.9321747,56.4166667,25,254.142864,0.0331658957
4039480107006,1.24717443e+14,0.76514673,1.0247317,0.1,0.124275987,0.11147914,1,1,0,0.0179609745,0.166666667,0,0.00414396083,0.0331650844
4039480107006,1.24717443e+14,0.76514673,1.0247317,0.124275987,0.15444521,0.138541802,0,0,0,0.0277398649,0,0,0.00795384839,0.0331650844
4039480107006,1.24717443e+14,0.76514673,1.0247317,0.15444521,0.19193831,0.172174193,3,3,0,0.0428428927,0,0,0.0152664822,0.0331650844
4039480107006,1.24717443e+14,0.76514673,1.0247317,0.19193831,0.23853323,0.213971178,0,0,0,0.0661687958,0.333333333,0,0.029302228,0.0331650844
4039480107006,1.24717443e+14,0.76514673,1.0247317,0.23853323,0.296439527,0.265914795,3,3,0,0.102194536,0.0833333333,0,0.0562422013,0.0331650844
4039480107006,1.24717443e+14,0.76514673,1.0247317,0.296439527,0.36840315,0.330468237,5,3,2,0.157834566,0.5,0,0.107950331,0.0331650844
4039480107006,1.24717443e+14,0.76514673,1.0247317,0.36840315,0.457836652,0.410692665,6,6,0,0.243767928,0.333333333,0,0.207198041,0.0331650844
4039480107006,1.24717443e+14,0.76514673,1.0247317,0.457836652,0.56898102,0.510392364,7,7,0,0.37648789,1.5,0,0.39769242,0.0331650844
4039480107006,1.24717443e+14,0.76514673,1.0247317,0.56898102,0.707106781,0.63429515,3,3,0,0.581467514,1.41666667,0,0.763324111,0.0331650844
4039480107006,1.24717443e+14,0.76514673,1.0247317,0.707106781,0.878763934,0.788276561,7,6,1,0.898048725,1.41666667,0,1.4651114,0.0331650844
4039480107006,1.24717443e+14,0.76514673,1.0247317,0.878763934,1.09209256,0.97963848,7,3,4,1.38699324,3.33333333,0,2.81211007,0.0331650844
4039480107006,1.24717443e+14,0.76514673,1.0247317,1.09209256,1.35720881,1.21745539,8,5,3,2.14214464,4.83333333,2,5.39751655,0.0331650844
4039480107006,1.24717443e+14,0.76514673,1.0247317,1.35720881,1.68668465,1.51300471,21,7,14,3.30843979,6,0,10.3599021,0.0331650844
4039480107006,1.24717443e+14,0.76514673,1.0247317,1.68668465,2.096144,1.88030155,13,5,8,5.1097268,11.1666667,3,19.884621,0.0331650844
4039480107006,1.24717443e+14,0.76514673,1.0247317,2.096144,2.60500365,2.33676331,16,3,13,7.89172831,20.0833333,3,38.1662055,0.0331650844
4039480107006,1.24717443e+14,0.76514673,1.0247317,2.60500365,3.23739401,2.90403568,57,0,57,12.1883964,31.25,8,73.25557,0.0331650844
4039480107006,1.24717443e+14,0.76514673,1.0247317,3.23739401,4.02330338,3.60901902,84,0,84,18.8243945,45.1666667,14,140.605503,0.0331650844
4039480107006,1.24717443e+14,0.76514673,1.0247317,4.02330338,5,4.48514402,107,0,107,29.0733757,68.8333333,31,269.875827,0.0331650844
4039480201829,1.16358522e+14,0.7911814,1.0015126,0.1,0.124275987,0.11147914,0,0,0,0.0171562509,0,0,0.00386860492,0.033486927
4039480201829,1.16358522e+14,0.7911814,1.0015126,0.124275987,0.15444521,0.138541802,4,4,0,0.0264970078,0,0,0.00742533492,0.033486927
4039480201829,1.16358522e+14,0.7911814,1.0015126,0.15444521,0.19193831,0.172174193,3,3,0,0.0409233595,0.25,0,0.0142520624,0.033486927
4039480201829,1.16358522e+14,0.7911814,1.0015126,0.19193831,0.23853323,0.213971178,3,3,0,0.0632041687,0.5,0,0.0273551677,0.033486927
4039480201829,1.16358522e+14,0.7911814,1.0015126,0.23853323,0.296439527,0.265914795,2,2,0,0.0976158114,0.583333333,0,0.0525050467,0.033486927
4039480201829,1.16358522e+14,0.7911814,1.0015126,0.296439527,0.36840315,0.330468237,5,5,0,0.150762945,0.833333333,0,0.1007773,0.033486927
4039480201829,1.16358522e+14,0.7911814,1.0015126,0.36840315,0.457836652,0.410692665,6,6,0,0.232846148,0.833333333,0,0.193430246,0.033486927
4039480201829,1.16358522e+14,0.7911814,1.0015126,0.457836652,0.56898102,0.510392364,6,4,2,0.359619724,1.75,0,0.371266746,0.033486927
4039480201829,1.16358522e+14,0.7911814,1.0015126,0.56898102,0.707106781,0.63429515,7,7,0,0.55541544,1.41666667,0,0.712603119,0.033486927
4039480201829,1.16358522e+14,0.7911814,1.0015126,0.707106781,0.878763934,0.788276561,12,9,3,0.857812545,2.08333333,0,1.36775839,0.033486927
4039480201829,1.16358522e+14,0.7911814,1.0015126,0.878763934,1.09209256,0.97963848,12,6,6,1.32485039,2.91666667,0,2.62525234,0.033486927
4039480201829,1.16358522e+14,0.7911814,1.0015126,1.09209256,1.35720881,1.21745539,9,2,7,2.04616797,4.5,0,5.03886498,0.033486927
4039480201829,1.16358522e+14,0.7911814,1.0015126,1.35720881,1.68668465,1.51300471,20,8,12,3.16020844,6,5,9.6715123,0.033486927
4039480201829,1.16358522e+14,0.7911814,1.0015126,1.68668465,2.096144,1.88030155,27,4,23,4.88079057,10.3333333,8,18.5633373,0.033486927
4039480201829,1.16358522e+14,0.7911814,1.0015126,2.096144,2.60500365,2.33676331,22,3,19,7.53814727,17,5,35.630156,0.033486927
4039480201829,1.16358522e+14,0.7911814,1.0015126,2.60500365,3.23739401,2.90403568,30,0,30,11.6423074,19.5,8,68.3879193,0.033486927
4039480201829,1.16358522e+14,0.7911814,1.0015126,3.23739401,4.02330338,3.60901902,97,0,97,17.9809862,30.1666667,12,131.262617,0.033486927
4039480201829,1.16358522e+14,0.7911814,1.0015126,4.02330338,5,4.48514402,104,0,104,27.770772,51.75,24,251.943249,0.033486927
4039480224054,2.01940858e+14,0.79308695,1.2028212,0.1,0.124275987,0.11147914,2,2,0,0.0247463814,0,0,0.00670175195,0.0334304781
4039480224054,2.01940858e+14,0.79308695,1.2028212,0.124275987,0.15444521,0.138541802,2,2,0,0.0382196008,0.166666667,0,0.0128632295,0.0334304781
4039480224054,2.01940858e+14,0.79308695,1.2028212,0.15444521,0.19193831,0.172174193,6,6,0,0.0590283429,0.0833333333,0,0.0246894653,0.0334304781
4039480224054,2.01940858e+14,0.79308695,1.2028212,0.19193831,0.23853323,0.213971178,9,9,0,0.0911664485,0.5,0,0.0473885425,0.0334304781
4039480224054,2.01940858e+14,0.79308695,1.2028212,0.23853323,0.296439527,0.265914795,4,4,0,0.140802213,0.166666667,0,0.0909567678,0.0334304781
4039480224054,2.01940858e+14,0.79308695,1.2028212,0.296439527,0.36840315,0.330468237,7,6,1,0.217462275,0.5,0,0.174580883,0.0334304781
4039480224054,2.01940858e+14,0.79308695,1.2028212,0.36840315,0.457836652,0.410692665,8,6,2,0.335860068,0.916666667,0,0.335087598,0.0334304781
4039480224054,2.01940858e+14,0.79308695,1.2028212,0.457836652,0.56898102,0.510392364,10,9,1,0.518719789,1.41666667,0,0.643161473,0.0334304781
4039480224054,2.01940858e+14,0.79308695,1.2028212,0.56898102,0.707106781,0.63429515,16,11,5,0.80113787,2.33333333,0,1.23447326,0.0334304781
4039480224054,2.01940858e+14,0.79308695,1.2028212,0.707106781,0.878763934,0.788276561,15,9,6,1.23731907,2.33333333,0,2.36942713,0.0334304781
4039480224054,2.01940858e+14,0.79308695,1.2028212,0.878763934,1.09209256,0.97963848,23,11,12,1.91098004,4.33333333,1,4.54783839,0.0334304781
4039480224054,2.01940858e+14,0.79308695,1.2028212,1.09209256,1.35720881,1.21745539,47,17,30,2.95141715,5.91666667,4,8.72904416,0.0334304781
4039480224054,2.01940858e+14,0.79308695,1.2028212,1.35720881,1.68668465,1.51300471,43,11,32,4.55832243,8.25,5,16.7543799,0.0334304781
4039480224054,2.01940858e+14,0.79308695,1.2028212,1.68668465,2.096144,1.88030155,90,11,79,7.04011067,12.3333333,5,32.1580737,0.0334304781
4039480224054,2.01940858e+14,0.79308695,1.2028212,2.096144,2.60500365,2.33676331,66,5,61,10.8731137,20.25,11,61.7236632,0.0334304781
4039480224054,2.01940858e+14,0.79308695,1.2028212,2.60500365,3.23739401,2.90403568,120,0,120,16.7930034,32.25,21,118.471356,0.0334304781
4039480224054,2.01940858e+14,0.79308695,1.2028212,3.23739401,4.02330338,3.60901902,100,0,100,25.9359894,50.0833333,33,227.391919,0.0334304781
4039480224054,2.01940858e+14,0.79308695,1.2028212,4.02330338,5,4.48514402,119,0,119,40.0568935,86.25,52,436.452208,0.0334304781
4039480258007,1.25193908e+14,0.7658063,1.0261626,0.1,0.124275987,0.11147914,5,5,0,0.0180111697,0,0,0.00416134453,0.0331926063
4039480258007,1.25193908e+14,0.7658063,1.0261626,0.124275987,0.15444521,0.138541802,5,5,0,0.027817389,0,0,0.00798721438,0.0331926063
4039480258007,1.25193908e+14,0.7658063,1.0261626,0.15444521,0.19193831,0.172174193,1,1,0,0.0429626249,0,0,0.0153305243,0.0331926063
4039480258007,1.25193908e+14,0.7658063,1.0261626,0.19193831,0.23853323,0.213971178,6,6,0,0.0663537165,0.166666667,0,0.0294251494,0.0331926063
4039480258007,1.25193908e+14,0.7658063,1.0261626,0.23853323,0.296439527,0.265914795,5,5,0,0.102480137,0.166666667,0,0.0564781345,0.0331926063
4039480258007,1.25193908e+14,0.7658063,1.0261626,0.296439527,0.36840315,0.330468237,6,4,2,0.158275663,0.166666667,0,0.108403177,0.0331926063
4039480258007,1.25193908e+14,0.7658063,1.0261626,0.36840315,0.457836652,0.410692665,11,7,4,0.244449182,0.25,0,0.208067226,0.0331926063
4039480258007,1.25193908e+14,0.7658063,1.0261626,0.457836652,0.56898102,0.510392364,6,4,2,0.377540053,0.5,0,0.399360719,0.0331926063
4039480258007,1.25193908e+14,0.7658063,1.0261626,0.56898102,0.707106781,0.63429515,19,10,9,0.58309253,1.08333333,0,0.766526216,0.0331926063
4039480258007,1.25193908e+14,0.7658063,1.0261626,0.707106781,0.878763934,0.788276561,10,8,2,0.900558485,1.25,0,1.47125747,0.0331926063
4039480258007,1.25193908e+14,0.7658063,1.0261626,0.878763934,1.09209256,0.97963848,10,6,4,1.39086945,2.33333333,1,2.82390672,0.0331926063
4039480258007,1.25193908e+14,0.7658063,1.0261626,1.09209256,1.35720881,1.21745539,18,8,10,2.14813125,4.25,3,5.42015885,0.0331926063
4039480258007,1.25193908e+14,0.7658063,1.0261626,1.35720881,1.68668465,1.51300471,21,8,13,3.31768582,4.91666667,3,10.4033613,0.0331926063
4039480258007,1.25193908e+14,0.7658063,1.0261626,1.68668465,2.096144,1.88030155,26,9,17,5.12400686,10.1666667,3,19.9680359,0.0331926063
4039480258007,1.25193908e+14,0.7658063,1.0261626,2.096144,2.60500365,2.33676331,19,1,18,7.91378317,19.1666667,6,38.3263108,0.0331926063
4039480258007,1.25193908e+14,0.7658063,1.0261626,2.60500365,3.23739401,2.90403568,46,0,46,12.2224591,31,10,73.5628734,0.0331926063
4039480258007,1.25193908e+14,0.7658063,1.0261626,3.23739401,4.02330338,3.60901902,42,0,42,18.8770027,44.9166667,16,141.195336,0.0331926063
4039480258007,1.25193908e+14,0.7658063,1.0261626,4.02330338,5,4.48514402,72,0,72,29.1546265,53.8333333,24,271.007943,0.0331926063
4039480301478,1.0389561e+14,0.76775384,0.96476483,0.1,0.124275987,0.11147914,4,4,0,0.0159203452,0,0,0.0034581953,0.0331873041
4039480301478,1.0389561e+14,0.76775384,0.96476483,0.124275987,0.15444521,0.138541802,3,3,0,0.0245882106,0,0,0.00663760164,0.0331873041
4039480301478,1.0389561e+14,0.76775384,0.96476483,0.15444521,0.19193831,0.172174193,1,1,0,0.0379753137,0,0,0.0127401004,0.0331873041
4039480301478,1.0389561e+14,0.76775384,0.96476483,0.19193831,0.23853323,0.213971178,4,3,1,0.0586510532,0.0833333333,0,0.0244531335,0.0331873041
4039480301478,1.0389561e+14,0.76775384,0.96476483,0.23853323,0.296439527,0.265914795,4,4,0,0.0905837425,0.166666667,0,0.0469349313,0.0331873041
4039480301478,1.0389561e+14,0.76775384,0.96476483,0.296439527,0.36840315,0.330468237,4,3,1,0.139902252,0,0,0.0900861141,0.0331873041
4039480301478,1.0389561e+14,0.76775384,0.96476483,0.36840315,0.457836652,0.410692665,2,2,0,0.216072327,0.25,0,0.172909765,0.0331873041
4039480301478,1.0389561e+14,0.76775384,0.96476483,0.457836652,0.56898102,0.510392364,6,6,0,0.333713361,0.166666667,0,0.331880082,0.0331873041
4039480301478,1.0389561e+14,0.76775384,0.96476483,0.56898102,0.707106781,0.63429515,11,5,6,0.515404302,0.666666667,0,0.637005021,0.0331873041
4039480301478,1.0389561e+14,0.76775384,0.96476483,0.707106781,0.878763934,0.788276561,11,5,6,0.79601726,1,0,1.22265667,0.0331873041
4039480301478,1.0389561e+14,0.76775384,0.96476483,0.878763934,1.09209256,0.97963848,12,7,5,1.22941053,2.08333333,1,2.34674656,0.0331873041
4039480301478,1.0389561e+14,0.76775384,0.96476483,1.09209256,1.35720881,1.21745539,10,5,5,1.89876568,4.25,7,4.5043057,0.0331873041
4039480301478,1.0389561e+14,0.76775384,0.96476483,1.35720881,1.68668465,1.51300471,19,10,9,2.93255266,4.83333333,2,8.64548826,0.0331873041
4039480301478,1.0389561e+14,0.76775384,0.96476483,1.68668465,2.096144,1.88030155,21,3,18,4.52918713,7.08333333,3,16.5940041,0.0331873041
4039480301478,1.0389561e+14,0.76775384,0.96476483,2.096144,2.60500365,2.33676331,29,2,27,6.99511259,11.5,5,31.8502511,0.0331873041
4039480301478,1.0389561e+14,0.76775384,0.96476483,2.60500365,3.23739401,2.90403568,54,0,54,10.8036164,21.5833333,10,61.1328337,0.0331873041
4039480301478,1.0389561e+14,0.76775384,0.96476483,3.23739401,4.02330338,3.60901902,83,0,83,16.685668,31.4166667,17,117.337328,0.0331873041
4039480301478,1.0389561e+14,0.76775384,0.96476483,4.02330338,5,4.48514402,91,0,91,25.7702151,38.0833333,26,225.215285,0.0331873041
4039480311176,2.72985888e+14,0.7680636,1.3299786,0.1,0.124275987,0.11147914,4,3,1,0.0302551186,0.166666667,0,0.00905980993,0.0331914493
4039480311176,2.72985888e+14,0.7680636,1.3299786,0.124275987,0.15444521,0.138541802,7,6,1,0.0467275816,0.25,0,0.0173892461,0.0331914493
4039480311176,2.72985888e+14,0.7680636,1.3299786,0.15444521,0.19193831,0.172174193,6,6,0,0.0721685118,0.25,0,0.0333766251,0.0331914493
4039480311176,2.72985888e+14,0.7680636,1.3299786,0.19193831,0.23853323,0.213971178,7,7,0,0.11146081,0.0833333333,0,0.0640625304,0.0331914493
4039480311176,2.72985888e+14,0.7680636,1.3299786,0.23853323,0.296439527,0.265914795,4,4,0,0.172145883,0.333333333,0,0.122960538,0.0331914493
4039480311176,2.72985888e+14,0.7680636,1.3299786,0.296439527,0.36840315,0.330468237,12,12,0,0.265871071,0.5,0,0.23600838,0.0331914493
4039480311176,2.72985888e+14,0.7680636,1.3299786,0.36840315,0.457836652,0.410692665,14,14,0,0.410625135,0.75,0,0.452990496,0.0331914493
4039480311176,2.72985888e+14,0.7680636,1.3299786,0.457836652,0.56898102,0.510392364,21,18,3,0.634190854,1.33333333,0,0.869462305,0.0331914493
4039480311176,2.72985888e+14,0.7680636,1.3299786,0.56898102,0.707106781,0.63429515,22,20,2,0.979477399,2.66666667,0,1.66883126,0.0331914493
4039480311176,2.72985888e+14,0.7680636,1.3299786,0.707106781,0.878763934,0.788276561,24,11,13,1.51275593,3.08333333,0,3.20312652,0.0331914493
4039480311176,2.72985888e+14,0.7680636,1.3299786,0.878763934,1.09209256,0.97963848,46,13,33,2.33637908,5.83333333,7,6.14802692,0.0331914493
4039480311176,2.72985888e+14,0.7680636,1.3299786,1.09209256,1.35720881,1.21745539,47,14,33,3.60842559,8.33333333,6,11.800419,0.0331914493
4039480311176,2.72985888e+14,0.7680636,1.3299786,1.35720881,1.68668465,1.51300471,51,11,40,5.5730405,13.3333333,7,22.6495248,0.0331914493
4039480311176,2.72985888e+14,0.7680636,1.3299786,1.68668465,2.096144,1.88030155,84,16,68,8.60729413,16.75,8,43.4731152,0.0331914493
4039480311176,2.72985888e+14,0.7680636,1.3299786,2.096144,2.60500365,2.33676331,97,7,90,13.2935535,21.75,24,83.4415629,0.0331914493
4039480311176,2.72985888e+14,0.7680636,1.3299786,2.60500365,3.23739401,2.90403568,90,2,88,20.5312567,38.3333333,24,160.156326,0.0331914493
4039480311176,2.72985888e+14,0.7680636,1.3299786,3.23739401,4.02330338,3.60901902,140,0,140,31.7095427,63.4166667,29,307.401346,0.0331914493
4039480311176,2.72985888e+14,0.7680636,1.3299786,4.02330338,5,4.48514402,272,0,272,48.97387,97.5833333,61,590.020949,0.0331914493
4039480311624,1.45717663e+14,0.76856196,1.0794072,0.1,0.124275987,0.11147914,1,1,0,0.0199287553,0,0,0.00484329653,0.0331822498
4039480311624,1.45717663e+14,0.76856196,1.0794072,0.124275987,0.15444521,0.138541802,0,0,0,0.0307790081,0.0833333333,0,0.00929614152,0.0331822498
4039480311624,1.45717663e+14,0.76856196,1.0794072,0.15444521,0.19193831,0.172174193,3,3,0,0.0475367039,0,0,0.017842857,0.0331822498
4039480311624,1.45717663e+14,0.76856196,1.0794072,0.19193831,0.23853323,0.213971178,4,3,1,0.0734181623,0,0,0.0342472782,0.0331822498
4039480311624,1.45717663e+14,0.76856196,1.0794072,0.23853323,0.296439527,0.265914795,3,3,0,0.113390835,0,0,0.0657336471,0.0331822498
4039480311624,1.45717663e+14,0.76856196,1.0794072,0.296439527,0.36840315,0.330468237,2,2,0,0.175126714,0.166666667,0,0.126168052,0.0331822498
4039480311624,1.45717663e+14,0.76856196,1.0794072,0.36840315,0.457836652,0.410692665,10,10,0,0.270474823,0.0833333333,0,0.242164826,0.0331822498
4039480311624,1.45717663e+14,0.76856196,1.0794072,0.457836652,0.56898102,0.510392364,7,7,0,0.417735409,1,0,0.464807076,0.0331822498
4039480311624,1.45717663e+14,0.76856196,1.0794072,0.56898102,0.707106781,0.63429515,6,4,2,0.645172332,1.91666667,0,0.892142848,0.0331822498
4039480311624,1.45717663e+14,0.76856196,1.0794072,0.707106781,0.878763934,0.788276561,10,9,1,0.996437766,1.66666667,0,1.71236391,0.0331822498
4039480311624,1.45717663e+14,0.76856196,1.0794072,0.878763934,1.09209256,0.97963848,9,4,5,1.53895041,4.66666667,0,3.28668235,0.0331822498
4039480311624,1.45717663e+14,0.76856196,1.0794072,1.09209256,1.35720881,1.21745539,26,11,15,2.37683519,5.41666667,6,6.30840258,0.0331822498
4039480311624,1.45717663e+14,0.76856196,1.0794072,1.35720881,1.68668465,1.51300471,18,9,9,3.67090812,8.58333333,5,12.1082413,0.0331822498
4039480311624,1.45717663e+14,0.76856196,1.0794072,1.68668465,2.096144,1.88030155,33,11,22,5.66954177,12.5833333,3,23.2403538,0.0331822498
4039480311624,1.45717663e+14,0.76856196,1.0794072,2.096144,2.60500365,2.33676331,28,4,24,8.75633572,21.1666667,9,44.6071424,0.0331822498
4039480311624,1.45717663e+14,0.76856196,1.0794072,2.60500365,3.23739401,2.90403568,62,0,62,13.5237411,26.4166667,9,85.6181954,0.0331822498
4039480311624,1.45717663e+14,0.76856196,1.0794072,3.23739401,4.02330338,3.60901902,95,0,95,20.8867705,46.5833333,29,164.334118,0.0331822498
4039480311624,1.45717663e+14,0.76856196,1.0794072,4.02330338,5,4.48514402,211,0,211,32.2586166,79.0833333,30,315.420129,0.0331822498
4039480360134,1.12940368e+14,0.78887475,0.9911358,0.1,0.124275987,0.11147914,4,4,0,0.0168025765,0,0,0.00374959721,0.0335389317
4039480360134,1.12940368e+14,0.78887475,0.9911358,0.124275987,0.15444521,0.138541802,1,1,0,0.0259507746,0,0,0.00719691352,0.0335389317
4039480360134,1.12940368e+14,0.78887475,0.9911358,0.15444521,0.19193831,0.172174193,2,2,0,0.0400797284,0.0833333333,0,0.0138136342,0.0335389317
4039480360134,1.12940368e+14,0.78887475,0.9911358,0.19193831,0.23853323,0.213971178,6,3,3,0.0619012209,0.25,0,0.0265136561,0.0335389317
4039480360134,1.12940368e+14,0.78887475,0.9911358,0.23853323,0.296439527,0.265914795,6,5,1,0.095603471,0.583333333,0,0.0508898636,0.0335389317
4039480360134,1.12940368e+14,0.78887475,0.9911358,0.296439527,0.36840315,0.330468237,6,4,2,0.147654982,0.25,0,0.0976771443,0.0335389317
4039480360134,1.12940368e+14,0.78887475,0.9911358,0.36840315,0.457836652,0.410692665,11,7,4,0.228046048,0.916666667,0,0.18747986,0.0335389317
4039480360134,1.12940368e+14,0.78887475,0.9911358,0.457836652,0.56898102,0.510392364,9,4,5,0.352206198,0.916666667,0,0.359845676,0.0335389317
4039480360134,1.12940368e+14,0.78887475,0.9911358,0.56898102,0.707106781,0.63429515,7,1,6,0.543965605,0.75,0,0.690681711,0.0335389317
4039480360134,1.12940368e+14,0.78887475,0.9911358,0.707106781,0.878763934,0.788276561,26,10,16,0.840128823,1.83333333,0,1.32568281,0.0335389317
4039480360134,1.12940368e+14,0.78887475,0.9911358,0.878763934,1.09209256,0.97963848,21,9,12,1.29753873,3.08333333,4,2.54449318,0.0335389317
4039480360134,1.12940368e+14,0.78887475,0.9911358,1.09209256,1.35720881,1.21745539,15,6,9,2.00398642,5.16666667,4,4.88385721,0.0335389317
4039480360134,1.12940368e+14,0.78887475,0.9911358,1.35720881,1.68668465,1.51300471,18,5,13,3.09506105,7.16666667,0,9.37399302,0.0335389317
4039480360134,1.12940368e+14,0.78887475,0.9911358,1.68668465,2.096144,1.88030155,45,11,34,4.78017355,10,8,17.9922838,0.0335389317
4039480360134,1.12940368e+14,0.78887475,0.9911358,2.096144,2.60500365,2.33676331,39,1,38,7.3827491,15.25,4,34.5340855,0.0335389317
4039480360134,1.12940368e+14,0.78887475,0.9911358,2.60500365,3.23739401,2.90403568,65,0,65,11.4023024,22.3333333,11,66.2841403,0.0335389317
4039480360134,1.12940368e+14,0.78887475,0.9911358,3.23739401,4.02330338,3.60901902,72,0,72,17.6103099,33.4166667,18,127.224659,0.0335389317
4039480360134,1.12940368e+14,0.78887475,0.9911358,4.02330338,5,4.48514402,107,0,107,27.1982802,42.75,25,244.192861,0.0335389317
4039480468514,1.8089693e+14,0.806782,1.1601759,0.1,0.124275987,0.11147914,1,1,0,0.0230227519,0,0,0.00601390615,0.032302567
4039480468514,1.8089693e+14,0.806782,1.1601759,0.124275987,0.15444521,0.138541802,3,3,0,0.0355575376,0.0833333333,0,0.0115429899,0.032302567
4039480468514,1.8089693e+14,0.806782,1.1601759,0.15444521,0.19193831,0.172174193,4,4,0,0.0549169138,0.166666667,0,0.0221554197,0.032302567
4039480468514,1.8089693e+14,0.806782,1.1601759,0.19193831,0.23853323,0.213971178,4,4,0,0.0848165432,0.166666667,0,0.0425247382,0.032302567
4039480468514,1.8089693e+14,0.806782,1.1601759,0.23853323,0.296439527,0.265914795,4,4,0,0.130995089,0.5,0,0.081621264,0.032302567
4039480468514,1.8089693e+14,0.806782,1.1601759,0.296439527,0.36840315,0.330468237,3,2,1,0.20231564,0.75,0,0.156662475,0.032302567
4039480468514,1.8089693e+14,0.806782,1.1601759,0.36840315,0.457836652,0.410692665,5,5,0,0.312466817,0.583333333,0,0.300695308,0.032302567
4039480468514,1.8089693e+14,0.806782,1.1601759,0.457836652,0.56898102,0.510392364,12,10,2,0.482590033,2,0,0.577149493,0.032302567
4039480468514,1.8089693e+14,0.806782,1.1601759,0.56898102,0.707106781,0.63429515,4,4,0,0.745337192,2.66666667,0,1.10777098,0.032302567
4039480468514,1.8089693e+14,0.806782,1.1601759,0.707106781,0.878763934,0.788276561,17,15,2,1.15113759,3.08333333,0,2.12623691,0.032302567
4039480468514,1.8089693e+14,0.806782,1.1601759,0.878763934,1.09209256,0.97963848,17,11,6,1.77787688,3.91666667,4,4.0810632,0.032302567
4039480468514,1.8089693e+14,0.806782,1.1601759,1.09209256,1.35720881,1.21745539,18,8,10,2.74584569,5.66666667,5,7.83312375,0.032302567
4039480468514,1.8089693e+14,0.806782,1.1601759,1.35720881,1.68668465,1.51300471,35,9,26,4.24082716,10.3333333,8,15.0347654,0.032302567
4039480468514,1.8089693e+14,0.806782,1.1601759,1.68668465,2.096144,1.88030155,38,6,32,6.54975443,13,9,28.8574746,0.032302567
4039480468514,1.8089693e+14,0.806782,1.1601759,2.096144,2.60500365,2.33676331,43,2,41,10.115782,22.8333333,10,55.3885492,0.032302567
4039480468514,1.8089693e+14,0.806782,1.1601759,2.60500365,3.23739401,2.90403568,96,0,96,15.6233408,35.1666667,14,106.311846,0.032302567
4039480468514,1.8089693e+14,0.806782,1.1601759,3.23739401,4.02330338,3.60901902,118,0,118,24.1295016,53.8333333,15,204.05316,0.032302567
4039480468514,1.8089693e+14,0.806782,1.1601759,4.02330338,5,4.48514402,131,0,131,37.2668596,81.5,35,391.656188,0.032302567
4039480524909,1.22567181e+14,0.7668861,1.0185673,0.1,0.124275987,0.11147914,0,0,0,0.0177455316,0.0833333333,0,0.00406962428,0.0331890532
4039480524909,1.22567181e+14,0.7668861,1.0185673,0.124275987,0.15444521,0.138541802,1,1,0,0.0274071236,0.25,0,0.00781116808,0.0331890532
4039480524909,1.22567181e+14,0.7668861,1.0185673,0.15444521,0.19193831,0.172174193,6,6,0,0.0423289897,0,0,0.014992624,0.0331890532
4039480524909,1.22567181e+14,0.7668861,1.0185673,0.19193831,0.23853323,0.213971178,3,3,0,0.0653750972,0.333333333,0,0.0287765893,0.0331890532
4039480524909,1.22567181e+14,0.7668861,1.0185673,0.23853323,0.296439527,0.265914795,7,6,1,0.100968707,0.333333333,0,0.0552332992,0.0331890532
4039480524909,1.22567181e+14,0.7668861,1.0185673,0.296439527,0.36840315,0.330468237,11,9,2,0.155941331,0.416666667,0,0.106013861,0.0331890532
4039480524909,1.22567181e+14,0.7668861,1.0185673,0.36840315,0.457836652,0.410692665,10,8,2,0.240843917,0.25,0,0.203481214,0.0331890532
4039480524909,1.22567181e+14,0.7668861,1.0185673,0.457836652,0.56898102,0.510392364,7,5,2,0.371971895,0.916666667,0,0.390558404,0.0331890532
4039480524909,1.22567181e+14,0.7668861,1.0185673,0.56898102,0.707106781,0.63429515,7,6,1,0.574492776,1.58333333,0,0.749631202,0.0331890532
4039480524909,1.22567181e+14,0.7668861,1.0185673,0.707106781,0.878763934,0.788276561,15,8,7,0.887276578,2.58333333,0,1.43882946,0.0331890532
4039480524909,1.22567181e+14,0.7668861,1.0185673,0.878763934,1.09209256,0.97963848,16,9,7,1.37035618,4.16666667,1,2.76166496,0.0331890532
4039480524909,1.22567181e+14,0.7668861,1.0185673,1.09209256,1.35720881,1.21745539,19,10,9,2.11644948,5.25,4,5.30069306,0.0331890532
4039480524909,1.22567181e+14,0.7668861,1.0185673,1.35720881,1.68668465,1.51300471,9,3,6,3.26875486,7.75,4,10.1740607,0.0331890532
4039480524909,1.22567181e+14,0.7668861,1.0185673,1.68668465,2.096144,1.88030155,25,9,16,5.04843533,11.75,5,19.5279202,0.0331890532
4039480524909,1.22567181e+14,0.7668861,1.0185673,2.096144,2.60500365,2.33676331,36,0,36,7.79706656,21.75,3,37.4815601,0.0331890532
4039480524909,1.22567181e+14,0.7668861,1.0185673,2.60500365,3.23739401,2.90403568,77,0,77,12.0421959,27.0833333,2,71.9414732,0.0331890532
4039480524909,1.22567181e+14,0.7668861,1.0185673,3.23739401,4.02330338,3.60901902,147,0,147,18.5985948,44.4166667,5,138.083248,0.0331890532
4039480524909,1.22567181e+14,0.7668861,1.0185673,4.02330338,5,4.48514402,176,0,176,28.7246388,74.1666667,14,265.034653,0.0331890532
4039480579250,1.08090418e+14,0.7764436,0.9785938,0.1,0.124275987,0.11147914,4,4,0,0.0163800217,0,0,0.00360904674,0.0331506616
4039480579250,1.08090418e+14,0.7764436,0.9785938,0.124275987,0.15444521,0.138541802,6,4,2,0.025298159,0.0833333333,0,0.00692714334,0.0331506616
4039480579250,1.08090418e+14,0.7764436,0.9785938,0.15444521,0.19193831,0.172174193,1,0,1,0.039071795,0,0,0.0132958419,0.0331506616
4039480579250,1.08090418e+14,0.7764436,0.9785938,0.19193831,0.23853323,0.213971178,8,6,2,0.060344516,0,0,0.0255198143,0.0331506616
4039480579250,1.08090418e+14,0.7764436,0.9785938,0.23853323,0.296439527,0.265914795,3,1,2,0.0931992148,0.166666667,0,0.0489823003,0.0331506616
4039480579250,1.08090418e+14,0.7764436,0.9785938,0.296439527,0.36840315,0.330468237,11,8,3,0.143941723,0.333333333,0,0.0940157996,0.0331506616
4039480579250,1.08090418e+14,0.7764436,0.9785938,0.36840315,0.457836652,0.410692665,9,5,4,0.222311098,0.583333333,0,0.180452337,0.0331506616
4039480579250,1.08090418e+14,0.7764436,0.9785938,0.457836652,0.56898102,0.510392364,9,7,2,0.343348843,0.833333333,0,0.346357167,0.0331506616
4039480579250,1.08090418e+14,0.7764436,0.9785938,0.56898102,0.707106781,0.63429515,16,7,9,0.530285843,2.25,0,0.664792094,0.0331506616
4039480579250,1.08090418e+14,0.7764436,0.9785938,0.707106781,0.878763934,0.788276561,14,8,6,0.819001087,1.58333333,0,1.27599071,0.0331506616
4039480579250,1.08090418e+14,0.7764436,0.9785938,0.878763934,1.09209256,0.97963848,11,5,6,1.26490795,2.33333333,0,2.44911502,0.0331506616
4039480579250,1.08090418e+14,0.7764436,0.9785938,1.09209256,1.35720881,1.21745539,15,7,8,1.95358975,4.16666667,1,4.70078998,0.0331506616
4039480579250,1.08090418e+14,0.7764436,0.9785938,1.35720881,1.68668465,1.51300471,25,7,18,3.0172258,5.5,3,9.02261686,0.0331506616
4039480579250,1.08090418e+14,0.7764436,0.9785938,1.68668465,2.096144,1.88030155,20,1,19,4.65996074,7.25,4,17.3178584,0.0331506616
4039480579250,1.08090418e+14,0.7764436,0.9785938,2.096144,2.60500365,2.33676331,34,2,32,7.19708617,12.8333333,3,33.2396047,0.0331506616
4039480579250,1.08090418e+14,0.7764436,0.9785938,2.60500365,3.23739401,2.90403568,50,0,50,11.1155549,22.25,9,63.7995357,0.0331506616
4039480579250,1.08090418e+14,0.7764436,0.9785938,3.23739401,4.02330338,3.60901902,85,0,85,17.1674421,35.5,15,122.455751,0.0331506616
4039480579250,1.08090418e+14,0.7764436,0.9785938,4.02330338,5,4.48514402,116,0,116,26.5142922,47.3333333,32,235.039499,0.0331506616
4039480606086,2.52687173e+14,0.7833985,1.2961299,0.1,0.124275987,0.11147914,5,5,0,0.0287346964,0.333333333,0,0.00838553383,0.0333516961
4039480606086,2.52687173e+14,0.7833985,1.2961299,0.124275987,0.15444521,0.138541802,4,4,0,0.0443793623,0.0833333333,0,0.0160950519,0.0333516961
4039480606086,2.52687173e+14,0.7833985,1.2961299,0.15444521,0.19193831,0.172174193,12,11,1,0.0685417995,0.166666667,0,0.0308925708,0.0333516961
4039480606086,2.52687173e+14,0.7833985,1.2961299,0.19193831,0.23853323,0.213971178,3,3,0,0.105859527,0.333333333,0,0.0592946784,0.0333516961
4039480606086,2.52687173e+14,0.7833985,1.2961299,0.23853323,0.296439527,0.265914795,11,10,1,0.163494969,0.166666667,0,0.113809204,0.0333516961
4039480606086,2.52687173e+14,0.7833985,1.2961299,0.296439527,0.36840315,0.330468237,10,10,0,0.252510148,0.333333333,0,0.218443463,0.0333516961
4039480606086,2.52687173e+14,0.7833985,1.2961299,0.36840315,0.457836652,0.410692665,14,12,2,0.38998983,0.833333333,0,0.419276691,0.0333516961
4039480606086,2.52687173e+14,0.7833985,1.2961299,0.457836652,0.56898102,0.510392364,18,13,5,0.602320614,1.08333333,0,0.804752597,0.0333516961
4039480606086,2.52687173e+14,0.7833985,1.2961299,0.56898102,0.707106781,0.63429515,26,19,7,0.930255341,2.75,0,1.54462854,0.0333516961
4039480606086,2.52687173e+14,0.7833985,1.2961299,0.707106781,0.878763934,0.788276561,25,15,10,1.43673482,2.91666667,0,2.96473392,0.0333516961
4039480606086,2.52687173e+14,0.7833985,1.2961299,0.878763934,1.09209256,0.97963848,38,22,16,2.21896812,4.5,1,5.69046019,0.0333516961
4039480606086,2.52687173e+14,0.7833985,1.2961299,1.09209256,1.35720881,1.21745539,52,18,34,3.42708998,7.25,2,10.9221731,0.0333516961
4039480606086,2.52687173e+14,0.7833985,1.2961299,1.35720881,1.68668465,1.51300471,58,23,35,5.29297633,13.25,5,20.9638346,0.0333516961
4039480606086,2.52687173e+14,0.7833985,1.2961299,1.68668465,2.096144,1.88030155,45,15,30,8.17474843,16.8333333,5,40.2376299,0.0333516961
4039480606086,2.52687173e+14,0.7833985,1.2961299,2.096144,2.60500365,2.33676331,55,5,50,12.6255074,27.3333333,13,77.2314269,0.0333516961
4039480606086,2.52687173e+14,0.7833985,1.2961299,2.60500365,3.23739401,2.90403568,67,0,67,19.4994915,40.1666667,19,148.236696,0.0333516961
4039480606086,2.52687173e+14,0.7833985,1.2961299,3.23739401,4.02330338,3.60901902,94,0,94,30.1160307,57.8333333,19,284.523009,0.0333516961
4039480606086,2.52687173e+14,0.7833985,1.2961299,4.02330338,5,4.48514402,133,0,133,46.512767,91.1666667,30,546.108657,0.0333516961
4039480608347,3.25523388e+14,0.785564,1.410248,0.1,0.124275987,0.11147914,5,5,0,0.0340173547,0,0,0.01080119,0.0335351054
4039480608347,3.25523388e+14,0.785564,1.410248,0.124275987,0.15444521,0.138541802,8,8,0,0.0525381751,0,0,0.0207316215,0.0335351054
4039480608347,3.25523388e+14,0.785564,1.410248,0.15444521,0.19193831,0.172174193,12,12,0,0.0811426952,0.0833333333,0,0.0397919241,0.0335351054
4039480608347,3.25523388e+14,0.785564,1.410248,0.19193831,0.23853323,0.213971178,9,9,0,0.125321006,0.25,0,0.0763759468,0.0335351054
4039480608347,3.25523388e+14,0.785564,1.410248,0.23853323,0.296439527,0.265914795,11,7,4,0.193552292,0.416666667,0,0.146594702,0.0335351054
4039480608347,3.25523388e+14,0.785564,1.410248,0.296439527,0.36840315,0.330468237,11,8,3,0.298932245,0.333333333,0,0.281371394,0.0335351054
4039480608347,3.25523388e+14,0.785564,1.410248,0.36840315,0.457836652,0.410692665,16,15,1,0.461686535,0.666666667,0,0.540059499,0.0335351054
4039480608347,3.25523388e+14,0.785564,1.410248,0.457836652,0.56898102,0.510392364,27,21,6,0.71305274,1.25,0,1.03658108,0.0335351054
4039480608347,3.25523388e+14,0.785564,1.410248,0.56898102,0.707106781,0.63429515,41,29,12,1.10127581,1.25,0,1.98959621,0.0335351054
4039480608347,3.25523388e+14,0.785564,1.410248,0.707106781,0.878763934,0.788276561,42,24,18,1.70086774,4,0,3.81879734,0.0335351054
4039480608347,3.25523388e+14,0.785564,1.410248,0.878763934,1.09209256,0.97963848,72,34,38,2.62690876,5.08333333,3,7.32973509,0.0335351054
4039480608347,3.25523388e+14,0.785564,1.410248,1.09209256,1.35720881,1.21745539,77,29,48,4.05713476,7,8,14.0685697,0.0335351054
4039480608347,3.25523388e+14,0.785564,1.410248,1.35720881,1.68668465,1.51300471,78,17,61,6.26605032,14.3333333,10,27.0029749,0.0335351054
4039480608347,3.25523388e+14,0.785564,1.410248,1.68668465,2.096144,1.88030155,99,12,87,9.6776146,21.8333333,15,51.8290539,0.0335351054
4039480608347,3.25523388e+14,0.785564,1.410248,2.096144,2.60500365,2.33676331,162,3,159,14.9466122,35.3333333,19,99.4798103,0.0335351054
4039480608347,3.25523388e+14,0.785564,1.410248,2.60500365,3.23739401,2.90403568,144,1,143,23.0843267,65.25,22,190.939867,0.0335351054
4039480608347,3.25523388e+14,0.785564,1.410248,3.23739401,4.02330338,3.60901902,167,0,167,35.652637,91.8333333,47,366.486754,0.0335351054
4039480608347,3.25523388e+14,0.785564,1.410248,4.02330338,5,4.48514402,275,0,275,55.0637903,134.583333,83,703.428484,0.0335351054
4039480612260,1.02911568e+14,0.7884509,0.96078314,0.1,0.124275987,0.11147914,0,0,0,0.0157892064,0,0,0.00341555472,0.0335676096
4039480612260,1.02911568e+14,0.7884509,0.96078314,0.124275987,0.15444521,0.138541802,6,5,1,0.024385673,0.0833333333,0,0.00655575802,0.0335676096
4039480612260,1.02911568e+14,0.7884509,0.96078314,0.15444521,0.19193831,0.172174193,1,1,0,0.037662504,0.0833333333,0,0.0125830112,0.0335676096
4039480612260,1.02911568e+14,0.7884509,0.96078314,0.19193831,0.23853323,0.213971178,4,4,0,0.0581679335,0.0833333333,0,0.024151619,0.0335676096
4039480612260,1.02911568e+14,0.7884509,0.96078314,0.23853323,0.296439527,0.265914795,3,3,0,0.0898375874,0.0833333333,0,0.0463562095,0.0335676096
4039480612260,1.02911568e+14,0.7884509,0.96078314,0.296439527,0.36840315,0.330468237,1,1,0,0.138749851,0.25,0,0.0889753253,0.0335676096
4039480612260,1.02911568e+14,0.7884509,0.96078314,0.36840315,0.457836652,0.410692665,7,7,0,0.214292499,0.416666667,0,0.170777736,0.0335676096
4039480612260,1.02911568e+14,0.7884509,0.96078314,0.457836652,0.56898102,0.510392364,13,9,4,0.330964502,0.583333333,0,0.327787901,0.0335676096
4039480612260,1.02911568e+14,0.7884509,0.96078314,0.56898102,0.707106781,0.63429515,8,7,1,0.511158821,1.25,0,0.629150559,0.0335676096
4039480612260,1.02911568e+14,0.7884509,0.96078314,0.707106781,0.878763934,0.788276561,22,8,14,0.789460318,1.58333333,0,1.20758095,0.0335676096
4039480612260,1.02911568e+14,0.7884509,0.96078314,0.878763934,1.09209256,0.97963848,14,7,7,1.21928365,2.83333333,4,2.31781048,0.0335676096
4039480612260,1.02911568e+14,0.7884509,0.96078314,1.09209256,1.35720881,1.21745539,13,4,9,1.8831252,4.16666667,4,4.44876626,0.0335676096
4039480612260,1.02911568e+14,0.7884509,0.96078314,1.35720881,1.68668465,1.51300471,17,1,16,2.90839668,6.16666667,4,8.5388868,0.0335676096
4039480612260,1.02911568e+14,0.7884509,0.96078314,1.68668465,2.096144,1.88030155,34,5,29,4.49187937,10.6666667,10,16.389395,0.0335676096
4039480612260,1.02911568e+14,0.7884509,0.96078314,2.096144,2.60500365,2.33676331,48,0,48,6.93749255,16.8333333,4,31.4575279,0.0335676096
4039480612260,1.02911568e+14,0.7884509,0.96078314,2.60500365,3.23739401,2.90403568,67,0,67,10.714625,23.9166667,10,60.3790476,0.0335676096
4039480612260,1.02911568e+14,0.7884509,0.96078314,3.23739401,4.02330338,3.60901902,97,0,97,16.5482251,34.8333333,18,115.890524,0.0335676096
4039480612260,1.02911568e+14,0.7884509,0.96078314,4.02330338,5,4.48514402,101,0,101,25.5579411,60.25,21,222.438313,0.0335676096
4039480735119,1.20149563e+14,0.7593204,1.0136517,0.1,0.124275987,0.11147914,0,0,0,0.0175746652,0,0,0.00401098822,0.0330902677
4039480735119,1.20149563e+14,0.7593204,1.0136517,0.124275987,0.15444521,0.138541802,1,1,0,0.0271432286,0.0833333333,0,0.00769862302,0.0330902677
4039480735119,1.20149563e+14,0.7593204,1.0136517,0.15444521,0.19193831,0.172174193,1,1,0,0.0419214166,0.25,0,0.0147766069,0.0330902677
4039480735119,1.20149563e+14,0.7593204,1.0136517,0.19193831,0.23853323,0.213971178,10,9,1,0.0647456201,0.333333333,0,0.0283619697,0.0330902677
4039480735119,1.20149563e+14,0.7593204,1.0136517,0.23853323,0.296439527,0.265914795,1,1,0,0.0999965093,0.25,0,0.0544374854,0.0330902677
4039480735119,1.20149563e+14,0.7593204,1.0136517,0.296439527,0.36840315,0.330468237,2,2,0,0.154439819,0.25,0,0.10448639,0.0330902677
4039480735119,1.20149563e+14,0.7593204,1.0136517,0.36840315,0.457836652,0.410692665,3,2,1,0.238524904,0.833333333,0,0.200549411,0.0330902677
4039480735119,1.20149563e+14,0.7593204,1.0136517,0.457836652,0.56898102,0.510392364,6,6,0,0.36839029,1.08333333,0,0.384931151,0.0330902677
4039480735119,1.20149563e+14,0.7593204,1.0136517,0.56898102,0.707106781,0.63429515,10,9,1,0.568961159,2.08333333,0,0.738830347,0.0330902677
4039480735119,1.20149563e+14,0.7593204,1.0136517,0.707106781,0.878763934,0.788276561,13,10,3,0.878733259,3.16666667,0,1.41809849,0.0330902677
4039480735119,1.20149563e+14,0.7593204,1.0136517,0.878763934,1.09209256,0.97963848,13,10,3,1.35716143,3.75,1,2.72187427,0.0330902677
4039480735119,1.20149563e+14,0.7593204,1.0136517,1.09209256,1.35720881,1.21745539,10,6,4,2.09607083,5.75,0,5.22431949,0.0330902677
4039480735119,1.20149563e+14,0.7593204,1.0136517,1.35720881,1.68668465,1.51300471,27,6,21,3.23728101,7,1,10.0274706,0.0330902677
4039480735119,1.20149563e+14,0.7593204,1.0136517,1.68668465,2.096144,1.88030155,21,3,18,4.99982546,9.83333333,2,19.2465576,0.0330902677
4039480735119,1.20149563e+14,0.7593204,1.0136517,2.096144,2.60500365,2.33676331,44,2,42,7.72199096,16.8333333,10,36.9415174,0.0330902677
4039480735119,1.20149563e+14,0.7593204,1.0136517,2.60500365,3.23739401,2.90403568,74,0,74,11.9262452,27.75,8,70.9049243,0.0330902677
4039480735119,1.20149563e+14,0.7593204,1.0136517,3.23739401,4.02330338,3.60901902,86,0,86,18.4195145,36.3333333,16,136.093714,0.0330902677
4039480735119,1.20149563e+14,0.7593204,1.0136517,4.02330338,5,4.48514402,66,0,66,28.4480579,48.6666667,22,261.215974,0.0330902677
4039480747791,1.20269138e+14,0.7668347,1.0119885,0.1,0.124275987,0.11147914,1,1,0,0.0175170395,0,0,0.00399127691,0.0331875025
4039480747791,1.20269138e+14,0.7668347,1.0119885,0.124275987,0.15444521,0.138541802,3,3,0,0.0270542285,0,0,0.00766078946,0.0331875025
4039480747791,1.20269138e+14,0.7668347,1.0119885,0.15444521,0.19193831,0.172174193,0,0,0,0.0417839601,0,0,0.0147039898,0.0331875025
4039480747791,1.20269138e+14,0.7668347,1.0119885,0.19193831,0.23853323,0.213971178,5,4,1,0.0645333252,0.166666667,0,0.0282225897,0.0331875025
4039480747791,1.20269138e+14,0.7668347,1.0119885,0.23853323,0.296439527,0.265914795,2,1,1,0.0996686299,0.25,0,0.0541699617,0.0331875025
4039480747791,1.20269138e+14,0.7668347,1.0119885,0.296439527,0.36840315,0.330468237,13,9,4,0.153933425,0,0,0.103972909,0.0331875025
4039480747791,1.20269138e+14,0.7668347,1.0119885,0.36840315,0.457836652,0.410692665,15,7,8,0.237742803,0.666666667,0,0.199563845,0.0331875025
4039480747791,1.20269138e+14,0.7668347,1.0119885,0.457836652,0.56898102,0.510392364,12,8,4,0.367182372,0.583333333,0,0.383039473,0.0331875025
4039480747791,1.20269138e+14,0.7668347,1.0119885,0.56898102,0.707106781,0.63429515,19,8,11,0.567095587,0.333333333,0,0.735199492,0.0331875025
4039480747791,1.20269138e+14,0.7668347,1.0119885,0.707106781,0.878763934,0.788276561,21,9,12,0.875851973,1.91666667,0,1.41112948,0.0331875025
4039480747791,1.20269138e+14,0.7668347,1.0119885,0.878763934,1.09209256,0.97963848,36,14,22,1.35271142,3.33333333,1,2.70849809,0.0331875025
4039480747791,1.20269138e+14,0.7668347,1.0119885,1.09209256,1.35720881,1.21745539,27,7,20,2.08919801,5.08333333,6,5.19864546,0.0331875025
4039480747791,1.20269138e+14,0.7668347,1.0119885,1.35720881,1.68668465,1.51300471,46,14,32,3.22666626,6.08333333,4,9.97819227,0.0331875025
4039480747791,1.20269138e+14,0.7668347,1.0119885,1.68668465,2.096144,1.88030155,41,10,31,4.98343149,10.0833333,5,19.1519736,0.0331875025
4039480747791,1.20269138e+14,0.7668347,1.0119885,2.096144,2.60500365,2.33676331,47,4,43,7.69667126,14.75,6,36.7599746,0.0331875025
4039480747791,1.20269138e+14,0.7668347,1.0119885,2.60500365,3.23739401,2.90403568,74,0,74,11.8871401,19.6666667,12,70.5564742,0.0331875025
4039480747791,1.20269138e+14,0.7668347,1.0119885,3.23739401,4.02330338,3.60901902,112,0,112,18.3591186,30.75,10,135.424904,0.0331875025
4039480747791,1.20269138e+14,0.7668347,1.0119885,4.02330338,5,4.48514402,162,0,162,28.3547794,49.1666667,24,259.932273,0.0331875025
4039480753314,1.02522738e+14,0.7708033,0.9596441,0.1,0.124275987,0.11147914,0,0,0,0.0157517913,0,0,0.00340342136,0.0331245345
4039480753314,1.02522738e+14,0.7708033,0.9596441,0.124275987,0.15444521,0.138541802,2,2,0,0.0243278872,0,0,0.00653246945,0.0331245345
4039480753314,1.02522738e+14,0.7708033,0.9596441,0.15444521,0.19193831,0.172174193,1,1,0,0.0375732566,0.0833333333,0,0.0125383115,0.0331245345
4039480753314,1.02522738e+14,0.7708033,0.9596441,0.19193831,0.23853323,0.213971178,2,2,0,0.0580300953,0.0833333333,0,0.0240658232,0.0331245345
4039480753314,1.02522738e+14,0.7708033,0.9596441,0.23853323,0.296439527,0.265914795,1,1,0,0.0896247028,0,0,0.0461915345,0.0331245345
4039480753314,1.02522738e+14,0.7708033,0.9596441,0.296439527,0.36840315,0.330468237,1,1,0,0.138421061,0.25,0,0.0886592508,0.0331245345
4039480753314,1.02522738e+14,0.7708033,0.9596441,0.36840315,0.457836652,0.410692665,9,8,1,0.213784699,0.583333333,0,0.170171068,0.0331245345
4039480753314,1.02522738e+14,0.7708033,0.9596441,0.457836652,0.56898102,0.510392364,5,3,2,0.330180228,0.333333333,0,0.326623473,0.0331245345
4039480753314,1.02522738e+14,0.7708033,0.9596441,0.56898102,0.707106781,0.63429515,10,10,0,0.509947549,0.333333333,0,0.626915574,0.0331245345
4039480753314,1.02522738e+14,0.7708033,0.9596441,0.707106781,0.878763934,0.788276561,12,10,2,0.787589565,1,0,1.20329116,0.0331245345
4039480753314,1.02522738e+14,0.7708033,0.9596441,0.878763934,1.09209256,0.97963848,12,4,8,1.21639436,2,0,2.30957672,0.0331245345
4039480753314,1.02522738e+14,0.7708033,0.9596441,1.09209256,1.35720881,1.21745539,20,10,10,1.87866283,2.75,2,4.43296254,0.0331245345
4039480753314,1.02522738e+14,0.7708033,0.9596441,1.35720881,1.68668465,1.51300471,15,7,8,2.90150477,5.33333333,5,8.5085534,0.0331245345
4039480753314,1.02522738e+14,0.7708033,0.9596441,1.68668465,2.096144,1.88030155,17,3,14,4.48123514,8.66666667,5,16.3311736,0.0331245345
4039480753314,1.02522738e+14,0.7708033,0.9596441,2.096144,2.60500365,2.33676331,14,3,11,6.92105305,13.6666667,3,31.3457787,0.0331245345
4039480753314,1.02522738e+14,0.7708033,0.9596441,2.60500365,3.23739401,2.90403568,14,0,14,10.6892349,22.6666667,2,60.1645581,0.0331245345
4039480753314,1.02522738e+14,0.7708033,0.9596441,3.23739401,4.02330338,3.60901902,26,0,26,16.5090114,30.8333333,8,115.478836,0.0331245345
4039480753314,1.02522738e+14,0.7708033,0.9596441,4.02330338,5,4.48514402,45,0,45,25.4973774,45.5,6,221.648127,0.0331245345
4039480787644,1.42165166e+14,0.7807362,1.0699652,0.1,0.124275987,0.11147914,1,1,0,0.0195816309,0.0833333333,0,0.0047173064,0.0330703251
4039480787644,1.42165166e+14,0.7807362,1.0699652,0.124275987,0.15444521,0.138541802,4,3,1,0.030242891,0,0,0.0090543182,0.0330703251
4039480787644,1.42165166e+14,0.7807362,1.0699652,0.15444521,0.19193831,0.172174193,0,0,0,0.0467086967,0,0,0.0173787054,0.0330703251
4039480787644,1.42165166e+14,0.7807362,1.0699652,0.19193831,0.23853323,0.213971178,8,8,0,0.0721393449,0.0833333333,0,0.0333563934,0.0330703251
4039480787644,1.42165166e+14,0.7807362,1.0699652,0.23853323,0.296439527,0.265914795,7,6,1,0.111415763,0.0833333333,0,0.064023698,0.0330703251
4039480787644,1.42165166e+14,0.7807362,1.0699652,0.296439527,0.36840315,0.330468237,7,5,2,0.17207631,0.166666667,0,0.122886004,0.0330703251
4039480787644,1.42165166e+14,0.7807362,1.0699652,0.36840315,0.457836652,0.410692665,12,8,4,0.265763619,0.166666667,0,0.23586532,0.0330703251
4039480787644,1.42165166e+14,0.7807362,1.0699652,0.457836652,0.56898102,0.510392364,13,8,5,0.410459181,0.583333333,0,0.45271591,0.0330703251
4039480787644,1.42165166e+14,0.7807362,1.0699652,0.56898102,0.707106781,0.63429515,20,17,3,0.633934546,0.583333333,0,0.868935268,0.0330703251
4039480787644,1.42165166e+14,0.7807362,1.0699652,0.707106781,0.878763934,0.788276561,18,12,6,0.979081543,2.16666667,0,1.66781967,0.0330703251
4039480787644,1.42165166e+14,0.7807362,1.0699652,0.878763934,1.09209256,0.97963848,18,8,10,1.51214455,3.16666667,1,3.2011849,0.0330703251
4039480787644,1.42165166e+14,0.7807362,1.0699652,1.09209256,1.35720881,1.21745539,23,10,13,2.33543483,5.66666667,2,6.14430021,0.0330703251
4039480787644,1.42165166e+14,0.7807362,1.0699652,1.35720881,1.68668465,1.51300471,40,13,27,3.60696724,10.1666667,3,11.793266,0.0330703251
4039480787644,1.42165166e+14,0.7807362,1.0699652,1.68668465,2.096144,1.88030155,45,6,39,5.57078815,17.5833333,4,22.6357955,0.0330703251
4039480787644,1.42165166e+14,0.7807362,1.0699652,2.096144,2.60500365,2.33676331,71,1,70,8.60381549,22.9166667,7,43.4467634,0.0330703251
4039480787644,1.42165166e+14,0.7807362,1.0699652,2.60500365,3.23739401,2.90403568,97,1,96,13.2881809,36.9166667,15,83.3909836,0.0330703251
4039480787644,1.42165166e+14,0.7807362,1.0699652,3.23739401,4.02330338,3.60901902,65,0,65,20.522959,58.5833333,12,160.059245,0.0330703251
4039480787644,1.42165166e+14,0.7807362,1.0699652,4.02330338,5,4.48514402,137,0,137,31.6967273,87.4166667,25,307.21501,0.0330703251
4039480838019,1.06568339e+14,0.772875,0.97194183,0.1,0.124275987,0.11147914,0,0,0,0.0161580929,0.166666667,0,0.00353594864,0.0330265939
4039480838019,1.06568339e+14,0.772875,0.97194183,0.124275987,0.15444521,0.138541802,5,5,0,0.0249554006,0.0833333333,0,0.00678684007,0.0330265939
4039480838019,1.06568339e+14,0.772875,0.97194183,0.15444521,0.19193831,0.172174193,5,4,1,0.038542421,0,0,0.0130265462,0.0330265939
4039480838019,1.06568339e+14,0.772875,0.97194183,0.19193831,0.23853323,0.213971178,3,3,0,0.0595269232,0,0,0.0250029326,0.0330265939
4039480838019,1.06568339e+14,0.772875,0.97194183,0.23853323,0.296439527,0.265914795,4,4,0,0.0919364819,0.0833333333,0,0.0479902064,0.0330265939
4039480838019,1.06568339e+14,0.772875,0.97194183,0.296439527,0.36840315,0.330468237,8,7,1,0.141991493,0.0833333333,0,0.0921115912,0.0330265939
4039480838019,1.06568339e+14,0.772875,0.97194183,0.36840315,0.457836652,0.410692665,7,4,3,0.21929906,0.166666667,0,0.176797432,0.0330265939
4039480838019,1.06568339e+14,0.772875,0.97194183,0.457836652,0.56898102,0.510392364,8,6,2,0.338696895,0.333333333,0,0.339342003,0.0330265939
4039480838019,1.06568339e+14,0.772875,0.97194183,0.56898102,0.707106781,0.63429515,12,11,1,0.523101133,0.666666667,0,0.651327308,0.0330265939
4039480838019,1.06568339e+14,0.772875,0.97194183,0.707106781,0.878763934,0.788276561,18,6,12,0.807904645,1.83333333,0,1.25014663,0.0330265939
4039480838019,1.06568339e+14,0.772875,0.97194183,0.878763934,1.09209256,0.97963848,23,10,13,1.24777003,1.91666667,2,2.39951032,0.0330265939
4039480838019,1.06568339e+14,0.772875,0.97194183,1.09209256,1.35720881,1.21745539,29,11,18,1.92712105,2.91666667,3,4.60557956,0.0330265939
4039480838019,1.06568339e+14,0.772875,0.97194183,1.35720881,1.68668465,1.51300471,27,6,21,2.97634616,5.08333333,0,8.83987159,0.0330265939
4039480838019,1.06568339e+14,0.772875,0.97194183,1.68668465,2.096144,1.88030155,42,9,33,4.59682409,8.83333333,3,16.9671002,0.0330265939
4039480838019,1.06568339e+14,0.772875,0.97194183,2.096144,2.60500365,2.33676331,46,1,45,7.09957465,11.25,3,32.5663654,0.0330265939
4039480838019,1.06568339e+14,0.772875,0.97194183,2.60500365,3.23739401,2.90403568,37,0,37,10.964953,19.5833333,4,62.5073315,0.0330265939
4039480838019,1.06568339e+14,0.772875,0.97194183,3.23739401,4.02330338,3.60901902,72,0,72,16.9348448,34.3333333,5,119.975516,0.0330265939
4039480838019,1.06568339e+14,0.772875,0.97194183,4.02330338,5,4.48514402,113,0,113,26.1550566,51.75,12,230.278978,0.0330265939
4039480859466,2.39553322e+14,0.7884558,1.273801,0.1,0.124275987,0.11147914,3,1,2,0.0277531782,0.0833333333,0,0.00795957508,0.0335670306
4039480859466,2.39553322e+14,0.7884558,1.273801,0.124275987,0.15444521,0.138541802,2,2,0,0.0428634546,0,0,0.0152774739,0.0335670306
4039480859466,2.39553322e+14,0.7884558,1.273801,0.15444521,0.19193831,0.172174193,2,2,0,0.0662005526,0.166666667,0,0.0293233253,0.0335670306
4039480859466,2.39553322e+14,0.7884558,1.273801,0.19193831,0.23853323,0.213971178,9,5,4,0.102243583,0.333333333,0,0.0562826952,0.0335670306
4039480859466,2.39553322e+14,0.7884558,1.273801,0.23853323,0.296439527,0.265914795,16,9,7,0.157910317,0.166666667,0,0.108028054,0.0335670306
4039480859466,2.39553322e+14,0.7884558,1.273801,0.296439527,0.36840315,0.330468237,22,17,5,0.243884921,0.416666667,0,0.207347222,0.0335670306
4039480859466,2.39553322e+14,0.7884558,1.273801,0.36840315,0.457836652,0.410692665,20,13,7,0.37666858,0.833333333,0,0.397978754,0.0335670306
4039480859466,2.39553322e+14,0.7884558,1.273801,0.457836652,0.56898102,0.510392364,22,17,5,0.581746581,0.833333333,0,0.763873696,0.0335670306
4039480859466,2.39553322e+14,0.7884558,1.273801,0.56898102,0.707106781,0.63429515,20,12,8,0.898479731,1.58333333,0,1.46616627,0.0335670306
4039480859466,2.39553322e+14,0.7884558,1.273801,0.707106781,0.878763934,0.788276561,29,18,11,1.38765891,3.16666667,0,2.81413476,0.0335670306
4039480859466,2.39553322e+14,0.7884558,1.273801,0.878763934,1.09209256,0.97963848,47,19,28,2.14317273,6.16666667,1,5.40140271,0.0335670306
4039480859466,2.39553322e+14,0.7884558,1.273801,1.09209256,1.35720881,1.21745539,41,15,26,3.31002763,9.66666667,5,10.3673611,0.0335670306
4039480859466,2.39553322e+14,0.7884558,1.273801,1.35720881,1.68668465,1.51300471,46,16,30,5.11217914,16.8333333,5,19.8989377,0.0335670306
4039480859466,2.39553322e+14,0.7884558,1.273801,1.68668465,2.096144,1.88030155,51,9,42,7.89551584,28.75,8,38.1936848,0.0335670306
4039480859466,2.39553322e+14,0.7884558,1.273801,2.096144,2.60500365,2.33676331,79,1,78,12.1942461,35.8333333,15,73.3083133,0.0335670306
4039480859466,2.39553322e+14,0.7884558,1.273801,2.60500365,3.23739401,2.90403568,108,0,108,18.833429,44,18,140.706738,0.0335670306
4039480859466,2.39553322e+14,0.7884558,1.273801,3.23739401,4.02330338,3.60901902,115,0,115,29.087329,81.0833333,22,270.070135,0.0335670306
4039480859466,2.39553322e+14,0.7884558,1.273801,4.02330338,5,4.48514402,181,0,181,44.9239866,109.916667,32,518.368055,0.0335670306
4039480874542,1.2525446e+14,0.7951315,1.0264108,0.1,0.124275987,0.11147914,0,0,0,0.0180198835,0,0,0.0041643648,0.0333878183
4039480874542,1.2525446e+14,0.7951315,1.0264108,0.124275987,0.15444521,0.138541802,2,2,0,0.0278308471,0.0833333333,0,0.00799301143,0.0333878183
4039480874542,1.2525446e+14,0.7951315,1.0264108,0.15444521,0.19193831,0.172174193,6,6,0,0.0429834104,0,0,0.0153416511,0.0333878183
4039480874542,1.2525446e+14,0.7951315,1.0264108,0.19193831,0.23853323,0.213971178,5,5,0,0.0663858186,0.166666667,0,0.0294465059,0.0333878183
4039480874542,1.2525446e+14,0.7951315,1.0264108,0.23853323,0.296439527,0.265914795,1,1,0,0.102529717,0.0833333333,0,0.0565191258,0.0333878183
4039480874542,1.2525446e+14,0.7951315,1.0264108,0.296439527,0.36840315,0.330468237,3,2,1,0.158352238,0.333333333,0,0.108481855,0.0333878183
4039480874542,1.2525446e+14,0.7951315,1.0264108,0.36840315,0.457836652,0.410692665,6,6,0,0.244567447,0.0833333333,0,0.20821824,0.0333878183
4039480874542,1.2525446e+14,0.7951315,1.0264108,0.457836652,0.56898102,0.510392364,13,12,1,0.377722708,0.583333333,0,0.399650571,0.0333878183
4039480874542,1.2525446e+14,0.7951315,1.0264108,0.56898102,0.707106781,0.63429515,7,3,4,0.583374631,2,0,0.767082554,0.0333878183
4039480874542,1.2525446e+14,0.7951315,1.0264108,0.707106781,0.878763934,0.788276561,12,7,5,0.900994177,1.58333333,0,1.47232529,0.0333878183
4039480874542,1.2525446e+14,0.7951315,1.0264108,0.878763934,1.09209256,0.97963848,12,6,6,1.39154235,2.66666667,4,2.82595629,0.0333878183
4039480874542,1.2525446e+14,0.7951315,1.0264108,1.09209256,1.35720881,1.21745539,15,4,11,2.14917052,3,6,5.42409276,0.0333878183
4039480874542,1.2525446e+14,0.7951315,1.0264108,1.35720881,1.68668465,1.51300471,34,7,27,3.31929093,5.83333333,9,10.410912,0.0333878183
4039480874542,1.2525446e+14,0.7951315,1.0264108,1.68668465,2.096144,1.88030155,47,7,40,5.12648586,7.58333333,4,19.9825286,0.0333878183
4039480874542,1.2525446e+14,0.7951315,1.0264108,2.096144,2.60500365,2.33676331,46,4,42,7.91761188,12.9166667,6,38.3541277,0.0333878183
4039480874542,1.2525446e+14,0.7951315,1.0264108,2.60500365,3.23739401,2.90403568,51,0,51,12.2283723,23.0833333,8,73.6162647,0.0333878183
4039480874542,1.2525446e+14,0.7951315,1.0264108,3.23739401,4.02330338,3.60901902,89,0,89,18.8861354,39.9166667,23,141.297815,0.0333878183
4039480874542,1.2525446e+14,0.7951315,1.0264108,4.02330338,5,4.48514402,178,0,178,29.1687316,58.5833333,35,271.204638,0.0333878183
4039480894799,1.62537733e+14,0.80734724,1.1209681,0.1,0.124275987,0.11147914,2,2,0,0.0214929516,0.0833333333,0,0.00542456464,0.0322816724
4039480894799,1.62537733e+14,0.80734724,1.1209681,0.124275987,0.15444521,0.138541802,1,1,0,0.0331948344,0.0833333333,0,0.0104118177,0.0322816724
4039480894799,1.62537733e+14,0.80734724,1.1209681,0.15444521,0.19193831,0.172174193,3,3,0,0.0512678319,0.0833333333,0,0.019984267,0.0322816724
4039480894799,1.62537733e+14,0.80734724,1.1209681,0.19193831,0.23853323,0.213971178,7,6,1,0.0791807108,0.0833333333,0,0.0383574644,0.0322816724
4039480894799,1.62537733e+14,0.80734724,1.1209681,0.23853323,0.296439527,0.265914795,10,9,1,0.122290816,0.333333333,0,0.0736226691,0.0322816724
4039480894799,1.62537733e+14,0.80734724,1.1209681,0.296439527,0.36840315,0.330468237,13,11,2,0.188872307,0.75,0,0.141310107,0.0322816724
4039480894799,1.62537733e+14,0.80734724,1.1209681,0.36840315,0.457836652,0.410692665,11,9,2,0.291704233,0.5,0,0.271228232,0.0322816724
4039480894799,1.62537733e+14,0.80734724,1.1209681,0.457836652,0.56898102,0.510392364,9,6,3,0.450523216,0.916666667,0,0.520590886,0.0322816724
4039480894799,1.62537733e+14,0.80734724,1.1209681,0.56898102,0.707106781,0.63429515,18,14,4,0.69581153,1.33333333,0,0.99921335,0.0322816724
4039480894799,1.62537733e+14,0.80734724,1.1209681,0.707106781,0.878763934,0.788276561,12,10,2,1.07464758,2.91666667,0,1.91787322,0.0322816724
4039480894799,1.62537733e+14,0.80734724,1.1209681,0.878763934,1.09209256,0.97963848,16,12,4,1.65974172,3.16666667,3,3.68113346,0.0322816724
4039480894799,1.62537733e+14,0.80734724,1.1209681,1.09209256,1.35720881,1.21745539,28,10,18,2.56339159,8.33333333,0,7.06550536,0.0322816724
4039480894799,1.62537733e+14,0.80734724,1.1209681,1.35720881,1.68668465,1.51300471,24,16,8,3.95903554,10.5833333,3,13.5614116,0.0322816724
4039480894799,1.62537733e+14,0.80734724,1.1209681,1.68668465,2.096144,1.88030155,34,7,27,6.11454078,17.5833333,4,26.0295443,0.0322816724
4039480894799,1.62537733e+14,0.80734724,1.1209681,2.096144,2.60500365,2.33676331,35,3,32,9.44361537,29.75,10,49.9606675,0.0322816724
4039480894799,1.62537733e+14,0.80734724,1.1209681,2.60500365,3.23739401,2.90403568,59,0,59,14.5852116,42.5,14,95.8936611,0.0322816724
4039480894799,1.62537733e+14,0.80734724,1.1209681,3.23739401,4.02330338,3.60901902,84,0,84,22.5261608,65.3333333,12,184.056673,0.0322816724
4039480894799,1.62537733e+14,0.80734724,1.1209681,4.02330338,5,4.48514402,123,0,123,34.7905765,101.5,33,353.275268,0.0322816724
4039480947894,1.17135409e+14,0.80953515,1.00304877,0.1,0.124275987,0.11147914,1,1,0,0.0172089215,0,0,0.00388643382,0.0320201712
4039480947894,1.17135409e+14,0.80953515,1.00304877,0.124275987,0.15444521,0.138541802,3,3,0,0.026578355,0,0,0.0074595554,0.0320201712
4039480947894,1.17135409e+14,0.80953515,1.00304877,0.15444521,0.19193831,0.172174193,1,1,0,0.0410489964,0.0833333333,0,0.0143177446,0.0320201712
4039480947894,1.17135409e+14,0.80953515,1.00304877,0.19193831,0.23853323,0.213971178,5,5,0,0.0633982088,0,0,0.0274812371,0.0320201712
4039480947894,1.17135409e+14,0.80953515,1.00304877,0.23853323,0.296439527,0.265914795,4,4,0,0.0979154971,0,0,0.0527470221,0.0320201712
4039480947894,1.17135409e+14,0.80953515,1.00304877,0.296439527,0.36840315,0.330468237,8,8,0,0.151225796,0.166666667,0,0.101241743,0.0320201712
4039480947894,1.17135409e+14,0.80953515,1.00304877,0.36840315,0.457836652,0.410692665,5,5,0,0.233560998,0.0833333333,0,0.194321691,0.0320201712
4039480947894,1.17135409e+14,0.80953515,1.00304877,0.457836652,0.56898102,0.510392364,9,7,2,0.360723775,0.416666667,0,0.37297777,0.0320201712
4039480947894,1.17135409e+14,0.80953515,1.00304877,0.56898102,0.707106781,0.63429515,7,5,2,0.557120594,1.41666667,0,0.71588723,0.0320201712
4039480947894,1.17135409e+14,0.80953515,1.00304877,0.707106781,0.878763934,0.788276561,16,14,2,0.860446075,1,0,1.37406185,0.0320201712
4039480947894,1.17135409e+14,0.80953515,1.00304877,0.878763934,1.09209256,0.97963848,18,8,10,1.32891775,2.83333333,0,2.63735111,0.0320201712
4039480947894,1.17135409e+14,0.80953515,1.00304877,1.09209256,1.35720881,1.21745539,30,6,24,2.05244982,4.58333333,3,5.06208715,0.0320201712
4039480947894,1.17135409e+14,0.80953515,1.00304877,1.35720881,1.68668465,1.51300471,27,4,23,3.16991044,5.83333333,3,9.71608454,0.0320201712
4039480947894,1.17135409e+14,0.80953515,1.00304877,1.68668465,2.096144,1.88030155,30,5,25,4.89577485,11.25,7,18.6488885,0.0320201712
4039480947894,1.17135409e+14,0.80953515,1.00304877,2.096144,2.60500365,2.33676331,37,1,36,7.56128978,16.5833333,8,35.7943615,0.0320201712
4039480947894,1.17135409e+14,0.80953515,1.00304877,2.60500365,3.23739401,2.90403568,56,0,56,11.6780499,26.25,8,68.7030927,0.0320201712
4039480947894,1.17135409e+14,0.80953515,1.00304877,3.23739401,4.02330338,3.60901902,80,0,80,18.0361888,36.1666667,19,131.867555,0.0320201712
4039480947894,1.17135409e+14,0.80953515,1.00304877,4.02330338,5,4.48514402,114,0,114,27.8560297,60.5,17,253.104357,0.0320201712
4039480955983,1.63284213e+14,0.812995,1.1206337,0.1,0.124275987,0.11147914,3,3,0,0.0214801303,0.0833333333,0,0.00541971143,0.0314434825
4039480955983,1.63284213e+14,0.812995,1.1206337,0.124275987,0.15444521,0.138541802,1,1,0,0.0331750324,0.0833333333,0,0.0104025025,0.0314434825
4039480955983,1.63284213e+14,0.812995,1.1206337,0.15444521,0.19193831,0.172174193,5,4,1,0.0512372486,0.25,0,0.0199663876,0.0314434825
4039480955983,1.63284213e+14,0.812995,1.1206337,0.19193831,0.23853323,0.213971178,6,6,0,0.0791334765,0.166666667,0,0.038323147,0.0314434825
4039480955983,1.63284213e+14,0.812995,1.1206337,0.23853323,0.296439527,0.265914795,6,5,1,0.122217864,0.25,0,0.0735568009,0.0314434825
4039480955983,1.63284213e+14,0.812995,1.1206337,0.296439527,0.36840315,0.330468237,8,8,0,0.188759638,0.333333333,0,0.141183681,0.0314434825
4039480955983,1.63284213e+14,0.812995,1.1206337,0.36840315,0.457836652,0.410692665,5,4,1,0.29153022,1.25,0,0.270985571,0.0314434825
4039480955983,1.63284213e+14,0.812995,1.1206337,0.457836652,0.56898102,0.510392364,9,8,1,0.450254462,1.33333333,0,0.520125127,0.0314434825
4039480955983,1.63284213e+14,0.812995,1.1206337,0.56898102,0.707106781,0.63429515,13,8,5,0.695396452,2.41666667,0,0.99831938,0.0314434825
4039480955983,1.63284213e+14,0.812995,1.1206337,0.707106781,0.878763934,0.788276561,12,11,1,1.07400651,2.16666667,0,1.91615735,0.0314434825
4039480955983,1.63284213e+14,0.812995,1.1206337,0.878763934,1.09209256,0.97963848,15,10,5,1.65875162,4.41666667,2,3.67784004,0.0314434825
4039480955983,1.63284213e+14,0.812995,1.1206337,1.09209256,1.35720881,1.21745539,17,9,8,2.56186243,7.16666667,2,7.05918404,0.0314434825
4039480955983,1.63284213e+14,0.812995,1.1206337,1.35720881,1.68668465,1.51300471,20,6,14,3.95667383,9,7,13.5492786,0.0314434825
4039480955983,1.63284213e+14,0.812995,1.1206337,1.68668465,2.096144,1.88030155,25,11,14,6.11089322,13.6666667,2,26.0062563,0.0314434825
4039480955983,1.63284213e+14,0.812995,1.1206337,2.096144,2.60500365,2.33676331,40,1,39,9.4379819,19.1666667,8,49.915969,0.0314434825
4039480955983,1.63284213e+14,0.812995,1.1206337,2.60500365,3.23739401,2.90403568,48,1,47,14.576511,34,10,95.8078675,0.0314434825
4039480955983,1.63284213e+14,0.812995,1.1206337,3.23739401,4.02330338,3.60901902,127,0,127,22.5127231,50.5,29,183.892002,0.0314434825
4039480955983,1.63284213e+14,0.812995,1.1206337,4.02330338,5,4.48514402,164,0,164,34.7698226,88.0833333,38,352.959202,0.0314434825
4039480966447,1.54029781e+14,0.8176577,1.0989622,0.1,0.124275987,0.11147914,5,5,0,0.0206573717,0,0,0.00511132377,0.0308882879
4039480966447,1.54029781e+14,0.8176577,1.0989622,0.124275987,0.15444521,0.138541802,2,2,0,0.0319043211,0.0833333333,0,0.00981058847,0.0308882879
4039480966447,1.54029781e+14,0.8176577,1.0989622,0.15444521,0.19193831,0.172174193,1,1,0,0.0492746959,0.0833333333,0,0.0188302778,0.0308882879
4039480966447,1.54029781e+14,0.8176577,1.0989622,0.19193831,0.23853323,0.213971178,2,2,0,0.0761024079,0.166666667,0,0.036142517,0.0308882879
4039480966447,1.54029781e+14,0.8176577,1.0989622,0.23853323,0.296439527,0.265914795,6,6,0,0.117536524,0.25,0,0.0693713364,0.0308882879
4039480966447,1.54029781e+14,0.8176577,1.0989622,0.296439527,0.36840315,0.330468237,7,7,0,0.181529532,0.25,0,0.133150171,0.0308882879
4039480966447,1.54029781e+14,0.8176577,1.0989622,0.36840315,0.457836652,0.410692665,9,7,2,0.280363668,0.5,0,0.255566188,0.0308882879
4039480966447,1.54029781e+14,0.8176577,1.0989622,0.457836652,0.56898102,0.510392364,8,6,2,0.433008257,0.916666667,0,0.490529424,0.0308882879
4039480966447,1.54029781e+14,0.8176577,1.0989622,0.56898102,0.707106781,0.63429515,9,6,3,0.668760514,1.66666667,0,0.941513888,0.0308882879
4039480966447,1.54029781e+14,0.8176577,1.0989622,0.707106781,0.878763934,0.788276561,17,12,5,1.03286858,1.58333333,0,1.80712585,0.0308882879
4039480966447,1.54029781e+14,0.8176577,1.0989622,0.878763934,1.09209256,0.97963848,19,11,8,1.59521606,2.16666667,1,3.46856682,0.0308882879
4039480966447,1.54029781e+14,0.8176577,1.0989622,1.09209256,1.35720881,1.21745539,34,13,21,2.4637348,5.33333333,3,6.65750855,0.0308882879
4039480966447,1.54029781e+14,0.8176577,1.0989622,1.35720881,1.68668465,1.51300471,37,11,26,3.80512039,8.08333333,3,12.7783094,0.0308882879
4039480966447,1.54029781e+14,0.8176577,1.0989622,1.68668465,2.096144,1.88030155,40,6,34,5.8768262,12.0833333,4,24.5264712,0.0308882879
4039480966447,1.54029781e+14,0.8176577,1.0989622,2.096144,2.60500365,2.33676331,39,4,35,9.0764766,18.5,5,47.0756944,0.0308882879
4039480966447,1.54029781e+14,0.8176577,1.0989622,2.60500365,3.23739401,2.90403568,62,0,62,14.0181834,25.8333333,11,90.3562924,0.0308882879
4039480966447,1.54029781e+14,0.8176577,1.0989622,3.23739401,4.02330338,3.60901902,73,0,73,21.6504128,43.5,12,173.428341,0.0308882879
4039480966447,1.54029781e+14,0.8176577,1.0989622,4.02330338,5,4.48514402,126,0,126,33.4380257,62.5,24,332.875427,0.0308882879
4039480974795,1.11867053e+14,0.81278044,0.9878127,0.1,0.124275987,0.11147914,2,1,1,0.0166900933,0,0,0.00371200834,0.0314833761
4039480974795,1.11867053e+14,0.81278044,0.9878127,0.124275987,0.15444521,0.138541802,3,3,0,0.0257770497,0,0,0.0071247661,0.0314833761
4039480974795,1.11867053e+14,0.81278044,0.9878127,0.15444521,0.19193831,0.172174193,6,5,1,0.0398114187,0,0,0.0136751557,0.0314833761
4039480974795,1.11867053e+14,0.81278044,0.9878127,0.19193831,0.23853323,0.213971178,5,5,0,0.0614868295,0,0,0.0262478627,0.0314833761
4039480974795,1.11867053e+14,0.81278044,0.9878127,0.23853323,0.296439527,0.265914795,2,0,2,0.0949634632,0.25,0,0.0503797042,0.0314833761
4039480974795,1.11867053e+14,0.81278044,0.9878127,0.296439527,0.36840315,0.330468237,6,5,1,0.146666521,0.416666667,0,0.096697953,0.0314833761
4039480974795,1.11867053e+14,0.81278044,0.9878127,0.36840315,0.457836652,0.410692665,4,2,2,0.226519417,0.583333333,0,0.185600417,0.0314833761
4039480974795,1.11867053e+14,0.81278044,0.9878127,0.457836652,0.56898102,0.510392364,5,1,4,0.34984839,0.666666667,0,0.356238305,0.0314833761
4039480974795,1.11867053e+14,0.81278044,0.9878127,0.56898102,0.707106781,0.63429515,9,1,8,0.540324082,1.16666667,0,0.683757783,0.0314833761
4039480974795,1.11867053e+14,0.81278044,0.9878127,0.707106781,0.878763934,0.788276561,15,5,10,0.834504666,2.33333333,0,1.31239314,0.0314833761
4039480974795,1.11867053e+14,0.81278044,0.9878127,0.878763934,1.09209256,0.97963848,11,6,5,1.28885249,3.91666667,1,2.51898521,0.0314833761
4039480974795,1.11867053e+14,0.81278044,0.9878127,1.09209256,1.35720881,1.21745539,19,8,11,1.99057094,7.5,4,4.83489765,0.0314833761
4039480974795,1.11867053e+14,0.81278044,0.9878127,1.35720881,1.68668465,1.51300471,33,5,28,3.07434147,9.25,3,9.28002086,0.0314833761
4039480974795,1.11867053e+14,0.81278044,0.9878127,1.68668465,2.096144,1.88030155,17,4,13,4.74817316,13.4166667,3,17.8119152,0.0314833761
4039480974795,1.11867053e+14,0.81278044,0.9878127,2.096144,2.60500365,2.33676331,35,3,32,7.33332603,20.5,11,34.1878892,0.0314833761
4039480974795,1.11867053e+14,0.81278044,0.9878127,2.60500365,3.23739401,2.90403568,51,0,51,11.3259708,27.9166667,11,65.6196568,0.0314833761
4039480974795,1.11867053e+14,0.81278044,0.9878127,3.23739401,4.02330338,3.60901902,67,0,67,17.4924195,44.4166667,13,125.949261,0.0314833761
4039480974795,1.11867053e+14,0.81278044,0.9878127,4.02330338,5,4.48514402,126,0,126,27.0162041,74.3333333,24,241.744883,0.0314833761
4039481002258,2.97463167e+14,0.82877386,1.3692035,0.1,0.124275987,0.11147914,4,4,0,0.0320660566,0,0,0.00988528351,0.0298434083
4039481002258,2.97463167e+14,0.82877386,1.3692035,0.124275987,0.15444521,0.138541802,8,8,0,0.0495244887,0,0,0.0189736461,0.0298434083
4039481002258,2.97463167e+14,0.82877386,1.3692035,0.15444521,0.19193831,0.172174193,8,8,0,0.0764882007,0.25,0,0.0364176958,0.0298434083
4039481002258,2.97463167e+14,0.82877386,1.3692035,0.19193831,0.23853323,0.213971178,8,5,3,0.118132363,0.0833333333,0,0.06989951,0.0298434083
4039481002258,2.97463167e+14,0.82877386,1.3692035,0.23853323,0.296439527,0.265914795,10,10,0,0.182449776,0.166666667,0,0.134163938,0.0298434083
4039481002258,2.97463167e+14,0.82877386,1.3692035,0.296439527,0.36840315,0.330468237,14,14,0,0.281784941,0.333333333,0,0.257511997,0.0298434083
4039481002258,2.97463167e+14,0.82877386,1.3692035,0.36840315,0.457836652,0.410692665,13,11,2,0.435203345,0.916666667,0,0.494264175,0.0298434083
4039481002258,2.97463167e+14,0.82877386,1.3692035,0.457836652,0.56898102,0.510392364,22,19,3,0.672150722,1.25,0,0.948682307,0.0298434083
4039481002258,2.97463167e+14,0.82877386,1.3692035,0.56898102,0.707106781,0.63429515,21,18,3,1.0381046,1.66666667,0,1.82088479,0.0298434083
4039481002258,2.97463167e+14,0.82877386,1.3692035,0.707106781,0.878763934,0.788276561,30,23,7,1.60330283,2.5,0,3.4949755,0.0298434083
4039481002258,2.97463167e+14,0.82877386,1.3692035,0.878763934,1.09209256,0.97963848,45,33,12,2.47622443,2.33333333,1,6.70819692,0.0298434083
4039481002258,2.97463167e+14,0.82877386,1.3692035,1.09209256,1.35720881,1.21745539,39,23,16,3.82441004,4,5,12.8755998,0.0298434083
4039481002258,2.97463167e+14,0.82877386,1.3692035,1.35720881,1.68668465,1.51300471,42,12,30,5.90661813,7.5,4,24.7132088,0.0298434083
4039481002258,2.97463167e+14,0.82877386,1.3692035,1.68668465,2.096144,1.88030155,35,12,23,9.12248881,8.75,4,47.4341153,0.0298434083
4039481002258,2.97463167e+14,0.82877386,1.3692035,2.096144,2.60500365,2.33676331,41,7,34,14.089247,17.0833333,9,91.0442395,0.0298434083
4039481002258,2.97463167e+14,0.82877386,1.3692035,2.60500365,3.23739401,2.90403568,77,0,77,21.7601672,22,11,174.748775,0.0298434083
4039481002258,2.97463167e+14,0.82877386,1.3692035,3.23739401,4.02330338,3.60901902,81,0,81,33.6075361,36.9166667,24,335.409846,0.0298434083
4039481002258,2.97463167e+14,0.82877386,1.3692035,4.02330338,5,4.48514402,180,0,180,51.9052299,65.8333333,36,643.779992,0.0298434083
4039490038687,1.15105267e+14,0.80839527,1.00176,0.1,0.124275987,0.11147914,0,0,0,0.017164728,0,0,0.00387147257,0.0322245706
4039490038687,1.15105267e+14,0.80839527,1.00176,0.124275987,0.15444521,0.138541802,0,0,0,0.0265101004,0.0833333333,0,0.00743083904,0.0322245706
4039490038687,1.15105267e+14,0.80839527,1.00176,0.15444521,0.19193831,0.172174193,3,3,0,0.0409435803,0,0,0.0142626269,0.0322245706
4039490038687,1.15105267e+14,0.80839527,1.00176,0.19193831,0.23853323,0.213971178,2,2,0,0.0632353988,0.166666667,0,0.0273754451,0.0322245706
4039490038687,1.15105267e+14,0.80839527,1.00176,0.23853323,0.296439527,0.265914795,4,3,1,0.0976640447,0.25,0,0.0525439667,0.0322245706
4039490038687,1.15105267e+14,0.80839527,1.00176,0.296439527,0.36840315,0.330468237,5,5,0,0.150837439,0.166666667,0,0.100852002,0.0322245706
4039490038687,1.15105267e+14,0.80839527,1.00176,0.36840315,0.457836652,0.410692665,5,4,1,0.232961201,0.5,0,0.193573629,0.0322245706
4039490038687,1.15105267e+14,0.80839527,1.00176,0.457836652,0.56898102,0.510392364,9,7,2,0.359797417,0.666666667,0,0.371541952,0.0322245706
4039490038687,1.15105267e+14,0.80839527,1.00176,0.56898102,0.707106781,0.63429515,5,4,1,0.555689878,1.08333333,0,0.713131345,0.0322245706
4039490038687,1.15105267e+14,0.80839527,1.00176,0.707106781,0.878763934,0.788276561,22,11,11,0.858236402,1.58333333,0,1.36877225,0.0322245706
4039490038687,1.15105267e+14,0.80839527,1.00176,0.878763934,1.09209256,0.97963848,19,5,14,1.32550502,2.25,0,2.62719834,0.0322245706
4039490038687,1.15105267e+14,0.80839527,1.00176,1.09209256,1.35720881,1.21745539,27,9,18,2.04717901,4.41666667,4,5.0426001,0.0322245706
4039490038687,1.15105267e+14,0.80839527,1.00176,1.35720881,1.68668465,1.51300471,19,7,12,3.16176994,5.33333333,3,9.67868143,0.0322245706
4039490038687,1.15105267e+14,0.80839527,1.00176,1.68668465,2.096144,1.88030155,23,2,21,4.88320224,10.9166667,5,18.5770976,0.0322245706
4039490038687,1.15105267e+14,0.80839527,1.00176,2.096144,2.60500365,2.33676331,35,3,32,7.54187197,15.25,6,35.6565672,0.0322245706
4039490038687,1.15105267e+14,0.80839527,1.00176,2.60500365,3.23739401,2.90403568,73,0,73,11.64806,23.8333333,7,68.4386127,0.0322245706
4039490038687,1.15105267e+14,0.80839527,1.00176,3.23739401,4.02330338,3.60901902,46,0,46,17.9898709,37.1666667,9,131.359917,0.0322245706
4039490038687,1.15105267e+14,0.80839527,1.00176,4.02330338,5,4.48514402,62,0,62,27.7844939,54.6666667,12,252.130005,0.0322245706
4039490207517,1.11896421e+14,0.839876,0.99360803,0.1,0.124275987,0.11147914,1,1,0,0.0168865037,0,0,0.00377772557,0.0295891049
4039490207517,1.11896421e+14,0.839876,0.99360803,0.124275987,0.15444521,0.138541802,1,1,0,0.0260803962,0,0,0.00725090262,0.0295891049
4039490207517,1.11896421e+14,0.839876,0.99360803,0.15444521,0.19193831,0.172174193,5,5,0,0.0402799228,0.25,0,0.01391726,0.0295891049
4039490207517,1.11896421e+14,0.839876,0.99360803,0.19193831,0.23853323,0.213971178,4,4,0,0.0622104115,0.0833333333,0,0.0267125537,0.0295891049
4039490207517,1.11896421e+14,0.839876,0.99360803,0.23853323,0.296439527,0.265914795,3,3,0,0.096081001,0.0833333333,0,0.0512716241,0.0295891049
4039490207517,1.11896421e+14,0.839876,0.99360803,0.296439527,0.36840315,0.330468237,4,4,0,0.148392504,0.166666667,0,0.0984098891,0.0295891049
4039490207517,1.11896421e+14,0.839876,0.99360803,0.36840315,0.457836652,0.410692665,5,5,0,0.229185115,0.416666667,0,0.188886278,0.0295891049
4039490207517,1.11896421e+14,0.839876,0.99360803,0.457836652,0.56898102,0.510392364,6,5,1,0.353965434,0.583333333,0,0.362545131,0.0295891049
4039490207517,1.11896421e+14,0.839876,0.99360803,0.56898102,0.707106781,0.63429515,5,5,0,0.54668266,0.583333333,0,0.695862999,0.0295891049
4039490207517,1.11896421e+14,0.839876,0.99360803,0.707106781,0.878763934,0.788276561,11,11,0,0.844325184,0.5,0,1.33562768,0.0295891049
4039490207517,1.11896421e+14,0.839876,0.99360803,0.878763934,1.09209256,0.97963848,11,9,2,1.30401981,2.41666667,1,2.56358121,0.0295891049
4039490207517,1.11896421e+14,0.839876,0.99360803,1.09209256,1.35720881,1.21745539,10,8,2,2.01399614,4.5,1,4.92049445,0.0295891049
4039490207517,1.11896421e+14,0.839876,0.99360803,1.35720881,1.68668465,1.51300471,15,7,8,3.11052057,6.5,1,9.44431392,0.0295891049
4039490207517,1.11896421e+14,0.839876,0.99360803,1.68668465,2.096144,1.88030155,19,7,12,4.80405005,6.91666667,5,18.1272566,0.0295891049
4039490207517,1.11896421e+14,0.839876,0.99360803,2.096144,2.60500365,2.33676331,28,4,24,7.41962521,14.25,3,34.79315,0.0295891049
4039490207517,1.11896421e+14,0.839876,0.99360803,2.60500365,3.23739401,2.90403568,19,0,19,11.4592558,22.6666667,5,66.7813841,0.0295891049
4039490207517,1.11896421e+14,0.839876,0.99360803,3.23739401,4.02330338,3.60901902,36,0,36,17.6982717,36.6666667,8,128.17906,0.0295891049
4039490207517,1.11896421e+14,0.839876,0.99360803,4.02330338,5,4.48514402,44,0,44,27.334133,52.4166667,10,246.024723,0.0295891049
4039490429802,1.21194859e+14,0.8538139,1.0190721,0.1,0.124275987,0.11147914,2,2,0,0.0177631252,0,0,0.00407567798,0.0295454239
4039490429802,1.21194859e+14,0.8538139,1.0190721,0.124275987,0.15444521,0.138541802,0,0,0,0.0274342961,0.0833333333,0,0.00782278744,0.0295454239
4039490429802,1.21194859e+14,0.8538139,1.0190721,0.15444521,0.19193831,0.172174193,6,6,0,0.0423709564,0,0,0.015014926,0.0295454239
4039490429802,1.21194859e+14,0.8538139,1.0190721,0.19193831,0.23853323,0.213971178,3,3,0,0.0654399128,0.0833333333,0,0.0288193953,0.0295454239
4039490429802,1.21194859e+14,0.8538139,1.0190721,0.23853323,0.296439527,0.265914795,2,2,0,0.101068811,0,0,0.0553154605,0.0295454239
4039490429802,1.21194859e+14,0.8538139,1.0190721,0.296439527,0.36840315,0.330468237,7,7,0,0.156095938,0.166666667,0,0.10617156,0.0295454239
4039490429802,1.21194859e+14,0.8538139,1.0190721,0.36840315,0.457836652,0.410692665,10,9,1,0.2410827,0.333333333,0,0.203783899,0.0295454239
4039490429802,1.21194859e+14,0.8538139,1.0190721,0.457836652,0.56898102,0.510392364,13,11,2,0.372340684,1.41666667,0,0.391139372,0.0295454239
4039490429802,1.21194859e+14,0.8538139,1.0190721,0.56898102,0.707106781,0.63429515,10,7,3,0.575062353,1.33333333,0,0.750746302,0.0295454239
4039490429802,1.21194859e+14,0.8538139,1.0190721,0.707106781,0.878763934,0.788276561,13,9,4,0.888156261,2.33333333,0,1.44096977,0.0295454239
4039490429802,1.21194859e+14,0.8538139,1.0190721,0.878763934,1.09209256,0.97963848,20,5,15,1.37171481,2.5,2,2.76577302,0.0295454239
4039490429802,1.21194859e+14,0.8538139,1.0190721,1.09209256,1.35720881,1.21745539,21,10,11,2.11854782,2.66666667,5,5.30857801,0.0295454239
4039490429802,1.21194859e+14,0.8538139,1.0190721,1.35720881,1.68668465,1.51300471,36,11,25,3.27199564,5.25,3,10.1891949,0.0295454239
4039490429802,1.21194859e+14,0.8538139,1.0190721,1.68668465,2.096144,1.88030155,46,6,40,5.05344056,7.33333333,5,19.5569686,0.0295454239
4039490429802,1.21194859e+14,0.8538139,1.0190721,2.096144,2.60500365,2.33676331,48,5,43,7.8047969,14,7,37.5373151,0.0295454239
4039490429802,1.21194859e+14,0.8538139,1.0190721,2.60500365,3.23739401,2.90403568,44,2,42,12.054135,22.3333333,10,72.0484884,0.0295454239
4039490429802,1.21194859e+14,0.8538139,1.0190721,3.23739401,4.02330338,3.60901902,80,0,80,18.6170342,34.5,15,138.288651,0.0295454239
4039490429802,1.21194859e+14,0.8538139,1.0190721,4.02330338,5,4.48514402,118,0,118,28.7531176,41.8333333,29,265.428901,0.0295454239
4039490652682,1.93135095e+14,0.85356414,1.1902292,0.1,0.124275987,0.11147914,3,3,0,0.0242309675,0.0833333333,0,0.00649347136,0.0295473403
4039490652682,1.93135095e+14,0.85356414,1.1902292,0.124275987,0.15444521,0.138541802,5,5,0,0.0374235688,0,0,0.0124634592,0.0295473403
4039490652682,1.93135095e+14,0.85356414,1.1902292,0.15444521,0.19193831,0.172174193,4,4,0,0.0577989096,0.166666667,0,0.023922153,0.0295473403
4039490652682,1.93135095e+14,0.85356414,1.1902292,0.19193831,0.23853323,0.213971178,2,2,0,0.0892676475,0.25,0,0.0459157763,0.0295473403
4039490652682,1.93135095e+14,0.85356414,1.1902292,0.23853323,0.296439527,0.265914795,9,8,1,0.137869606,0.333333333,0,0.0881299652,0.0295473403
4039490652682,1.93135095e+14,0.85356414,1.1902292,0.296439527,0.36840315,0.330468237,6,6,0,0.212933003,0,0,0.169155166,0.0295473403
4039490652682,1.93135095e+14,0.85356414,1.1902292,0.36840315,0.457836652,0.410692665,9,8,1,0.328864825,0.5,0,0.324673568,0.0295473403
4039490652682,1.93135095e+14,0.85356414,1.1902292,0.457836652,0.56898102,0.510392364,12,8,4,0.507915972,0.833333333,0,0.623172961,0.0295473403
4039490652682,1.93135095e+14,0.85356414,1.1902292,0.56898102,0.707106781,0.63429515,12,7,5,0.784451892,0.833333333,0,1.19610765,0.0295473403
4039490652682,1.93135095e+14,0.85356414,1.1902292,0.707106781,0.878763934,0.788276561,14,9,5,1.21154838,1.41666667,0,2.29578882,0.0295473403
4039490652682,1.93135095e+14,0.85356414,1.1902292,0.878763934,1.09209256,0.97963848,34,10,24,1.87117844,1.08333333,2,4.40649826,0.0295473403
4039490652682,1.93135095e+14,0.85356414,1.1902292,1.09209256,1.35720881,1.21745539,52,15,37,2.88994548,3.33333333,5,8.45775831,0.0295473403
4039490652682,1.93135095e+14,0.85356414,1.1902292,1.35720881,1.68668465,1.51300471,83,13,70,4.46338238,5.91666667,8,16.2336784,0.0295473403
4039490652682,1.93135095e+14,0.85356414,1.1902292,1.68668465,2.096144,1.88030155,83,16,67,6.89348031,11.25,9,31.158648,0.0295473403
4039490652682,1.93135095e+14,0.85356414,1.1902292,2.096144,2.60500365,2.33676331,77,11,66,10.6466502,16.5,7,59.8053826,0.0295473403
4039490652682,1.93135095e+14,0.85356414,1.1902292,2.60500365,3.23739401,2.90403568,118,0,118,16.4432413,28.4166667,14,114.789441,0.0295473403
4039490652682,1.93135095e+14,0.85356414,1.1902292,3.23739401,4.02330338,3.60901902,111,0,111,25.3957986,43.9166667,17,220.324913,0.0295473403
4039490652682,1.93135095e+14,0.85356414,1.1902292,4.02330338,5,4.48514402,119,0,119,39.2225946,77.1666667,26,422.887916,0.0295473403
4039490667186,2.25821973e+14,0.86893624,1.2545396,0.1,0.124275987,0.11147914,4,4,0,0.0269202013,0,0,0.00760393246,0.029877886
4039490667186,2.25821973e+14,0.86893624,1.2545396,0.124275987,0.15444521,0.138541802,4,4,0,0.0415769616,0,0,0.0145948595,0.029877886
4039490667186,2.25821973e+14,0.86893624,1.2545396,0.15444521,0.19193831,0.172174193,5,5,0,0.0642136258,0.166666667,0,0.0280131267,0.029877886
4039490667186,2.25821973e+14,0.86893624,1.2545396,0.19193831,0.23853323,0.213971178,8,8,0,0.0991748695,0.333333333,0,0.0537679221,0.029877886
4039490667186,2.25821973e+14,0.86893624,1.2545396,0.23853323,0.296439527,0.265914795,8,8,0,0.153170836,0.25,0,0.103201241,0.029877886
4039490667186,2.25821973e+14,0.86893624,1.2545396,0.296439527,0.36840315,0.330468237,12,12,0,0.23656502,0.25,0,0.198082719,0.029877886
4039490667186,2.25821973e+14,0.86893624,1.2545396,0.36840315,0.457836652,0.410692665,11,11,0,0.365363343,0.333333333,0,0.380196623,0.029877886
4039490667186,2.25821973e+14,0.86893624,1.2545396,0.457836652,0.56898102,0.510392364,12,9,3,0.564286184,1.08333333,0,0.729742975,0.029877886
4039490667186,2.25821973e+14,0.86893624,1.2545396,0.56898102,0.707106781,0.63429515,18,17,1,0.871512985,1.5,0,1.40065634,0.029877886
4039490667186,2.25821973e+14,0.86893624,1.2545396,0.707106781,0.878763934,0.788276561,15,9,6,1.34601006,2.58333333,0,2.6883961,0.029877886
4039490667186,2.25821973e+14,0.86893624,1.2545396,0.878763934,1.09209256,0.97963848,37,21,16,2.07884808,3.66666667,1,5.16006206,0.029877886
4039490667186,2.25821973e+14,0.86893624,1.2545396,1.09209256,1.35720881,1.21745539,35,11,24,3.21068129,6.66666667,6,9.90413593,0.029877886
4039490667186,2.25821973e+14,0.86893624,1.2545396,1.35720881,1.68668465,1.51300471,49,11,38,4.95874348,9.33333333,6,19.0098312,0.029877886
4039490667186,2.25821973e+14,0.86893624,1.2545396,1.68668465,2.096144,1.88030155,71,3,68,7.6585418,12.6666667,8,36.4871487,0.029877886
4039490667186,2.25821973e+14,0.86893624,1.2545396,2.096144,2.60500365,2.33676331,74,1,73,11.828251,29.5833333,12,70.0328168,0.029877886
4039490667186,2.25821973e+14,0.86893624,1.2545396,2.60500365,3.23739401,2.90403568,99,0,99,18.2681672,34.75,19,134.419805,0.029877886
4039490667186,2.25821973e+14,0.86893624,1.2545396,3.23739401,4.02330338,3.60901902,138,0,138,28.2143092,55.4166667,27,258.003103,0.029877886
4039490667186,2.25821973e+14,0.86893624,1.2545396,4.02330338,5,4.48514402,212,0,212,43.5756493,90.5833333,41,495.206797,0.029877886
4039490795473,1.36567764e+14,0.8533102,1.0607567,0.1,0.124275987,0.11147914,2,2,0,0.0192460283,0.0833333333,0,0.00459655518,0.0295461528
4039490795473,1.36567764e+14,0.8533102,1.0607567,0.124275987,0.15444521,0.138541802,1,1,0,0.029724569,0.166666667,0,0.00882255035,0.0295461528
4039490795473,1.36567764e+14,0.8533102,1.0607567,0.15444521,0.19193831,0.172174193,3,2,1,0.0459081731,0.0833333333,0,0.0169338541,0.0295461528
4039490795473,1.36567764e+14,0.8533102,1.0607567,0.19193831,0.23853323,0.213971178,4,4,0,0.0709029746,0.333333333,0,0.0325025534,0.0295461528
4039490795473,1.36567764e+14,0.8533102,1.0607567,0.23853323,0.296439527,0.265914795,6,6,0,0.109506248,0.0833333333,0,0.0623848518,0.0295461528
4039490795473,1.36567764e+14,0.8533102,1.0607567,0.296439527,0.36840315,0.330468237,6,6,0,0.169127156,0.166666667,0,0.11974043,0.0295461528
4039490795473,1.36567764e+14,0.8533102,1.0607567,0.36840315,0.457836652,0.410692665,5,4,1,0.261208792,1,0,0.229827759,0.0295461528
4039490795473,1.36567764e+14,0.8533102,1.0607567,0.457836652,0.56898102,0.510392364,4,4,0,0.403424468,1.5,0,0.441127517,0.0295461528
4039490795473,1.36567764e+14,0.8533102,1.0607567,0.56898102,0.707106781,0.63429515,15,12,3,0.62306977,1.16666667,0,0.846692703,0.0295461528
4039490795473,1.36567764e+14,0.8533102,1.0607567,0.707106781,0.878763934,0.788276561,11,6,5,0.962301417,2.08333333,0,1.62512767,0.0295461528
4039490795473,1.36567764e+14,0.8533102,1.0607567,0.878763934,1.09209256,0.97963848,18,10,8,1.48622845,4.08333333,1,3.11924259,0.0295461528
4039490795473,1.36567764e+14,0.8533102,1.0607567,1.09209256,1.35720881,1.21745539,36,10,26,2.29540866,4.83333333,1,5.98702152,0.0295461528
4039490795473,1.36567764e+14,0.8533102,1.0607567,1.35720881,1.68668465,1.51300471,36,7,29,3.54514873,7.66666667,2,11.491388,0.0295461528
4039490795473,1.36567764e+14,0.8533102,1.0607567,1.68668465,2.096144,1.88030155,46,2,44,5.47531242,12.0833333,8,22.0563759,0.0295461528
4039490795473,1.36567764e+14,0.8533102,1.0607567,2.096144,2.60500365,2.33676331,71,1,70,8.45635779,14.9166667,4,42.3346352,0.0295461528
4039490795473,1.36567764e+14,0.8533102,1.0607567,2.60500365,3.23739401,2.90403568,79,0,79,13.0604396,24.9166667,11,81.2563834,0.0295461528
4039490795473,1.36567764e+14,0.8533102,1.0607567,3.23739401,4.02330338,3.60901902,58,0,58,20.1712234,40.1666667,13,155.962129,0.0295461528
4039490795473,1.36567764e+14,0.8533102,1.0607567,4.02330338,5,4.48514402,108,0,108,31.1534885,59.5833333,25,299.351076,0.0295461528
4039490812074,1.80746209e+14,0.8651046,1.1656678,0.1,0.124275987,0.11147914,1,1,0,0.0232412324,0,0,0.00609971476,0.0297820972
4039490812074,1.80746209e+14,0.8651046,1.1656678,0.124275987,0.15444521,0.138541802,3,3,0,0.0358949703,0.0833333333,0,0.0117076895,0.0297820972
4039490812074,1.80746209e+14,0.8651046,1.1656678,0.15444521,0.19193831,0.172174193,5,5,0,0.0554380625,0.0833333333,0,0.0224715413,0.0297820972
4039490812074,1.80746209e+14,0.8651046,1.1656678,0.19193831,0.23853323,0.213971178,8,8,0,0.0856214323,0.25,0,0.0431314967,0.0297820972
4039490812074,1.80746209e+14,0.8651046,1.1656678,0.23853323,0.296439527,0.265914795,3,3,0,0.132238201,0.166666667,0,0.082785866,0.0297820972
4039490812074,1.80746209e+14,0.8651046,1.1656678,0.296439527,0.36840315,0.330468237,2,2,0,0.204235568,0.333333333,0,0.158897793,0.0297820972
4039490812074,1.80746209e+14,0.8651046,1.1656678,0.36840315,0.457836652,0.410692665,9,9,0,0.315432053,0.0833333333,0,0.304985738,0.0297820972
4039490812074,1.80746209e+14,0.8651046,1.1656678,0.457836652,0.56898102,0.510392364,20,17,3,0.487169699,1.16666667,0,0.585384473,0.0297820972
4039490812074,1.80746209e+14,0.8651046,1.1656678,0.56898102,0.707106781,0.63429515,12,11,1,0.752410267,1.41666667,0,1.12357707,0.0297820972
4039490812074,1.80746209e+14,0.8651046,1.1656678,0.707106781,0.878763934,0.788276561,16,12,4,1.16206162,1.33333333,0,2.15657484,0.0297820972
4039490812074,1.80746209e+14,0.8651046,1.1656678,0.878763934,1.09209256,0.97963848,34,21,13,1.79474852,2.58333333,1,4.1392933,0.0297820972
4039490812074,1.80746209e+14,0.8651046,1.1656678,1.09209256,1.35720881,1.21745539,30,14,16,2.77190312,5.58333333,9,7.94488963,0.0297820972
4039490812074,1.80746209e+14,0.8651046,1.1656678,1.35720881,1.68668465,1.51300471,18,6,12,4.28107161,7.25,5,15.2492869,0.0297820972
4039490812074,1.80746209e+14,0.8651046,1.1656678,1.68668465,2.096144,1.88030155,42,9,33,6.61191006,13.1666667,8,29.2692236,0.0297820972
4039490812074,1.80746209e+14,0.8651046,1.1656678,2.096144,2.60500365,2.33676331,58,1,57,10.2117784,20.75,3,56.1788533,0.0297820972
4039490812074,1.80746209e+14,0.8651046,1.1656678,2.60500365,3.23739401,2.90403568,44,0,44,15.7716027,27.5833333,12,107.828742,0.0297820972
4039490812074,1.80746209e+14,0.8651046,1.1656678,3.23739401,4.02330338,3.60901902,66,0,66,24.3584849,41.9166667,14,206.964665,0.0297820972
4039490812074,1.80746209e+14,0.8651046,1.1656678,4.02330338,5,4.48514402,99,0,99,37.6205133,79,25,397.244481,0.0297820972
4039490869530,1.44537719e+14,0.87231886,1.0819751,0.1,0.124275987,0.11147914,0,0,0,0.0200236888,0,0,0.0048779453,0.0299784829
4039490869530,1.44537719e+14,0.87231886,1.0819751,0.124275987,0.15444521,0.138541802,4,4,0,0.0309256283,0.5,0,0.00936264579,0.0299784829
4039490869530,1.44537719e+14,0.87231886,1.0819751,0.15444521,0.19193831,0.172174193,3,3,0,0.0477631517,0.166666667,0,0.0179705041,0.0299784829
4039490869530,1.44537719e+14,0.87231886,1.0819751,0.19193831,0.23853323,0.213971178,8,8,0,0.0737679002,0.166666667,0,0.034492282,0.0299784829
4039490869530,1.44537719e+14,0.87231886,1.0819751,0.23853323,0.296439527,0.265914795,4,4,0,0.113930989,0.333333333,0,0.0662039033,0.0299784829
4039490869530,1.44537719e+14,0.87231886,1.0819751,0.296439527,0.36840315,0.330468237,9,9,0,0.175960955,0.583333333,0,0.127070653,0.0299784829
4039490869530,1.44537719e+14,0.87231886,1.0819751,0.36840315,0.457836652,0.410692665,2,2,0,0.271763268,0.583333333,0,0.243897265,0.0299784829
4039490869530,1.44537719e+14,0.87231886,1.0819751,0.457836652,0.56898102,0.510392364,9,8,1,0.419725351,0.75,0,0.46813229,0.0299784829
4039490869530,1.44537719e+14,0.87231886,1.0819751,0.56898102,0.707106781,0.63429515,8,5,3,0.648245702,0.75,0,0.898525207,0.0299784829
4039490869530,1.44537719e+14,0.87231886,1.0819751,0.707106781,0.878763934,0.788276561,9,5,4,1.00118444,1.91666667,0,1.7246141,0.0299784829
4039490869530,1.44537719e+14,0.87231886,1.0819751,0.878763934,1.09209256,0.97963848,15,8,7,1.54628141,2.5,0,3.31019517,0.0299784829
4039490869530,1.44537719e+14,0.87231886,1.0819751,1.09209256,1.35720881,1.21745539,22,10,12,2.38815758,3.91666667,9,6.35353267,0.0299784829
4039490869530,1.44537719e+14,0.87231886,1.0819751,1.35720881,1.68668465,1.51300471,19,6,13,3.68839501,6.83333333,5,12.1948633,0.0299784829
4039490869530,1.44537719e+14,0.87231886,1.0819751,1.68668465,2.096144,1.88030155,26,11,15,5.69654943,7.91666667,3,23.4066145,0.0299784829
4039490869530,1.44537719e+14,0.87231886,1.0819751,2.096144,2.60500365,2.33676331,35,2,33,8.79804776,15.75,1,44.9262604,0.0299784829
4039490869530,1.44537719e+14,0.87231886,1.0819751,2.60500365,3.23739401,2.90403568,38,1,37,13.5881634,28.5833333,12,86.230705,0.0299784829
4039490869530,1.44537719e+14,0.87231886,1.0819751,3.23739401,4.02330338,3.60901902,53,0,53,20.9862675,33.0833333,18,165.509758,0.0299784829
4039490869530,1.44537719e+14,0.87231886,1.0819751,4.02330338,5,4.48514402,85,0,85,32.4122851,52.0833333,22,317.676634,0.0299784829
4039500657382,1.00538453e+14,0.9488008,0.9617642,0.1,0.124275987,0.11147914,0,0,0,0.0158214677,0,0,0.00342602832,0.0280669589
4039500657382,1.00538453e+14,0.9488008,0.9617642,0.124275987,0.15444521,0.138541802,2,2,0,0.0244354991,0,0,0.00657586088,0.0280669589
4039500657382,1.00538453e+14,0.9488008,0.9617642,0.15444521,0.19193831,0.172174193,5,5,0,0.0377394579,0,0,0.0126215963,0.0280669589
4039500657382,1.00538453e+14,0.9488008,0.9617642,0.19193831,0.23853323,0.213971178,5,5,0,0.0582867853,0,0,0.0242256786,0.0280669589
4039500657382,1.00538453e+14,0.9488008,0.9617642,0.23853323,0.296439527,0.265914795,2,1,1,0.0900211482,0.0833333333,0,0.0464983582,0.0280669589
4039500657382,1.00538453e+14,0.9488008,0.9617642,0.296439527,0.36840315,0.330468237,2,1,1,0.139033352,0.5,0,0.089248163,0.0280669589
4039500657382,1.00538453e+14,0.9488008,0.9617642,0.36840315,0.457836652,0.410692665,5,5,0,0.214730353,0.166666667,0,0.171301416,0.0280669589
4039500657382,1.00538453e+14,0.9488008,0.9617642,0.457836652,0.56898102,0.510392364,7,7,0,0.331640746,0.583333333,0,0.328793044,0.0280669589
4039500657382,1.00538453e+14,0.9488008,0.9617642,0.56898102,0.707106781,0.63429515,8,6,2,0.512203247,0.416666667,0,0.631079813,0.0280669589
4039500657382,1.00538453e+14,0.9488008,0.9617642,0.707106781,0.878763934,0.788276561,9,5,4,0.791073384,1.91666667,0,1.21128393,0.0280669589
4039500657382,1.00538453e+14,0.9488008,0.9617642,0.878763934,1.09209256,0.97963848,11,4,7,1.22177495,2.41666667,2,2.32491791,0.0280669589
4039500657382,1.00538453e+14,0.9488008,0.9617642,1.09209256,1.35720881,1.21745539,18,5,13,1.8869729,3.33333333,3,4.46240815,0.0280669589
4039500657382,1.00538453e+14,0.9488008,0.9617642,1.35720881,1.68668465,1.51300471,24,3,21,2.91433926,5.5,3,8.56507081,0.0280669589
4039500657382,1.00538453e+14,0.9488008,0.9617642,1.68668465,2.096144,1.88030155,17,1,16,4.50105741,7.83333333,8,16.4396522,0.0280669589
4039500657382,1.00538453e+14,0.9488008,0.9617642,2.096144,2.60500365,2.33676331,30,3,27,6.95166759,13.75,8,31.5539906,0.0280669589
4039500657382,1.00538453e+14,0.9488008,0.9617642,2.60500365,3.23739401,2.90403568,27,0,27,10.7365176,18.9166667,9,60.5641965,0.0280669589
4039500657382,1.00538453e+14,0.9488008,0.9617642,3.23739401,4.02330338,3.60901902,54,0,54,16.5820373,26.4166667,11,116.245895,0.0280669589
4039500657382,1.00538453e+14,0.9488008,0.9617642,4.02330338,5,4.48514402,81,0,81,25.6101624,43.0833333,12,223.120408,0.0280669589
4040460544422,1.05105441e+14,0.7112933,0.9616579,0.1,0.124275987,0.11147914,1,1,0,0.0158179705,0.0833333333,0,0.00342489245,0.0371577022
4040460544422,1.05105441e+14,0.7112933,0.9616579,0.124275987,0.15444521,0.138541802,7,7,0,0.0244300978,0,0,0.0065736807,0.0371577022
4040460544422,1.05105441e+14,0.7112933,0.9616579,0.15444521,0.19193831,0.172174193,7,7,0,0.037731116,0.166666667,0,0.0126174117,0.0371577022
4040460544422,1.05105441e+14,0.7112933,0.9616579,0.19193831,0.23853323,0.213971178,6,6,0,0.0582739016,0.25,0,0.0242176468,0.0371577022
4040460544422,1.05105441e+14,0.7112933,0.9616579,0.23853323,0.296439527,0.265914795,7,7,0,0.0900012499,0.25,0,0.046482942,0.0371577022
4040460544422,1.05105441e+14,0.7112933,0.9616579,0.296439527,0.36840315,0.330468237,3,3,0,0.13900262,0.25,0,0.0892185735,0.0371577022
4040460544422,1.05105441e+14,0.7112933,0.9616579,0.36840315,0.457836652,0.410692665,1,1,0,0.214682889,1,0,0.171244623,0.0371577022
4040460544422,1.05105441e+14,0.7112933,0.9616579,0.457836652,0.56898102,0.510392364,8,8,0,0.33156744,0.666666667,0,0.328684035,0.0371577022
4040460544422,1.05105441e+14,0.7112933,0.9616579,0.56898102,0.707106781,0.63429515,15,14,1,0.51209003,1.41666667,0,0.630870584,0.0371577022
4040460544422,1.05105441e+14,0.7112933,0.9616579,0.707106781,0.878763934,0.788276561,12,10,2,0.790898525,2.5,0,1.21088234,0.0371577022
4040460544422,1.05105441e+14,0.7112933,0.9616579,0.878763934,1.09209256,0.97963848,10,3,7,1.22150489,4.83333333,0,2.3241471,0.0371577022
4040460544422,1.05105441e+14,0.7112933,0.9616579,1.09209256,1.35720881,1.21745539,14,10,4,1.8865558,5.33333333,1,4.46092868,0.0371577022
4040460544422,1.05105441e+14,0.7112933,0.9616579,1.35720881,1.68668465,1.51300471,10,4,6,2.91369508,6.08333333,5,8.56223113,0.0371577022
4040460544422,1.05105441e+14,0.7112933,0.9616579,1.68668465,2.096144,1.88030155,9,1,8,4.5000625,10.3333333,5,16.4342018,0.0371577022
4040460544422,1.05105441e+14,0.7112933,0.9616579,2.096144,2.60500365,2.33676331,9,0,9,6.950131,23.0833333,3,31.5435292,0.0371577022
4040460544422,1.05105441e+14,0.7112933,0.9616579,2.60500365,3.23739401,2.90403568,17,0,17,10.7341444,33,3,60.5441169,0.0371577022
4040460544422,1.05105441e+14,0.7112933,0.9616579,3.23739401,4.02330338,3.60901902,39,0,39,16.578372,52.75,8,116.207355,0.0371577022
4040460544422,1.05105441e+14,0.7112933,0.9616579,4.02330338,5,4.48514402,31,0,31,25.6045015,77.5,17,223.046434,0.0371577022
4040480451002,2.38807079e+14,0.7921682,1.2745763,0.1,0.124275987,0.11147914,4,4,0,0.0277869725,0.0833333333,0,0.00797411774,0.0334497143
4040480451002,2.38807079e+14,0.7921682,1.2745763,0.124275987,0.15444521,0.138541802,15,14,1,0.0429156482,0.25,0,0.0153053869,0.0334497143
4040480451002,2.38807079e+14,0.7921682,1.2745763,0.15444521,0.19193831,0.172174193,8,7,1,0.0662811632,0.0833333333,0,0.0293769009,0.0334497143
4040480451002,2.38807079e+14,0.7921682,1.2745763,0.19193831,0.23853323,0.213971178,11,10,1,0.102368082,0.333333333,0,0.0563855273,0.0334497143
4040480451002,2.38807079e+14,0.7921682,1.2745763,0.23853323,0.296439527,0.265914795,3,2,1,0.1581026,0.583333333,0,0.108225428,0.0334497143
4040480451002,2.38807079e+14,0.7921682,1.2745763,0.296439527,0.36840315,0.330468237,11,8,3,0.244181893,0.75,0,0.207726058,0.0334497143
4040480451002,2.38807079e+14,0.7921682,1.2745763,0.36840315,0.457836652,0.410692665,19,15,4,0.377127238,1.5,0,0.398705887,0.0334497143
4040480451002,2.38807079e+14,0.7921682,1.2745763,0.457836652,0.56898102,0.510392364,19,16,3,0.582454957,2.25,0,0.765269343,0.0334497143
4040480451002,2.38807079e+14,0.7921682,1.2745763,0.56898102,0.707106781,0.63429515,9,8,1,0.899573785,2.66666667,0,1.46884505,0.0334497143
4040480451002,2.38807079e+14,0.7921682,1.2745763,0.707106781,0.878763934,0.788276561,14,12,2,1.38934863,4.16666667,0,2.81927636,0.0334497143
4040480451002,2.38807079e+14,0.7921682,1.2745763,0.878763934,1.09209256,0.97963848,23,13,10,2.14578241,6.16666667,1,5.41127142,0.0334497143
4040480451002,2.38807079e+14,0.7921682,1.2745763,1.09209256,1.35720881,1.21745539,32,14,18,3.31405816,7.83333333,5,10.3863029,0.0334497143
4040480451002,2.38807079e+14,0.7921682,1.2745763,1.35720881,1.68668465,1.51300471,39,13,26,5.1184041,11.8333333,7,19.9352943,0.0334497143
4040480451002,2.38807079e+14,0.7921682,1.2745763,1.68668465,2.096144,1.88030155,37,9,28,7.90512998,19.9166667,9,38.2634671,0.0334497143
4040480451002,2.38807079e+14,0.7921682,1.2745763,2.096144,2.60500365,2.33676331,45,2,43,12.2090946,29.9166667,14,73.4422523,0.0334497143
4040480451002,2.38807079e+14,0.7921682,1.2745763,2.60500365,3.23739401,2.90403568,70,0,70,18.8563619,46.25,27,140.963818,0.0334497143
4040480451002,2.38807079e+14,0.7921682,1.2745763,3.23739401,4.02330338,3.60901902,76,0,76,29.1227479,67.5,36,270.563571,0.0334497143
4040480451002,2.38807079e+14,0.7921682,1.2745763,4.02330338,5,4.48514402,132,0,132,44.9786892,113.75,48,519.315146,0.0334497143
4040480479116,1.51195267e+14,0.8077241,1.0939237,0.1,0.124275987,0.11147914,2,1,1,0.0204683869,0,0,0.00504134271,0.0322681099
4040480479116,1.51195267e+14,0.8077241,1.0939237,0.124275987,0.15444521,0.138541802,3,2,1,0.0316124432,0,0,0.00967626802,0.0322681099
4040480479116,1.51195267e+14,0.8077241,1.0939237,0.15444521,0.19193831,0.172174193,3,3,0,0.0488239044,0.0833333333,0,0.0185724653,0.0322681099
4040480479116,1.51195267e+14,0.8077241,1.0939237,0.19193831,0.23853323,0.213971178,0,0,0,0.0754061819,0.166666667,0,0.0356476762,0.0322681099
4040480479116,1.51195267e+14,0.8077241,1.0939237,0.23853323,0.296439527,0.265914795,6,6,0,0.116461236,0.166666667,0,0.0684215473,0.0322681099
4040480479116,1.51195267e+14,0.8077241,1.0939237,0.296439527,0.36840315,0.330468237,13,12,1,0.179868802,0.5,0,0.131327162,0.0322681099
4040480479116,1.51195267e+14,0.8077241,1.0939237,0.36840315,0.457836652,0.410692665,11,8,3,0.277798749,0.666666667,0,0.252067136,0.0322681099
4040480479116,1.51195267e+14,0.8077241,1.0939237,0.457836652,0.56898102,0.510392364,7,7,0,0.429046863,0.583333333,0,0.483813401,0.0322681099
4040480479116,1.51195267e+14,0.8077241,1.0939237,0.56898102,0.707106781,0.63429515,18,8,10,0.662642331,1.16666667,0,0.928623267,0.0322681099
4040480479116,1.51195267e+14,0.8077241,1.0939237,0.707106781,0.878763934,0.788276561,17,11,6,1.02341934,3.08333333,0,1.78238381,0.0322681099
4040480479116,1.51195267e+14,0.8077241,1.0939237,0.878763934,1.09209256,0.97963848,39,5,34,1.58062216,4.41666667,0,3.42107737,0.0322681099
4040480479116,1.51195267e+14,0.8077241,1.0939237,1.09209256,1.35720881,1.21745539,52,8,44,2.44119522,6.08333333,4,6.56635809,0.0322681099
4040480479116,1.51195267e+14,0.8077241,1.0939237,1.35720881,1.68668465,1.51300471,57,12,45,3.7703091,7.91666667,6,12.6033568,0.0322681099
4040480479116,1.51195267e+14,0.8077241,1.0939237,1.68668465,2.096144,1.88030155,79,12,67,5.82306182,13.3333333,13,24.19067,0.0322681099
4040480479116,1.51195267e+14,0.8077241,1.0939237,2.096144,2.60500365,2.33676331,105,4,101,8.99344009,18.5,7,46.4311634,0.0322681099
4040480479116,1.51195267e+14,0.8077241,1.0939237,2.60500365,3.23739401,2.90403568,108,0,108,13.8899375,29.75,15,89.1191904,0.0322681099
4040480479116,1.51195267e+14,0.8077241,1.0939237,3.23739401,4.02330338,3.60901902,117,0,117,21.4523432,46.4166667,15,171.053868,0.0322681099
4040480479116,1.51195267e+14,0.8077241,1.0939237,4.02330338,5,4.48514402,165,0,165,33.1321166,78.1666667,29,328.317905,0.0322681099
4040480620869,1.38746871e+14,0.8290592,1.0632097,0.1,0.124275987,0.11147914,5,5,0,0.0193351441,0,0,0.00462851758,0.0298133101
4040480620869,1.38746871e+14,0.8290592,1.0632097,0.124275987,0.15444521,0.138541802,2,2,0,0.0298622041,0,0,0.00888389844,0.0298133101
4040480620869,1.38746871e+14,0.8290592,1.0632097,0.15444521,0.19193831,0.172174193,4,4,0,0.046120744,0,0,0.0170516046,0.0298133101
4040480620869,1.38746871e+14,0.8290592,1.0632097,0.19193831,0.23853323,0.213971178,1,1,0,0.0712312801,0.166666667,0,0.0327285617,0.0298133101
4040480620869,1.38746871e+14,0.8290592,1.0632097,0.23853323,0.296439527,0.265914795,2,2,0,0.1100133,0.166666667,0,0.0628186483,0.0298133101
4040480620869,1.38746871e+14,0.8290592,1.0632097,0.296439527,0.36840315,0.330468237,8,8,0,0.169910273,0.0833333333,0,0.120573052,0.0298133101
4040480620869,1.38746871e+14,0.8290592,1.0632097,0.36840315,0.457836652,0.410692665,7,5,2,0.262418279,0.333333333,0,0.231425879,0.0298133101
4040480620869,1.38746871e+14,0.8290592,1.0632097,0.457836652,0.56898102,0.510392364,7,6,1,0.405292464,0.0833333333,0,0.444194922,0.0298133101
4040480620869,1.38746871e+14,0.8290592,1.0632097,0.56898102,0.707106781,0.63429515,11,7,4,0.625954799,0.916666667,0,0.852580228,0.0298133101
4040480620869,1.38746871e+14,0.8290592,1.0632097,0.707106781,0.878763934,0.788276561,14,8,6,0.966757207,1.75,0,1.63642808,0.0298133101
4040480620869,1.38746871e+14,0.8290592,1.0632097,0.878763934,1.09209256,0.97963848,15,9,6,1.4931102,3.25,3,3.14093242,0.0298133101
4040480620869,1.38746871e+14,0.8290592,1.0632097,1.09209256,1.35720881,1.21745539,15,6,9,2.3060372,4.08333333,0,6.02865261,0.0298133101
4040480620869,1.38746871e+14,0.8290592,1.0632097,1.35720881,1.68668465,1.51300471,26,13,13,3.561564,9.08333333,0,11.571294,0.0298133101
4040480620869,1.38746871e+14,0.8290592,1.0632097,1.68668465,2.096144,1.88030155,25,4,21,5.50066502,11.75,3,22.2097461,0.0298133101
4040480620869,1.38746871e+14,0.8290592,1.0632097,2.096144,2.60500365,2.33676331,39,1,38,8.49551367,17.5833333,2,42.6290114,0.0298133101
4040480620869,1.38746871e+14,0.8290592,1.0632097,2.60500365,3.23739401,2.90403568,68,2,66,13.120914,26.4166667,3,81.8214042,0.0298133101
4040480620869,1.38746871e+14,0.8290592,1.0632097,3.23739401,4.02330338,3.60901902,96,0,96,20.2646232,35.5833333,4,157.046621,0.0298133101
4040480620869,1.38746871e+14,0.8290592,1.0632097,4.02330338,5,4.48514402,99,0,99,31.29774,61.9166667,13,301.43263,0.0298133101
4040480749779,1.21478438e+14,0.82008684,1.0172993,0.1,0.124275987,0.11147914,1,1,0,0.0177013767,0,0,0.00405444454,0.0306022052
4040480749779,1.21478438e+14,0.82008684,1.0172993,0.124275987,0.15444521,0.138541802,1,1,0,0.0273389286,0,0,0.00778203235,0.0306022052
4040480749779,1.21478438e+14,0.82008684,1.0172993,0.15444521,0.19193831,0.172174193,3,3,0,0.0422236658,0.0833333333,0,0.0149367014,0.0306022052
4040480749779,1.21478438e+14,0.82008684,1.0172993,0.19193831,0.23853323,0.213971178,4,4,0,0.0652124295,0.166666667,0,0.0286692523,0.0306022052
4040480749779,1.21478438e+14,0.82008684,1.0172993,0.23853323,0.296439527,0.265914795,5,5,0,0.100717474,0.166666667,0,0.0550272784,0.0306022052
4040480749779,1.21478438e+14,0.82008684,1.0172993,0.296439527,0.36840315,0.330468237,10,10,0,0.155553315,0.333333333,0,0.105618428,0.0306022052
4040480749779,1.21478438e+14,0.82008684,1.0172993,0.36840315,0.457836652,0.410692665,4,4,0,0.240244644,0.5,0,0.202722227,0.0306022052
4040480749779,1.21478438e+14,0.82008684,1.0172993,0.457836652,0.56898102,0.510392364,11,10,1,0.371046347,1.08333333,0,0.389101617,0.0306022052
4040480749779,1.21478438e+14,0.82008684,1.0172993,0.56898102,0.707106781,0.63429515,8,8,0,0.573063311,0.666666667,0,0.74683507,0.0306022052
4040480749779,1.21478438e+14,0.82008684,1.0172993,0.707106781,0.878763934,0.788276561,10,8,2,0.885068837,0.666666667,0,1.43346261,0.0306022052
4040480749779,1.21478438e+14,0.82008684,1.0172993,0.878763934,1.09209256,0.97963848,7,6,1,1.36694643,1.5,1,2.75136392,0.0306022052
4040480749779,1.21478438e+14,0.82008684,1.0172993,1.09209256,1.35720881,1.21745539,11,6,5,2.11118329,2.75,2,5.28092142,0.0306022052
4040480749779,1.21478438e+14,0.82008684,1.0172993,1.35720881,1.68668465,1.51300471,15,8,7,3.26062147,4.66666667,5,10.1361114,0.0306022052
4040480749779,1.21478438e+14,0.82008684,1.0172993,1.68668465,2.096144,1.88030155,32,6,26,5.0358737,9.33333333,7,19.4550809,0.0306022052
4040480749779,1.21478438e+14,0.82008684,1.0172993,2.096144,2.60500365,2.33676331,24,1,23,7.77766573,12.8333333,6,37.3417535,0.0306022052
4040480749779,1.21478438e+14,0.82008684,1.0172993,2.60500365,3.23739401,2.90403568,51,0,51,12.0122322,21.1666667,12,71.6731307,0.0306022052
4040480749779,1.21478438e+14,0.82008684,1.0172993,3.23739401,4.02330338,3.60901902,53,0,53,18.5523173,25.25,12,137.568196,0.0306022052
4040480749779,1.21478438e+14,0.82008684,1.0172993,4.02330338,5,4.48514402,92,0,92,28.6531655,41.1666667,18,264.046071,0.0306022052
4040490315570,1.37374523e+14,0.8532845,1.0642122,0.1,0.124275987,0.11147914,3,3,0,0.0193716235,0,0,0.00464162261,0.0295483552
4040490315570,1.37374523e+14,0.8532845,1.0642122,0.124275987,0.15444521,0.138541802,1,1,0,0.0299185448,0.166666667,0,0.00890905202,0.0295483552
4040490315570,1.37374523e+14,0.8532845,1.0642122,0.15444521,0.19193831,0.172174193,7,7,0,0.0462077594,0.25,0,0.0170998839,0.0295483552
4040490315570,1.37374523e+14,0.8532845,1.0642122,0.19193831,0.23853323,0.213971178,5,5,0,0.0713656713,0.166666667,0,0.0328212283,0.0295483552
4040490315570,1.37374523e+14,0.8532845,1.0642122,0.23853323,0.296439527,0.265914795,3,3,0,0.110220861,0.166666667,0,0.062996511,0.0295483552
4040490315570,1.37374523e+14,0.8532845,1.0642122,0.296439527,0.36840315,0.330468237,9,9,0,0.170230841,0.75,0,0.120914439,0.0295483552
4040490315570,1.37374523e+14,0.8532845,1.0642122,0.36840315,0.457836652,0.410692665,8,8,0,0.262913381,1.33333333,0,0.232081131,0.0295483552
4040490315570,1.37374523e+14,0.8532845,1.0642122,0.457836652,0.56898102,0.510392364,7,7,0,0.406057125,1.75,0,0.445452601,0.0295483552
4040490315570,1.37374523e+14,0.8532845,1.0642122,0.56898102,0.707106781,0.63429515,10,10,0,0.627135781,2.5,0,0.854994196,0.0295483552
4040490315570,1.37374523e+14,0.8532845,1.0642122,0.707106781,0.878763934,0.788276561,12,10,2,0.968581177,3.66666667,0,1.64106141,0.0295483552
4040490315570,1.37374523e+14,0.8532845,1.0642122,0.878763934,1.09209256,0.97963848,9,7,2,1.49592724,5.41666667,0,3.14982555,0.0295483552
4040490315570,1.37374523e+14,0.8532845,1.0642122,1.09209256,1.35720881,1.21745539,10,6,4,2.31038797,7.16666667,0,6.04572194,0.0295483552
4040490315570,1.37374523e+14,0.8532845,1.0642122,1.35720881,1.68668465,1.51300471,22,11,11,3.56828356,9.58333333,2,11.6040565,0.0295483552
4040490315570,1.37374523e+14,0.8532845,1.0642122,1.68668465,2.096144,1.88030155,20,5,15,5.51104306,13.8333333,9,22.27263,0.0295483552
4040490315570,1.37374523e+14,0.8532845,1.0642122,2.096144,2.60500365,2.33676331,34,0,34,8.51154206,19.75,0,42.7497098,0.0295483552
4040490315570,1.37374523e+14,0.8532845,1.0642122,2.60500365,3.23739401,2.90403568,34,0,34,13.145669,31.5833333,11,82.0530706,0.0295483552
4040490315570,1.37374523e+14,0.8532845,1.0642122,3.23739401,4.02330338,3.60901902,27,0,27,20.3028562,43.3333333,7,157.491277,0.0295483552
4040490315570,1.37374523e+14,0.8532845,1.0642122,4.02330338,5,4.48514402,65,0,65,31.356789,55.8333333,19,302.286097,0.0295483552
4040490561919,1.85375014e+14,0.86157393,1.1758993,0.1,0.124275987,0.11147914,3,3,0,0.0236510169,0.0833333333,0,0.00626174709,0.0297709556
4040490561919,1.85375014e+14,0.86157393,1.1758993,0.124275987,0.15444521,0.138541802,1,1,0,0.0365278628,0,0,0.0120186916,0.0297709556
4040490561919,1.85375014e+14,0.86157393,1.1758993,0.15444521,0.19193831,0.172174193,4,4,0,0.0564155345,0.0833333333,0,0.0230684735,0.0297709556
4040490561919,1.85375014e+14,0.86157393,1.1758993,0.19193831,0.23853323,0.213971178,1,1,0,0.0871310911,0.0833333333,0,0.0442772383,0.0297709556
4040490561919,1.85375014e+14,0.86157393,1.1758993,0.23853323,0.296439527,0.265914795,11,11,0,0.134569797,0.5,0,0.0849849831,0.0297709556
4040490561919,1.85375014e+14,0.86157393,1.1758993,0.296439527,0.36840315,0.330468237,2,2,0,0.207836606,0.666666667,0,0.163118741,0.0297709556
4040490561919,1.85375014e+14,0.86157393,1.1758993,0.36840315,0.457836652,0.410692665,10,9,1,0.320993684,0.75,0,0.313087355,0.0297709556
4040490561919,1.85375014e+14,0.86157393,1.1758993,0.457836652,0.56898102,0.510392364,9,8,1,0.495759371,1,0,0.600934579,0.0297709556
4040490561919,1.85375014e+14,0.86157393,1.1758993,0.56898102,0.707106781,0.63429515,18,15,3,0.765676604,1.83333333,0,1.15342368,0.0297709556
4040490561919,1.85375014e+14,0.86157393,1.1758993,0.707106781,0.878763934,0.788276561,21,14,7,1.18255084,2.58333333,0,2.21386192,0.0297709556
4040490561919,1.85375014e+14,0.86157393,1.1758993,0.878763934,1.09209256,0.97963848,22,10,12,1.82639314,2.5,2,4.24924916,0.0297709556
4040490561919,1.85375014e+14,0.86157393,1.1758993,1.09209256,1.35720881,1.21745539,25,10,15,2.82077673,5.75,6,8.15593703,0.0297709556
4040490561919,1.85375014e+14,0.86157393,1.1758993,1.35720881,1.68668465,1.51300471,29,7,22,4.35655455,8,3,15.6543677,0.0297709556
4040490561919,1.85375014e+14,0.86157393,1.1758993,1.68668465,2.096144,1.88030155,53,10,43,6.72848985,12.3333333,8,30.0467289,0.0297709556
4040490561919,1.85375014e+14,0.86157393,1.1758993,2.096144,2.60500365,2.33676331,67,4,63,10.3918303,20.6666667,11,57.6711838,0.0297709556
4040490561919,1.85375014e+14,0.86157393,1.1758993,2.60500365,3.23739401,2.90403568,98,1,97,16.0496842,34.5833333,16,110.693096,0.0297709556
4040490561919,1.85375014e+14,0.86157393,1.1758993,3.23739401,4.02330338,3.60901902,145,0,145,24.7879685,54.9166667,23,212.462458,0.0297709556
4040490561919,1.85375014e+14,0.86157393,1.1758993,4.02330338,5,4.48514402,224,0,224,38.2838302,96.9166667,42,407.796852,0.0297709556
4040490565141,1.34821513e+14,0.8708793,1.0574277,0.1,0.124275987,0.11147914,3,3,0,0.0191254173,0.0833333333,0,0.00455341439,0.0299677689
4040490565141,1.34821513e+14,0.8708793,1.0574277,0.124275987,0.15444521,0.138541802,1,1,0,0.029538291,0,0,0.00873974665,0.0299677689
4040490565141,1.34821513e+14,0.8708793,1.0574277,0.15444521,0.19193831,0.172174193,2,1,1,0.0456204757,0.166666667,0,0.016774922,0.0299677689
4040490565141,1.34821513e+14,0.8708793,1.0574277,0.19193831,0.23853323,0.213971178,2,2,0,0.0704586397,0.0833333333,0,0.0321975019,0.0299677689
4040490565141,1.34821513e+14,0.8708793,1.0574277,0.23853323,0.296439527,0.265914795,3,3,0,0.108819994,0,0,0.0617993412,0.0299677689
4040490565141,1.34821513e+14,0.8708793,1.0574277,0.296439527,0.36840315,0.330468237,6,4,2,0.168067269,0.25,0,0.118616611,0.0299677689
4040490565141,1.34821513e+14,0.8708793,1.0574277,0.36840315,0.457836652,0.410692665,9,6,3,0.259571848,0.583333333,0,0.22767072,0.0299677689
4040490565141,1.34821513e+14,0.8708793,1.0574277,0.457836652,0.56898102,0.510392364,12,12,0,0.400896287,0.5,0,0.436987332,0.0299677689
4040490565141,1.34821513e+14,0.8708793,1.0574277,0.56898102,0.707106781,0.63429515,11,7,4,0.619165114,0.75,0,0.838746102,0.0299677689
4040490565141,1.34821513e+14,0.8708793,1.0574277,0.707106781,0.878763934,0.788276561,21,9,12,0.956270864,1.33333333,0,1.6098751,0.0299677689
4040490565141,1.34821513e+14,0.8708793,1.0574277,0.878763934,1.09209256,0.97963848,18,10,8,1.47691455,2.33333333,2,3.08996706,0.0299677689
4040490565141,1.34821513e+14,0.8708793,1.0574277,1.09209256,1.35720881,1.21745539,32,13,19,2.28102378,3.83333333,0,5.93083057,0.0299677689
4040490565141,1.34821513e+14,0.8708793,1.0574277,1.35720881,1.68668465,1.51300471,31,8,23,3.52293199,8.33333333,3,11.383536,0.0299677689
4040490565141,1.34821513e+14,0.8708793,1.0574277,1.68668465,2.096144,1.88030155,30,8,22,5.44099972,12.3333333,6,21.8493666,0.0299677689
4040490565141,1.34821513e+14,0.8708793,1.0574277,2.096144,2.60500365,2.33676331,40,1,39,8.40336347,16.9166667,5,41.9373051,0.0299677689
4040490565141,1.34821513e+14,0.8708793,1.0574277,2.60500365,3.23739401,2.90403568,38,0,38,12.9785924,26,8,80.4937549,0.0299677689
4040490565141,1.34821513e+14,0.8708793,1.0574277,3.23739401,4.02330338,3.60901902,95,0,95,20.0448144,35.5833333,18,154.498353,0.0299677689
4040490565141,1.34821513e+14,0.8708793,1.0574277,4.02330338,5,4.48514402,177,0,177,30.9582557,61.1666667,24,296.541528,0.0299677689
4040490734224,1.21628457e+14,0.8708711,1.0218215,0.1,0.124275987,0.11147914,1,1,0,0.0178591024,0,0,0.00410875491,0.0299642237
4040490734224,1.21628457e+14,0.8708711,1.0218215,0.124275987,0.15444521,0.138541802,2,2,0,0.0275825282,0,0,0.00788627476,0.0299642237
4040490734224,1.21628457e+14,0.8708711,1.0218215,0.15444521,0.19193831,0.172174193,3,3,0,0.0425998938,0,0,0.0151367825,0.0299642237
4040490734224,1.21628457e+14,0.8708711,1.0218215,0.19193831,0.23853323,0.213971178,6,5,1,0.0657934957,0.25,0,0.0290532846,0.0299642237
4040490734224,1.21628457e+14,0.8708711,1.0218215,0.23853323,0.296439527,0.265914795,4,4,0,0.101614903,0.333333333,0,0.0557643836,0.0299642237
4040490734224,1.21628457e+14,0.8708711,1.0218215,0.296439527,0.36840315,0.330468237,4,4,0,0.156939351,0.5,0,0.107033216,0.0299642237
4040490734224,1.21628457e+14,0.8708711,1.0218215,0.36840315,0.457836652,0.410692665,2,1,1,0.24238531,0.5,0,0.205437746,0.0299642237
4040490734224,1.21628457e+14,0.8708711,1.0218215,0.457836652,0.56898102,0.510392364,9,7,2,0.374352503,0.916666667,0,0.394313738,0.0299642237
4040490734224,1.21628457e+14,0.8708711,1.0218215,0.56898102,0.707106781,0.63429515,11,7,4,0.578169511,1.5,0,0.756839126,0.0299642237
4040490734224,1.21628457e+14,0.8708711,1.0218215,0.707106781,0.878763934,0.788276561,15,8,7,0.892955118,2.25,0,1.45266423,0.0299642237
4040490734224,1.21628457e+14,0.8708711,1.0218215,0.878763934,1.09209256,0.97963848,14,9,5,1.37912641,3.5,2,2.78821918,0.0299642237
4040490734224,1.21628457e+14,0.8708711,1.0218215,1.09209256,1.35720881,1.21745539,21,9,12,2.12999469,4.91666667,1,5.35166078,0.0299642237
4040490734224,1.21628457e+14,0.8708711,1.0218215,1.35720881,1.68668465,1.51300471,25,9,16,3.28967478,10.4166667,1,10.2718873,0.0299642237
4040490734224,1.21628457e+14,0.8708711,1.0218215,1.68668465,2.096144,1.88030155,39,3,36,5.08074514,12.1666667,6,19.7156869,0.0299642237
4040490734224,1.21628457e+14,0.8708711,1.0218215,2.096144,2.60500365,2.33676331,43,4,39,7.84696753,20.5,13,37.8419563,0.0299642237
4040490734224,1.21628457e+14,0.8708711,1.0218215,2.60500365,3.23739401,2.90403568,51,0,51,12.1192655,26.6666667,6,72.6332115,0.0299642237
4040490734224,1.21628457e+14,0.8708711,1.0218215,3.23739401,4.02330338,3.60901902,83,0,83,18.7176251,38.0833333,18,139.410959,0.0299642237
4040490734224,1.21628457e+14,0.8708711,1.0218215,4.02330338,5,4.48514402,133,0,133,28.9084756,56.4166667,28,267.583039,0.0299642237
4040490770437,1.92239309e+14,0.8738029,1.1901696,0.1,0.124275987,0.11147914,1,1,0,0.0242285409,0.0833333333,0,0.00649249594,0.0301138672
4040490770437,1.92239309e+14,0.8738029,1.1901696,0.124275987,0.15444521,0.138541802,1,1,0,0.0374198209,0.0833333333,0,0.012461587,0.0301138672
4040490770437,1.92239309e+14,0.8738029,1.1901696,0.15444521,0.19193831,0.172174193,2,2,0,0.0577931212,0.333333333,0,0.0239185595,0.0301138672
4040490770437,1.92239309e+14,0.8738029,1.1901696,0.19193831,0.23853323,0.213971178,6,6,0,0.0892587077,0.0833333333,0,0.045908879,0.0301138672
4040490770437,1.92239309e+14,0.8738029,1.1901696,0.23853323,0.296439527,0.265914795,2,2,0,0.137855799,0.583333333,0,0.0881167267,0.0301138672
4040490770437,1.92239309e+14,0.8738029,1.1901696,0.296439527,0.36840315,0.330468237,9,6,3,0.212911679,0.75,0,0.169129756,0.0301138672
4040490770437,1.92239309e+14,0.8738029,1.1901696,0.36840315,0.457836652,0.410692665,13,11,2,0.328831891,0.833333333,0,0.324624797,0.0301138672
4040490770437,1.92239309e+14,0.8738029,1.1901696,0.457836652,0.56898102,0.510392364,9,8,1,0.507865106,1.66666667,0,0.62307935,0.0301138672
4040490770437,1.92239309e+14,0.8738029,1.1901696,0.56898102,0.707106781,0.63429515,12,8,4,0.784373332,1.41666667,0,1.19592798,0.0301138672
4040490770437,1.92239309e+14,0.8738029,1.1901696,0.707106781,0.878763934,0.788276561,29,15,14,1.21142704,3.83333333,0,2.29544395,0.0301138672
4040490770437,1.92239309e+14,0.8738029,1.1901696,0.878763934,1.09209256,0.97963848,34,16,18,1.87099105,3.41666667,0,4.40583634,0.0301138672
4040490770437,1.92239309e+14,0.8738029,1.1901696,1.09209256,1.35720881,1.21745539,35,15,20,2.88965606,4.41666667,2,8.45648782,0.0301138672
4040490770437,1.92239309e+14,0.8738029,1.1901696,1.35720881,1.68668465,1.51300471,50,13,37,4.46293539,6.08333333,9,16.2312398,0.0301138672
4040490770437,1.92239309e+14,0.8738029,1.1901696,1.68668465,2.096144,1.88030155,53,12,41,6.89278995,12.1666667,8,31.1539675,0.0301138672
4040490770437,1.92239309e+14,0.8738029,1.1901696,2.096144,2.60500365,2.33676331,71,11,60,10.6455839,24.25,11,59.7963988,0.0301138672
4040490770437,1.92239309e+14,0.8738029,1.1901696,2.60500365,3.23739401,2.90403568,88,1,87,16.4415945,27.8333333,17,114.772198,0.0301138672
4040490770437,1.92239309e+14,0.8738029,1.1901696,3.23739401,4.02330338,3.60901902,131,0,131,25.3932553,43.75,30,220.291817,0.0301138672
4040490770437,1.92239309e+14,0.8738029,1.1901696,4.02330338,5,4.48514402,143,0,143,39.2186666,73.3333333,24,422.824391,0.0301138672
4040490772682,1.65373606e+14,0.8795618,1.1344417,0.1,0.124275987,0.11147914,1,1,0,0.0220127306,0,0,0.0056225286,0.030156444
4040490772682,1.65373606e+14,0.8795618,1.1344417,0.124275987,0.15444521,0.138541802,2,2,0,0.0339976081,0.166666667,0,0.0107917864,0.030156444
4040490772682,1.65373606e+14,0.8795618,1.1344417,0.15444521,0.19193831,0.172174193,4,3,1,0.0525076773,0,0,0.0207135725,0.030156444
4040490772682,1.65373606e+14,0.8795618,1.1344417,0.19193831,0.23853323,0.213971178,3,3,0,0.0810955928,0.416666667,0,0.039757281,0.030156444
4040490772682,1.65373606e+14,0.8795618,1.1344417,0.23853323,0.296439527,0.265914795,6,6,0,0.125248259,0.416666667,0,0.0763094534,0.030156444
4040490772682,1.65373606e+14,0.8795618,1.1344417,0.296439527,0.36840315,0.330468237,5,3,2,0.193439937,0.333333333,0,0.146467076,0.030156444
4040490772682,1.65373606e+14,0.8795618,1.1344417,0.36840315,0.457836652,0.410692665,12,7,5,0.298758718,0.5,0,0.28112643,0.030156444
4040490772682,1.65373606e+14,0.8795618,1.1344417,0.457836652,0.56898102,0.510392364,21,12,9,0.461418531,1,0,0.53958932,0.030156444
4040490772682,1.65373606e+14,0.8795618,1.1344417,0.56898102,0.707106781,0.63429515,17,10,7,0.712638822,1.66666667,0,1.03567862,0.030156444
4040490772682,1.65373606e+14,0.8795618,1.1344417,0.707106781,0.878763934,0.788276561,22,11,11,1.10063653,2.25,0,1.98786405,0.030156444
4040490772682,1.65373606e+14,0.8795618,1.1344417,0.878763934,1.09209256,0.97963848,37,11,26,1.6998804,2.33333333,3,3.81547267,0.030156444
4040490772682,1.65373606e+14,0.8795618,1.1344417,1.09209256,1.35720881,1.21745539,42,15,27,2.62538387,3.91666667,7,7.32335378,0.030156444
4040490772682,1.65373606e+14,0.8795618,1.1344417,1.35720881,1.68668465,1.51300471,32,7,25,4.05477964,5.25,5,14.0563215,0.030156444
4040490772682,1.65373606e+14,0.8795618,1.1344417,1.68668465,2.096144,1.88030155,43,12,31,6.26241295,7.41666667,4,26.979466,0.030156444
4040490772682,1.65373606e+14,0.8795618,1.1344417,2.096144,2.60500365,2.33676331,63,6,57,9.67199686,10.4166667,5,51.7839312,0.030156444
4040490772682,1.65373606e+14,0.8795618,1.1344417,2.60500365,3.23739401,2.90403568,95,1,94,14.9379359,21.9166667,10,99.3932025,0.030156444
4040490772682,1.65373606e+14,0.8795618,1.1344417,3.23739401,4.02330338,3.60901902,167,0,167,23.0709266,33.25,23,190.773634,0.030156444
4040490772682,1.65373606e+14,0.8795618,1.1344417,4.02330338,5,4.48514402,197,0,197,35.6319411,54.5833333,25,366.167689,0.030156444
4040490785118,1.65523704e+14,0.8931193,1.1325333,0.1,0.124275987,0.11147914,2,2,0,0.0219387316,0,0,0.00559420103,0.0300992041
4040490785118,1.65523704e+14,0.8931193,1.1325333,0.124275987,0.15444521,0.138541802,5,3,2,0.0338833202,0,0,0.0107374149,0.0300992041
4040490785118,1.65523704e+14,0.8931193,1.1325333,0.15444521,0.19193831,0.172174193,3,2,1,0.0523311652,0.166666667,0,0.0206092128,0.0300992041
4040490785118,1.65523704e+14,0.8931193,1.1325333,0.19193831,0.23853323,0.213971178,4,2,2,0.0808229782,0.25,0,0.0395569748,0.0300992041
4040490785118,1.65523704e+14,0.8931193,1.1325333,0.23853323,0.296439527,0.265914795,7,5,2,0.124827219,0.416666667,0,0.0759249891,0.0300992041
4040490785118,1.65523704e+14,0.8931193,1.1325333,0.296439527,0.36840315,0.330468237,11,7,4,0.192789661,0.833333333,0,0.145729141,0.0300992041
4040490785118,1.65523704e+14,0.8931193,1.1325333,0.36840315,0.457836652,0.410692665,11,8,3,0.297754398,0.5,0,0.279710051,0.0300992041
4040490785118,1.65523704e+14,0.8931193,1.1325333,0.457836652,0.56898102,0.510392364,12,6,6,0.459867406,0.416666667,0,0.536870747,0.0300992041
4040490785118,1.65523704e+14,0.8931193,1.1325333,0.56898102,0.707106781,0.63429515,20,12,8,0.710243183,1.41666667,0,1.03046064,0.0300992041
4040490785118,1.65523704e+14,0.8931193,1.1325333,0.707106781,0.878763934,0.788276561,22,10,12,1.09693658,2.16666667,0,1.97784874,0.0300992041
4040490785118,1.65523704e+14,0.8931193,1.1325333,0.878763934,1.09209256,0.97963848,31,13,18,1.69416601,3,0,3.79624946,0.0300992041
4040490785118,1.65523704e+14,0.8931193,1.1325333,1.09209256,1.35720881,1.21745539,42,19,23,2.61655826,4.16666667,2,7.28645706,0.0300992041
4040490785118,1.65523704e+14,0.8931193,1.1325333,1.35720881,1.68668465,1.51300471,64,9,55,4.04114891,8.16666667,5,13.9855026,0.0300992041
4040490785118,1.65523704e+14,0.8931193,1.1325333,1.68668465,2.096144,1.88030155,76,6,70,6.24136094,12.4166667,9,26.8435373,0.0300992041
4040490785118,1.65523704e+14,0.8931193,1.1325333,2.096144,2.60500365,2.33676331,81,3,78,9.63948305,19.1666667,11,51.523032,0.0300992041
4040490785118,1.65523704e+14,0.8931193,1.1325333,2.60500365,3.23739401,2.90403568,69,0,69,14.8877199,30.0833333,9,98.8924371,0.0300992041
4040490785118,1.65523704e+14,0.8931193,1.1325333,3.23739401,4.02330338,3.60901902,82,0,82,22.9933703,40.5,16,189.812473,0.0300992041
4040490785118,1.65523704e+14,0.8931193,1.1325333,4.02330338,5,4.48514402,109,0,109,35.5121592,71.9166667,37,364.322853,0.0300992041
4040490790189,2.68806148e+14,0.8895726,1.3308287,0.1,0.124275987,0.11147914,5,4,1,0.0302938081,0.166666667,0,0.00907719367,0.0300248977
4040490790189,2.68806148e+14,0.8895726,1.3308287,0.124275987,0.15444521,0.138541802,5,4,1,0.0467873357,0.25,0,0.0174226122,0.0300248977
4040490790189,2.68806148e+14,0.8895726,1.3308287,0.15444521,0.19193831,0.172174193,6,6,0,0.0722607991,0.166666667,0,0.0334406674,0.0300248977
4040490790189,2.68806148e+14,0.8895726,1.3308287,0.19193831,0.23853323,0.213971178,5,4,1,0.111603343,0.166666667,0,0.064185452,0.0300248977
4040490790189,2.68806148e+14,0.8895726,1.3308287,0.23853323,0.296439527,0.265914795,9,7,2,0.172366018,0.25,0,0.123196472,0.0300248977
4040490790189,2.68806148e+14,0.8895726,1.3308287,0.296439527,0.36840315,0.330468237,15,10,5,0.26621106,0.5,0,0.236461227,0.0300248977
4040490790189,2.68806148e+14,0.8895726,1.3308287,0.36840315,0.457836652,0.410692665,16,12,4,0.411150232,0.333333333,0,0.453859684,0.0300248977
4040490790189,2.68806148e+14,0.8895726,1.3308287,0.457836652,0.56898102,0.510392364,19,8,11,0.635001841,0.5,0,0.871130608,0.0300248977
4040490790189,2.68806148e+14,0.8895726,1.3308287,0.56898102,0.707106781,0.63429515,27,16,11,0.98072993,1.25,0,1.67203337,0.0300248977
4040490790189,2.68806148e+14,0.8895726,1.3308287,0.707106781,0.878763934,0.788276561,31,15,16,1.51469041,1.33333333,0,3.2092726,0.0300248977
4040490790189,2.68806148e+14,0.8895726,1.3308287,0.878763934,1.09209256,0.97963848,34,17,17,2.33936678,1.91666667,5,6.1598236,0.0300248977
4040490790189,2.68806148e+14,0.8895726,1.3308287,1.09209256,1.35720881,1.21745539,38,21,17,3.61303995,4.33333333,9,11.8230613,0.0300248977
4040490790189,2.68806148e+14,0.8895726,1.3308287,1.35720881,1.68668465,1.51300471,49,19,30,5.58016716,6.83333333,4,22.6929842,0.0300248977
4040490790189,2.68806148e+14,0.8895726,1.3308287,1.68668465,2.096144,1.88030155,64,20,44,8.61830092,12.5,12,43.5565304,0.0300248977
4040490790189,2.68806148e+14,0.8895726,1.3308287,2.096144,2.60500365,2.33676331,123,13,110,13.310553,19.8333333,11,83.6016685,0.0300248977
4040490790189,2.68806148e+14,0.8895726,1.3308287,2.60500365,3.23739401,2.90403568,104,0,104,20.5575116,31.75,13,160.46363,0.0300248977
4040490790189,2.68806148e+14,0.8895726,1.3308287,3.23739401,4.02330338,3.60901902,206,0,206,31.7500921,47.1666667,24,307.99118,0.0300248977
4040490790189,2.68806148e+14,0.8895726,1.3308287,4.02330338,5,4.48514402,239,0,239,49.0364965,75.4166667,34,591.153067,0.0300248977
4040500056629,1.13940782e+14,0.89523506,1.00396454,0.1,0.124275987,0.11147914,1,1,0,0.0172403589,0.0833333333,0,0.00389708832,0.030200226
4040500056629,1.13940782e+14,0.89523506,1.00396454,0.124275987,0.15444521,0.138541802,4,4,0,0.0266269085,0.0833333333,0,0.00748000548,0.030200226
4040500056629,1.13940782e+14,0.89523506,1.00396454,0.15444521,0.19193831,0.172174193,5,5,0,0.0411239849,0,0,0.0143569961,0.030200226
4040500056629,1.13940782e+14,0.89523506,1.00396454,0.19193831,0.23853323,0.213971178,3,3,0,0.0635140251,0.166666667,0,0.0275565758,0.030200226
4040500056629,1.13940782e+14,0.89523506,1.00396454,0.23853323,0.296439527,0.265914795,5,4,1,0.0980943698,0.25,0,0.052891626,0.030200226
4040500056629,1.13940782e+14,0.89523506,1.00396454,0.296439527,0.36840315,0.330468237,2,2,0,0.151502056,0.75,0,0.101519293,0.030200226
4040500056629,1.13940782e+14,0.89523506,1.00396454,0.36840315,0.457836652,0.410692665,8,5,3,0.233987669,0.75,0,0.194854416,0.030200226
4040500056629,1.13940782e+14,0.89523506,1.00396454,0.457836652,0.56898102,0.510392364,7,5,2,0.361382748,1.16666667,0,0.374000274,0.030200226
4040500056629,1.13940782e+14,0.89523506,1.00396454,0.56898102,0.707106781,0.63429515,11,9,2,0.558138346,1.16666667,0,0.717849807,0.030200226
4040500056629,1.13940782e+14,0.89523506,1.00396454,0.707106781,0.878763934,0.788276561,15,6,9,0.862017943,2.25,0,1.37782879,0.030200226
4040500056629,1.13940782e+14,0.89523506,1.00396454,0.878763934,1.09209256,0.97963848,8,6,2,1.33134543,4.08333333,1,2.6445813,0.030200226
4040500056629,1.13940782e+14,0.89523506,1.00396454,1.09209256,1.35720881,1.21745539,25,8,17,2.05619925,5.58333333,4,5.07596466,0.030200226
4040500056629,1.13940782e+14,0.89523506,1.00396454,1.35720881,1.68668465,1.51300471,20,8,12,3.17570125,6.25,2,9.74272081,0.030200226
4040500056629,1.13940782e+14,0.89523506,1.00396454,1.68668465,2.096144,1.88030155,37,2,35,4.90471849,9.16666667,5,18.7000137,0.030200226
4040500056629,1.13940782e+14,0.89523506,1.00396454,2.096144,2.60500365,2.33676331,30,0,30,7.57510279,18.6666667,3,35.8924903,0.030200226
4040500056629,1.13940782e+14,0.89523506,1.00396454,2.60500365,3.23739401,2.90403568,52,0,52,11.6993835,26.8333333,12,68.8914395,0.030200226
4040500056629,1.13940782e+14,0.89523506,1.00396454,3.23739401,4.02330338,3.60901902,80,0,80,18.0691374,41.1666667,11,132.229065,0.030200226
4040500056629,1.13940782e+14,0.89523506,1.00396454,4.02330338,5,4.48514402,101,0,101,27.9069173,59.6666667,12,253.798233,0.030200226
4040500063724,1.09791621e+14,0.8895724,0.9915095,0.1,0.124275987,0.11147914,2,2,0,0.0168152494,0.0833333333,0,0.00375384008,0.0300249043
4040500063724,1.09791621e+14,0.8895724,0.9915095,0.124275987,0.15444521,0.138541802,3,3,0,0.0259703473,0.0833333333,0,0.00720505721,0.0300249043
4040500063724,1.09791621e+14,0.8895724,0.9915095,0.15444521,0.19193831,0.172174193,2,2,0,0.0401099576,0,0,0.0138292651,0.0300249043
4040500063724,1.09791621e+14,0.8895724,0.9915095,0.19193831,0.23853323,0.213971178,1,1,0,0.0619479085,0.0833333333,0,0.0265436577,0.0300249043
4040500063724,1.09791621e+14,0.8895724,0.9915095,0.23853323,0.296439527,0.265914795,7,7,0,0.0956755776,0.166666667,0,0.0509474481,0.0300249043
4040500063724,1.09791621e+14,0.8895724,0.9915095,0.296439527,0.36840315,0.330468237,6,6,0,0.147766347,0.333333333,0,0.0977876712,0.0300249043
4040500063724,1.09791621e+14,0.8895724,0.9915095,0.36840315,0.457836652,0.410692665,6,6,0,0.228218046,0.25,0,0.187692004,0.0300249043
4040500063724,1.09791621e+14,0.8895724,0.9915095,0.457836652,0.56898102,0.510392364,4,2,2,0.352471842,1,0,0.360252861,0.0300249043
4040500063724,1.09791621e+14,0.8895724,0.9915095,0.56898102,0.707106781,0.63429515,9,5,4,0.544375878,1.58333333,0,0.691463254,0.0300249043
4040500063724,1.09791621e+14,0.8895724,0.9915095,0.707106781,0.878763934,0.788276561,9,6,3,0.84076247,1.83333333,0,1.32718289,0.0300249043
4040500063724,1.09791621e+14,0.8895724,0.9915095,0.878763934,1.09209256,0.97963848,13,7,6,1.29851737,2.75,1,2.54737241,0.0300249043
4040500063724,1.09791621e+14,0.8895724,0.9915095,1.09209256,1.35720881,1.21745539,5,2,3,2.00549788,4.91666667,0,4.88938356,0.0300249043
4040500063724,1.09791621e+14,0.8895724,0.9915095,1.35720881,1.68668465,1.51300471,18,6,12,3.09739542,6.91666667,3,9.38460019,0.0300249043
4040500063724,1.09791621e+14,0.8895724,0.9915095,1.68668465,2.096144,1.88030155,22,1,21,4.78377888,7.33333333,4,18.012643,0.0300249043
4040500063724,1.09791621e+14,0.8895724,0.9915095,2.096144,2.60500365,2.33676331,53,5,48,7.38831736,11.5,3,34.5731627,0.0300249043
4040500063724,1.09791621e+14,0.8895724,0.9915095,2.60500365,3.23739401,2.90403568,60,0,60,11.4109023,21.0833333,4,66.3591443,0.0300249043
4040500063724,1.09791621e+14,0.8895724,0.9915095,3.23739401,4.02330338,3.60901902,101,0,101,17.6235921,35.9166667,4,127.36862,0.0300249043
4040500063724,1.09791621e+14,0.8895724,0.9915095,4.02330338,5,4.48514402,122,0,122,27.2187939,46.9166667,19,244.469178,0.0300249043
4040500565911,2.18209773e+14,0.9036334,1.2465186,0.1,0.124275987,0.11147914,3,2,1,0.0265770688,0,0,0.00745901391,0.0301415489
4040500565911,2.18209773e+14,0.9036334,1.2465186,0.124275987,0.15444521,0.138541802,4,4,0,0.0410470098,0,0,0.0143167053,0.0301415489
4040500565911,2.18209773e+14,0.9036334,1.2465186,0.15444521,0.19193831,0.172174193,5,4,1,0.0633951407,0.0833333333,0,0.0274792422,0.0301415489
4040500565911,2.18209773e+14,0.9036334,1.2465186,0.19193831,0.23853323,0.213971178,5,3,2,0.0979107585,0.0833333333,0,0.0527431932,0.0301415489
4040500565911,2.18209773e+14,0.9036334,1.2465186,0.23853323,0.296439527,0.265914795,9,8,1,0.151218477,0.166666667,0,0.101234394,0.0301415489
4040500565911,2.18209773e+14,0.9036334,1.2465186,0.296439527,0.36840315,0.330468237,12,10,2,0.233549695,0.583333333,0,0.194307585,0.0301415489
4040500565911,2.18209773e+14,0.9036334,1.2465186,0.36840315,0.457836652,0.410692665,15,12,3,0.360706319,0.583333333,0,0.372950696,0.0301415489
4040500565911,2.18209773e+14,0.9036334,1.2465186,0.457836652,0.56898102,0.510392364,11,9,2,0.557093633,0.583333333,0,0.715835263,0.0301415489
4040500565911,2.18209773e+14,0.9036334,1.2465186,0.56898102,0.707106781,0.63429515,23,14,9,0.860404434,1.08333333,0,1.37396211,0.0301415489
4040500565911,2.18209773e+14,0.9036334,1.2465186,0.707106781,0.878763934,0.788276561,19,6,13,1.32885344,2.08333333,0,2.63715966,0.0301415489
4040500565911,2.18209773e+14,0.9036334,1.2465186,0.878763934,1.09209256,0.97963848,29,11,18,2.05235049,3.08333333,0,5.06171969,0.0301415489
4040500565911,2.18209773e+14,0.9036334,1.2465186,1.09209256,1.35720881,1.21745539,48,23,25,3.16975704,3.5,3,9.71537925,0.0301415489
4040500565911,2.18209773e+14,0.9036334,1.2465186,1.35720881,1.68668465,1.51300471,70,18,52,4.89553793,8,7,18.6475348,0.0301415489
4040500565911,2.18209773e+14,0.9036334,1.2465186,1.68668465,2.096144,1.88030155,73,14,59,7.56092386,10.75,8,35.7917632,0.0301415489
4040500565911,2.18209773e+14,0.9036334,1.2465186,2.096144,2.60500365,2.33676331,82,17,65,11.6774848,18.5,12,68.6981055,0.0301415489
4040500565911,2.18209773e+14,0.9036334,1.2465186,2.60500365,3.23739401,2.90403568,116,1,115,18.0353159,24.8333333,12,131.857983,0.0301415489
4040500565911,2.18209773e+14,0.9036334,1.2465186,3.23739401,4.02330338,3.60901902,142,0,142,27.8546816,40.0833333,31,253.085985,0.0301415489
4040500565911,2.18209773e+14,0.9036334,1.2465186,4.02330338,5,4.48514402,144,0,144,43.0202217,64,30,485.768962,0.0301415489
4040500577694,1.33971123e+14,0.91149545,1.0604578,0.1,0.124275987,0.11147914,1,1,0,0.0192351836,0,0,0.00459267062,0.0298650447
4040500577694,1.33971123e+14,0.91149545,1.0604578,0.124275987,0.15444521,0.138541802,4,4,0,0.0297078198,0,0,0.00881509439,0.0298650447
4040500577694,1.33971123e+14,0.91149545,1.0604578,0.15444521,0.19193831,0.172174193,1,1,0,0.0458823048,0.333333333,0,0.0169195432,0.0298650447
4040500577694,1.33971123e+14,0.91149545,1.0604578,0.19193831,0.23853323,0.213971178,4,4,0,0.0708630222,0.0833333333,0,0.0324750854,0.0298650447
4040500577694,1.33971123e+14,0.91149545,1.0604578,0.23853323,0.296439527,0.265914795,4,3,1,0.109444544,0.0833333333,0,0.0623321302,0.0298650447
4040500577694,1.33971123e+14,0.91149545,1.0604578,0.296439527,0.36840315,0.330468237,7,6,1,0.169031856,0.166666667,0,0.119639238,0.0298650447
4040500577694,1.33971123e+14,0.91149545,1.0604578,0.36840315,0.457836652,0.410692665,7,4,3,0.261061606,0.5,0,0.229633531,0.0298650447
4040500577694,1.33971123e+14,0.91149545,1.0604578,0.457836652,0.56898102,0.510392364,13,10,3,0.403197147,0.5,0,0.44075472,0.0298650447
4040500577694,1.33971123e+14,0.91149545,1.0604578,0.56898102,0.707106781,0.63429515,15,9,6,0.622718682,1.16666667,0,0.845977162,0.0298650447
4040500577694,1.33971123e+14,0.91149545,1.0604578,0.707106781,0.878763934,0.788276561,17,10,7,0.961759179,1.75,0,1.62375427,0.0298650447
4040500577694,1.33971123e+14,0.91149545,1.0604578,0.878763934,1.09209256,0.97963848,16,10,6,1.48539099,2.66666667,2,3.11660651,0.0298650447
4040500577694,1.33971123e+14,0.91149545,1.0604578,1.09209256,1.35720881,1.21745539,24,7,17,2.29411524,4.91666667,2,5.98196188,0.0298650447
4040500577694,1.33971123e+14,0.91149545,1.0604578,1.35720881,1.68668465,1.51300471,25,5,20,3.54315111,6.33333333,5,11.4816766,0.0298650447
4040500577694,1.33971123e+14,0.91149545,1.0604578,1.68668465,2.096144,1.88030155,32,6,26,5.47222719,9.75,5,22.037736,0.0298650447
4040500577694,1.33971123e+14,0.91149545,1.0604578,2.096144,2.60500365,2.33676331,39,4,35,8.4515928,17.5833333,6,42.2988581,0.0298650447
4040500577694,1.33971123e+14,0.91149545,1.0604578,2.60500365,3.23739401,2.90403568,56,0,56,13.0530803,32.25,1,81.1877135,0.0298650447
4040500577694,1.33971123e+14,0.91149545,1.0604578,3.23739401,4.02330338,3.60901902,81,0,81,20.1598573,40.5833333,19,155.830326,0.0298650447
4040500577694,1.33971123e+14,0.91149545,1.0604578,4.02330338,5,4.48514402,192,0,192,31.1359341,56.6666667,33,299.098094,0.0298650447
4040500627296,1.48836071e+14,0.9272262,1.097238,0.1,0.124275987,0.11147914,6,6,0,0.0205926024,0.0833333333,0,0.00508730349,0.0291142524
4040500627296,1.48836071e+14,0.9272262,1.097238,0.124275987,0.15444521,0.138541802,1,1,0,0.0318042881,0.0833333333,0,0.00976448436,0.0291142524
4040500627296,1.48836071e+14,0.9272262,1.097238,0.15444521,0.19193831,0.172174193,4,4,0,0.0491201997,0.166666667,0,0.0187417863,0.0291142524
4040500627296,1.48836071e+14,0.9272262,1.097238,0.19193831,0.23853323,0.213971178,0,0,0,0.0758637958,0.166666667,0,0.035972668,0.0291142524
4040500627296,1.48836071e+14,0.9272262,1.097238,0.23853323,0.296439527,0.265914795,4,4,0,0.117167999,0.166666667,0,0.0690453311,0.0291142524
4040500627296,1.48836071e+14,0.9272262,1.097238,0.296439527,0.36840315,0.330468237,8,6,2,0.180960363,0.333333333,0,0.132524442,0.0291142524
4040500627296,1.48836071e+14,0.9272262,1.097238,0.36840315,0.457836652,0.410692665,5,4,1,0.279484613,0.5,0,0.254365175,0.0291142524
4040500627296,1.48836071e+14,0.9272262,1.097238,0.457836652,0.56898102,0.510392364,10,10,0,0.431650599,0.416666667,0,0.488224218,0.0291142524
4040500627296,1.48836071e+14,0.9272262,1.097238,0.56898102,0.707106781,0.63429515,8,8,0,0.666663677,0.583333333,0,0.937089315,0.0291142524
4040500627296,1.48836071e+14,0.9272262,1.097238,0.707106781,0.878763934,0.788276561,10,10,0,1.02963012,1.83333333,0,1.7986334,0.0291142524
4040500627296,1.48836071e+14,0.9272262,1.097238,0.878763934,1.09209256,0.97963848,13,6,7,1.5902144,3.25,0,3.45226655,0.0291142524
4040500627296,1.48836071e+14,0.9272262,1.097238,1.09209256,1.35720881,1.21745539,22,10,12,2.45600998,5.66666667,7,6.62622209,0.0291142524
4040500627296,1.48836071e+14,0.9272262,1.097238,1.35720881,1.68668465,1.51300471,23,8,15,3.79318979,9.41666667,4,12.7182587,0.0291142524
4040500627296,1.48836071e+14,0.9272262,1.097238,1.68668465,2.096144,1.88030155,21,3,18,5.85839995,15.8333333,2,24.4112109,0.0291142524
4040500627296,1.48836071e+14,0.9272262,1.097238,2.096144,2.60500365,2.33676331,27,2,25,9.04801814,25.5,6,46.8544658,0.0291142524
4040500627296,1.48836071e+14,0.9272262,1.097238,2.60500365,3.23739401,2.90403568,47,0,47,13.9742307,39.4166667,8,89.9316699,0.0291142524
4040500627296,1.48836071e+14,0.9272262,1.097238,3.23739401,4.02330338,3.60901902,73,0,73,21.58253,61.3333333,21,172.613328,0.0291142524
4040500627296,1.48836071e+14,0.9272262,1.097238,4.02330338,5,4.48514402,97,0,97,33.3331838,90.6666667,27,331.311105,0.0291142524
4040500686791,1.42597265e+14,0.94234294,1.0816768,0.1,0.124275987,0.11147914,2,2,0,0.0200126493,0.166666667,0,0.00487391187,0.0282380065
4040500686791,1.42597265e+14,0.94234294,1.0816768,0.124275987,0.15444521,0.138541802,1,1,0,0.0309085783,0.166666667,0,0.0093549041,0.0282380065
4040500686791,1.42597265e+14,0.94234294,1.0816768,0.15444521,0.19193831,0.172174193,1,1,0,0.0477368188,0.25,0,0.0179556449,0.0282380065
4040500686791,1.42597265e+14,0.94234294,1.0816768,0.19193831,0.23853323,0.213971178,2,2,0,0.0737272302,0,0,0.0344637614,0.0282380065
4040500686791,1.42597265e+14,0.94234294,1.0816768,0.23853323,0.296439527,0.265914795,4,2,2,0.113868176,0.166666667,0,0.0661491613,0.0282380065
4040500686791,1.42597265e+14,0.94234294,1.0816768,0.296439527,0.36840315,0.330468237,5,5,0,0.175863944,0.25,0,0.126965582,0.0282380065
4040500686791,1.42597265e+14,0.94234294,1.0816768,0.36840315,0.457836652,0.410692665,13,12,1,0.271613438,0.25,0,0.243695594,0.0282380065
4040500686791,1.42597265e+14,0.94234294,1.0816768,0.457836652,0.56898102,0.510392364,6,6,0,0.419493947,0.416666667,0,0.467745205,0.0282380065
4040500686791,1.42597265e+14,0.94234294,1.0816768,0.56898102,0.707106781,0.63429515,7,6,1,0.647888309,0.666666667,0,0.897782243,0.0282380065
4040500686791,1.42597265e+14,0.94234294,1.0816768,0.707106781,0.878763934,0.788276561,18,14,4,1.00063246,1.41666667,0,1.72318807,0.0282380065
4040500686791,1.42597265e+14,0.94234294,1.0816768,0.878763934,1.09209256,0.97963848,16,10,6,1.54542891,2.83333333,1,3.30745806,0.0282380065
4040500686791,1.42597265e+14,0.94234294,1.0816768,1.09209256,1.35720881,1.21745539,25,11,14,2.38684094,3.5,3,6.34827912,0.0282380065
4040500686791,1.42597265e+14,0.94234294,1.0816768,1.35720881,1.68668465,1.51300471,34,15,19,3.68636151,4.75,4,12.1847797,0.0282380065
4040500686791,1.42597265e+14,0.94234294,1.0816768,1.68668465,2.096144,1.88030155,41,15,26,5.69340879,10.0833333,4,23.3872602,0.0282380065
4040500686791,1.42597265e+14,0.94234294,1.0816768,2.096144,2.60500365,2.33676331,75,8,67,8.7931972,14.75,6,44.8891122,0.0282380065
4040500686791,1.42597265e+14,0.94234294,1.0816768,2.60500365,3.23739401,2.90403568,72,1,71,13.5806719,22.5,11,86.1594034,0.0282380065
4040500686791,1.42597265e+14,0.94234294,1.0816768,3.23739401,4.02330338,3.60901902,82,0,82,20.9746973,42.3333333,14,165.372903,0.0282380065
4040500686791,1.42597265e+14,0.94234294,1.0816768,4.02330338,5,4.48514402,114,0,114,32.3944155,68.8333333,20,317.413956,0.0282380065
4040500694758,1.00627387e+14,0.9390184,0.96350287,0.1,0.124275987,0.11147914,1,1,0,0.0158787232,0,0,0.00344464258,0.0284566642
4040500694758,1.00627387e+14,0.9390184,0.96350287,0.124275987,0.15444521,0.138541802,1,1,0,0.0245239275,0,0,0.00661158876,0.0284566642
4040500694758,1.00627387e+14,0.9390184,0.96350287,0.15444521,0.19193831,0.172174193,4,4,0,0.0378760315,0,0,0.0126901718,0.0284566642
4040500694758,1.00627387e+14,0.9390184,0.96350287,0.19193831,0.23853323,0.213971178,6,6,0,0.0584977166,0,0,0.0243573012,0.0284566642
4040500694758,1.00627387e+14,0.9390184,0.96350287,0.23853323,0.296439527,0.265914795,2,2,0,0.0903469215,0,0,0.0467509925,0.0284566642
4040500694758,1.00627387e+14,0.9390184,0.96350287,0.296439527,0.36840315,0.330468237,9,8,1,0.139536493,0.666666667,0,0.089733065,0.0284566642
4040500694758,1.00627387e+14,0.9390184,0.96350287,0.36840315,0.457836652,0.410692665,3,2,1,0.21550743,0.416666667,0,0.172232129,0.0284566642
4040500694758,1.00627387e+14,0.9390184,0.96350287,0.457836652,0.56898102,0.510392364,5,5,0,0.332840905,0.833333333,0,0.330579438,0.0284566642
4040500694758,1.00627387e+14,0.9390184,0.96350287,0.56898102,0.707106781,0.63429515,6,4,2,0.514056836,1,0,0.634508588,0.0284566642
4040500694758,1.00627387e+14,0.9390184,0.96350287,0.707106781,0.878763934,0.788276561,7,6,1,0.793936162,0.666666667,0,1.21786506,0.0284566642
4040500694758,1.00627387e+14,0.9390184,0.96350287,0.878763934,1.09209256,0.97963848,15,12,3,1.22619638,1.75,3,2.33754962,0.0284566642
4040500694758,1.00627387e+14,0.9390184,0.96350287,1.09209256,1.35720881,1.21745539,20,10,10,1.89380157,2.25,1,4.48665325,0.0284566642
4040500694758,1.00627387e+14,0.9390184,0.96350287,1.35720881,1.68668465,1.51300471,11,6,5,2.92488583,4.5,4,8.61160644,0.0284566642
4040500694758,1.00627387e+14,0.9390184,0.96350287,1.68668465,2.096144,1.88030155,10,4,6,4.51734607,7.83333333,3,16.5289719,0.0284566642
4040500694758,1.00627387e+14,0.9390184,0.96350287,2.096144,2.60500365,2.33676331,10,2,8,6.97682465,11.5833333,1,31.7254294,0.0284566642
4040500694758,1.00627387e+14,0.9390184,0.96350287,2.60500365,3.23739401,2.90403568,22,0,22,10.7753715,21.5,9,60.8932531,0.0284566642
4040500694758,1.00627387e+14,0.9390184,0.96350287,3.23739401,4.02330338,3.60901902,30,0,30,16.6420452,26.9166667,10,116.877481,0.0284566642
4040500694758,1.00627387e+14,0.9390184,0.96350287,4.02330338,5,4.48514402,61,0,61,25.7028418,40,22,224.332663,0.0284566642
4040500696171,1.47358162e+14,0.9419018,1.0938424,0.1,0.124275987,0.11147914,2,2,0,0.0204653446,0,0,0.00504021878,0.0282670583
4040500696171,1.47358162e+14,0.9419018,1.0938424,0.124275987,0.15444521,0.138541802,3,3,0,0.0316077445,0.0833333333,0,0.00967411077,0.0282670583
4040500696171,1.47358162e+14,0.9419018,1.0938424,0.15444521,0.19193831,0.172174193,4,4,0,0.0488166475,0,0,0.0185683248,0.0282670583
4040500696171,1.47358162e+14,0.9419018,1.0938424,0.19193831,0.23853323,0.213971178,6,6,0,0.075394974,0.0833333333,0,0.0356397288,0.0282670583
4040500696171,1.47358162e+14,0.9419018,1.0938424,0.23853323,0.296439527,0.265914795,7,7,0,0.116443926,0.333333333,0,0.0684062933,0.0282670583
4040500696171,1.47358162e+14,0.9419018,1.0938424,0.296439527,0.36840315,0.330468237,12,12,0,0.179842067,0.166666667,0,0.131297883,0.0282670583
4040500696171,1.47358162e+14,0.9419018,1.0938424,0.36840315,0.457836652,0.410692665,7,7,0,0.277757459,0.666666667,0,0.252010939,0.0282670583
4040500696171,1.47358162e+14,0.9419018,1.0938424,0.457836652,0.56898102,0.510392364,4,2,2,0.428983093,0.25,0,0.483705538,0.0282670583
4040500696171,1.47358162e+14,0.9419018,1.0938424,0.56898102,0.707106781,0.63429515,9,7,2,0.66254384,1.83333333,0,0.928416238,0.0282670583
4040500696171,1.47358162e+14,0.9419018,1.0938424,0.707106781,0.878763934,0.788276561,7,5,2,1.02326723,2.75,0,1.78198644,0.0282670583
4040500696171,1.47358162e+14,0.9419018,1.0938424,0.878763934,1.09209256,0.97963848,17,8,9,1.58038723,2,0,3.42031466,0.0282670583
4040500696171,1.47358162e+14,0.9419018,1.0938424,1.09209256,1.35720881,1.21745539,18,7,11,2.44083238,4.75,4,6.56489417,0.0282670583
4040500696171,1.47358162e+14,0.9419018,1.0938424,1.35720881,1.68668465,1.51300471,35,11,24,3.7697487,6.5,2,12.600547,0.0282670583
4040500696171,1.47358162e+14,0.9419018,1.0938424,1.68668465,2.096144,1.88030155,37,8,29,5.82219632,10.1666667,0,24.1852769,0.0282670583
4040500696171,1.47358162e+14,0.9419018,1.0938424,2.096144,2.60500365,2.33676331,58,4,54,8.99210336,14.5833333,6,46.4208119,0.0282670583
4040500696171,1.47358162e+14,0.9419018,1.0938424,2.60500365,3.23739401,2.90403568,69,0,69,13.887873,21.5833333,13,89.099322,0.0282670583
4040500696171,1.47358162e+14,0.9419018,1.0938424,3.23739401,4.02330338,3.60901902,131,0,131,21.4491546,36.8333333,16,171.015733,0.0282670583
4040500696171,1.47358162e+14,0.9419018,1.0938424,4.02330338,5,4.48514402,116,0,116,33.127192,61.75,25,328.244709,0.0282670583
4040510335710,1.1491076e+14,0.98720723,1.0105862,0.1,0.124275987,0.11147914,0,0,0,0.0174685268,0,0,0.0039747079,0.0292793919
4040510335710,1.1491076e+14,0.98720723,1.0105862,0.124275987,0.15444521,0.138541802,5,5,0,0.026979303,0,0,0.00762898718,0.0292793919
4040510335710,1.1491076e+14,0.98720723,1.0105862,0.15444521,0.19193831,0.172174193,1,1,0,0.0416682413,0.25,0,0.0146429491,0.0292793919
4040510335710,1.1491076e+14,0.98720723,1.0105862,0.19193831,0.23853323,0.213971178,2,2,0,0.064354603,0.25,0,0.0281054291,0.0292793919
4040510335710,1.1491076e+14,0.98720723,1.0105862,0.23853323,0.296439527,0.265914795,5,5,0,0.0993926021,0.166666667,0,0.0539450857,0.0292793919
4040510335710,1.1491076e+14,0.98720723,1.0105862,0.296439527,0.36840315,0.330468237,7,7,0,0.153507114,0.5,0,0.103541286,0.0292793919
4040510335710,1.1491076e+14,0.98720723,1.0105862,0.36840315,0.457836652,0.410692665,7,6,1,0.237084385,0.5,0,0.198735395,0.0292793919
4040510335710,1.1491076e+14,0.98720723,1.0105862,0.457836652,0.56898102,0.510392364,1,1,0,0.366165477,0.333333333,0,0.381449359,0.0292793919
4040510335710,1.1491076e+14,0.98720723,1.0105862,0.56898102,0.707106781,0.63429515,8,7,1,0.565525041,1,0,0.732147455,0.0292793919
4040510335710,1.1491076e+14,0.98720723,1.0105862,0.707106781,0.878763934,0.788276561,5,1,4,0.873426341,1.75,0,1.40527145,0.0292793919
4040510335710,1.1491076e+14,0.98720723,1.0105862,0.878763934,1.09209256,0.97963848,13,6,7,1.34896515,2.75,0,2.69725428,0.0292793919
4040510335710,1.1491076e+14,0.98720723,1.0105862,1.09209256,1.35720881,1.21745539,26,8,18,2.08341207,3.91666667,1,5.1770643,0.0292793919
4040510335710,1.1491076e+14,0.98720723,1.0105862,1.35720881,1.68668465,1.51300471,26,6,20,3.21773015,6,6,9.93676974,0.0292793919
4040510335710,1.1491076e+14,0.98720723,1.0105862,1.68668465,2.096144,1.88030155,33,3,30,4.9696301,12.25,6,19.072468,0.0292793919
4040510335710,1.1491076e+14,0.98720723,1.0105862,2.096144,2.60500365,2.33676331,36,0,36,7.67535568,20,2,36.6073727,0.0292793919
4040510335710,1.1491076e+14,0.98720723,1.0105862,2.60500365,3.23739401,2.90403568,44,0,44,11.8542192,32.0833333,10,70.2635727,0.0292793919
4040510335710,1.1491076e+14,0.98720723,1.0105862,3.23739401,4.02330338,3.60901902,75,0,75,18.3082738,38.8333333,11,134.862714,0.0292793919
4040510335710,1.1491076e+14,0.98720723,1.0105862,4.02330338,5,4.48514402,117,0,117,28.2762521,63.1666667,24,258.853215,0.0292793919
4040510339511,1.44970353e+14,0.98032314,1.0918298,0.1,0.124275987,0.11147914,4,4,0,0.020390104,0.0833333333,0,0.0050124489,0.0294896722
4040510339511,1.44970353e+14,0.98032314,1.0918298,0.124275987,0.15444521,0.138541802,3,3,0,0.0314915391,0,0,0.00962080973,0.0294896722
4040510339511,1.44970353e+14,0.98032314,1.0918298,0.15444521,0.19193831,0.172174193,3,2,1,0.0486371738,0.0833333333,0,0.0184660196,0.0294896722
4040510339511,1.44970353e+14,0.98032314,1.0918298,0.19193831,0.23853323,0.213971178,8,7,1,0.0751177854,0.0833333333,0,0.0354433661,0.0294896722
4040510339511,1.44970353e+14,0.98032314,1.0918298,0.23853323,0.296439527,0.265914795,1,1,0,0.116015822,0.25,0,0.068029398,0.0294896722
4040510339511,1.44970353e+14,0.98032314,1.0918298,0.296439527,0.36840315,0.330468237,3,3,0,0.17918088,0.416666667,0,0.130574477,0.0294896722
4040510339511,1.44970353e+14,0.98032314,1.0918298,0.36840315,0.457836652,0.410692665,7,7,0,0.276736288,0.5,0,0.250622445,0.0294896722
4040510339511,1.44970353e+14,0.98032314,1.0918298,0.457836652,0.56898102,0.510392364,7,7,0,0.427405942,0.833333333,0,0.481040486,0.0294896722
4040510339511,1.44970353e+14,0.98032314,1.0918298,0.56898102,0.707106781,0.63429515,14,14,0,0.660108007,1.41666667,0,0.923300982,0.0294896722
4040510339511,1.44970353e+14,0.98032314,1.0918298,0.707106781,0.878763934,0.788276561,18,13,5,1.0195052,2.66666667,0,1.7721683,0.0294896722
4040510339511,1.44970353e+14,0.98032314,1.0918298,0.878763934,1.09209256,0.97963848,15,9,6,1.57457695,4,1,3.4014699,0.0294896722
4040510339511,1.44970353e+14,0.98032314,1.0918298,1.09209256,1.35720881,1.21745539,12,7,5,2.43185869,4.08333333,3,6.52872385,0.0294896722
4040510339511,1.44970353e+14,0.98032314,1.0918298,1.35720881,1.68668465,1.51300471,23,5,18,3.75588927,7,0,12.5311222,0.0294896722
4040510339511,1.44970353e+14,0.98032314,1.0918298,1.68668465,2.096144,1.88030155,39,5,34,5.80079109,12.0833333,6,24.0520243,0.0294896722
4040510339511,1.44970353e+14,0.98032314,1.0918298,2.096144,2.60500365,2.33676331,29,5,24,8.95904401,20.75,4,46.1650491,0.0294896722
4040510339511,1.44970353e+14,0.98032314,1.0918298,2.60500365,3.23739401,2.90403568,63,1,62,13.8368144,27.1666667,8,88.6084152,0.0294896722
4040510339511,1.44970353e+14,0.98032314,1.0918298,3.23739401,4.02330338,3.60901902,100,0,100,21.3702971,51.0833333,16,170.073495,0.0294896722
4040510339511,1.44970353e+14,0.98032314,1.0918298,4.02330338,5,4.48514402,138,0,138,33.0054003,73.25,28,326.436193,0.0294896722
4040510496519,1.43120616e+14,0.99575424,1.0872135,0.1,0.124275987,0.11147914,2,2,0,0.0202180482,0,0,0.00494913883,0.0292199411
4040510496519,1.43120616e+14,0.99575424,1.0872135,0.124275987,0.15444521,0.138541802,3,3,0,0.031225807,0.0833333333,0,0.00949929345,0.0292199411
4040510496519,1.43120616e+14,0.99575424,1.0872135,0.15444521,0.19193831,0.172174193,3,3,0,0.0482267634,0.25,0,0.0182327833,0.0292199411
4040510496519,1.43120616e+14,0.99575424,1.0872135,0.19193831,0.23853323,0.213971178,4,4,0,0.0744839263,0.166666667,0,0.0349956963,0.0292199411
4040510496519,1.43120616e+14,0.99575424,1.0872135,0.23853323,0.296439527,0.265914795,1,1,0,0.115036857,0,0,0.0671701482,0.0292199411
4040510496519,1.43120616e+14,0.99575424,1.0872135,0.296439527,0.36840315,0.330468237,5,5,0,0.177668915,0.416666667,0,0.128925247,0.0292199411
4040510496519,1.43120616e+14,0.99575424,1.0872135,0.36840315,0.457836652,0.410692665,6,6,0,0.274401131,0.583333333,0,0.247456942,0.0292199411
4040510496519,1.43120616e+14,0.99575424,1.0872135,0.457836652,0.56898102,0.510392364,8,7,1,0.423799404,0.416666667,0,0.474964673,0.0292199411
4040510496519,1.43120616e+14,0.99575424,1.0872135,0.56898102,0.707106781,0.63429515,12,11,1,0.654537881,0.916666667,0,0.911639167,0.0292199411
4040510496519,1.43120616e+14,0.99575424,1.0872135,0.707106781,0.878763934,0.788276561,9,5,4,1.01090241,2,0,1.74978481,0.0292199411
4040510496519,1.43120616e+14,0.99575424,1.0872135,0.878763934,1.09209256,0.97963848,15,12,3,1.56129035,2.66666667,0,3.35850741,0.0292199411
4040510496519,1.43120616e+14,0.99575424,1.0872135,1.09209256,1.35720881,1.21745539,15,4,11,2.41133817,6.08333333,5,6.44626237,0.0292199411
4040510496519,1.43120616e+14,0.99575424,1.0872135,1.35720881,1.68668465,1.51300471,22,8,14,3.72419631,5.83333333,6,12.3728471,0.0292199411
4040510496519,1.43120616e+14,0.99575424,1.0872135,1.68668465,2.096144,1.88030155,36,10,26,5.75184284,10.8333333,6,23.7482336,0.0292199411
4040510496519,1.43120616e+14,0.99575424,1.0872135,2.096144,2.60500365,2.33676331,22,0,22,8.88344577,16.5,9,45.5819584,0.0292199411
4040510496519,1.43120616e+14,0.99575424,1.0872135,2.60500365,3.23739401,2.90403568,69,0,69,13.7200565,30.6666667,12,87.4892407,0.0292199411
4040510496519,1.43120616e+14,0.99575424,1.0872135,3.23739401,4.02330338,3.60901902,75,0,75,21.1899702,44.4166667,22,167.92537,0.0292199411
4040510496519,1.43120616e+14,0.99575424,1.0872135,4.02330338,5,4.48514402,76,0,76,32.726894,55.0833333,27,322.313119,0.0292199411
4139480169049,1.58209369e+14,0.81793165,1.1110868,0.1,0.124275987,0.11147914,0,0,0,0.0211157023,0,0,0.00528237333,0.0308658725
4139480169049,1.58209369e+14,0.81793165,1.1110868,0.124275987,0.15444521,0.138541802,1,1,0,0.0326121908,0,0,0.0101388981,0.0308658725
4139480169049,1.58209369e+14,0.81793165,1.1110868,0.15444521,0.19193831,0.172174193,1,1,0,0.0503679668,0,0,0.0194604297,0.0308658725
4139480169049,1.58209369e+14,0.81793165,1.1110868,0.19193831,0.23853323,0.213971178,3,3,0,0.0777909123,0,0,0.03735202,0.0308658725
4139480169049,1.58209369e+14,0.81793165,1.1110868,0.23853323,0.296439527,0.265914795,6,6,0,0.120144338,0.0833333333,0,0.0716928361,0.0308658725
4139480169049,1.58209369e+14,0.81793165,1.1110868,0.296439527,0.36840315,0.330468237,9,6,3,0.185557176,0.833333333,0,0.137606018,0.0308658725
4139480169049,1.58209369e+14,0.81793165,1.1110868,0.36840315,0.457836652,0.410692665,8,7,1,0.286584171,0.166666667,0,0.264118667,0.0308658725
4139480169049,1.58209369e+14,0.81793165,1.1110868,0.457836652,0.56898102,0.510392364,10,7,3,0.442615527,0.666666667,0,0.506944906,0.0308658725
4139480169049,1.58209369e+14,0.81793165,1.1110868,0.56898102,0.707106781,0.63429515,12,10,2,0.683598482,2.08333333,0,0.973021487,0.0308658725
4139480169049,1.58209369e+14,0.81793165,1.1110868,0.707106781,0.878763934,0.788276561,26,15,11,1.05578511,2.16666667,0,1.867601,0.0308658725
4139480169049,1.58209369e+14,0.81793165,1.1110868,0.878763934,1.09209256,0.97963848,35,9,26,1.63060954,3.41666667,4,3.58464181,0.0308658725
4139480169049,1.58209369e+14,0.81793165,1.1110868,1.09209256,1.35720881,1.21745539,20,7,13,2.51839834,4.58333333,7,6.88030092,0.0308658725
4139480169049,1.58209369e+14,0.81793165,1.1110868,1.35720881,1.68668465,1.51300471,37,9,28,3.88954562,6.91666667,9,13.2059333,0.0308658725
4139480169049,1.58209369e+14,0.81793165,1.1110868,1.68668465,2.096144,1.88030155,55,7,48,6.00721691,10.75,10,25.3472453,0.0308658725
4139480169049,1.58209369e+14,0.81793165,1.1110868,2.096144,2.60500365,2.33676331,66,4,62,9.27785881,17.75,9,48.6510743,0.0308658725
4139480169049,1.58209369e+14,0.81793165,1.1110868,2.60500365,3.23739401,2.90403568,89,3,86,14.3292086,29.5833333,16,93.3800501,0.0308658725
4139480169049,1.58209369e+14,0.81793165,1.1110868,3.23739401,4.02330338,3.60901902,127,0,127,22.1307763,39.5,28,179.23209,0.0308658725
4139480169049,1.58209369e+14,0.81793165,1.1110868,4.02330338,5,4.48514402,174,0,174,34.1799241,63.5833333,35,344.015046,0.0308658725
4139480468200,1.6716571e+14,0.7917641,1.1317811,0.1,0.124275987,0.11147914,2,2,0,0.021909599,0,0,0.00558306185,0.0334480498
4139480468200,1.6716571e+14,0.7917641,1.1317811,0.124275987,0.15444521,0.138541802,1,1,0,0.0338383262,0,0,0.0107160346,0.0334480498
4139480468200,1.6716571e+14,0.7917641,1.1317811,0.15444521,0.19193831,0.172174193,7,7,0,0.0522616742,0.0833333333,0,0.0205681757,0.0334480498
4139480468200,1.6716571e+14,0.7917641,1.1317811,0.19193831,0.23853323,0.213971178,0,0,0,0.0807156527,0.333333333,0,0.0394782089,0.0334480498
4139480468200,1.6716571e+14,0.7917641,1.1317811,0.23853323,0.296439527,0.265914795,7,6,1,0.12466146,0.166666667,0,0.0757738072,0.0334480498
4139480468200,1.6716571e+14,0.7917641,1.1317811,0.296439527,0.36840315,0.330468237,5,4,1,0.192533654,0.333333333,0,0.145438965,0.0334480498
4139480468200,1.6716571e+14,0.7917641,1.1317811,0.36840315,0.457836652,0.410692665,11,8,3,0.297359007,0.583333333,0,0.279153092,0.0334480498
4139480468200,1.6716571e+14,0.7917641,1.1317811,0.457836652,0.56898102,0.510392364,6,2,4,0.459256744,0.333333333,0,0.535801729,0.0334480498
4139480468200,1.6716571e+14,0.7917641,1.1317811,0.56898102,0.707106781,0.63429515,14,11,3,0.709300046,1.5,0,1.02840879,0.0334480498
4139480468200,1.6716571e+14,0.7917641,1.1317811,0.707106781,0.878763934,0.788276561,20,7,13,1.09547995,2,0,1.97391045,0.0334480498
4139480468200,1.6716571e+14,0.7917641,1.1317811,0.878763934,1.09209256,0.97963848,29,11,18,1.69191631,4.75,1,3.78869036,0.0334480498
4139480468200,1.6716571e+14,0.7917641,1.1317811,1.09209256,1.35720881,1.21745539,33,6,27,2.61308371,6.58333333,3,7.27194826,0.0334480498
4139480468200,1.6716571e+14,0.7917641,1.1317811,1.35720881,1.68668465,1.51300471,54,15,39,4.03578264,9.5,5,13.9576546,0.0334480498
4139480468200,1.6716571e+14,0.7917641,1.1317811,1.68668465,2.096144,1.88030155,54,7,47,6.23307299,14.0833333,6,26.7900865,0.0334480498
4139480468200,1.6716571e+14,0.7917641,1.1317811,2.096144,2.60500365,2.33676331,74,4,70,9.6266827,18.8333333,6,51.4204393,0.0334480498
4139480468200,1.6716571e+14,0.7917641,1.1317811,2.60500365,3.23739401,2.90403568,92,1,91,14.8679504,31.5,6,98.6955223,0.0334480498
4139480468200,1.6716571e+14,0.7917641,1.1317811,3.23739401,4.02330338,3.60901902,152,0,152,22.9628372,46.1666667,19,189.434518,0.0334480498
4139480468200,1.6716571e+14,0.7917641,1.1317811,4.02330338,5,4.48514402,270,0,270,35.4650023,77.75,29,363.597413,0.0334480498
4139480475170,4.45074997e+14,0.7872389,1.5683119,0.1,0.124275987,0.11147914,13,13,0,0.0420701857,0.0833333333,0,0.0148553347,0.0335990871
4139480475170,4.45074997e+14,0.7872389,1.5683119,0.124275987,0.15444521,0.138541802,15,12,3,0.0649753869,0.25,0,0.0285130784,0.0335990871
4139480475170,4.45074997e+14,0.7872389,1.5683119,0.15444521,0.19193831,0.172174193,13,9,4,0.100351373,0.25,0,0.0547275209,0.0335990871
4139480475170,4.45074997e+14,0.7872389,1.5683119,0.19193831,0.23853323,0.213971178,19,16,3,0.154987889,0.75,0,0.105043079,0.0335990871
4139480475170,4.45074997e+14,0.7872389,1.5683119,0.23853323,0.296439527,0.265914795,24,14,10,0.239371372,1,0,0.201617911,0.0335990871
4139480475170,4.45074997e+14,0.7872389,1.5683119,0.296439527,0.36840315,0.330468237,26,20,6,0.369697619,1.41666667,0,0.386982012,0.0335990871
4139480475170,4.45074997e+14,0.7872389,1.5683119,0.36840315,0.457836652,0.410692665,26,15,11,0.570980267,1.5,0,0.742766734,0.0335990871
4139480475170,4.45074997e+14,0.7872389,1.5683119,0.457836652,0.56898102,0.510392364,64,30,34,0.881851675,2.75,0,1.42565392,0.0335990871
4139480475170,4.45074997e+14,0.7872389,1.5683119,0.56898102,0.707106781,0.63429515,74,27,47,1.36197768,4.75,0,2.73637605,0.0335990871
4139480475170,4.45074997e+14,0.7872389,1.5683119,0.707106781,0.878763934,0.788276561,77,35,42,2.10350929,4.75,0,5.25215395,0.0335990871
4139480475170,4.45074997e+14,0.7872389,1.5683119,0.878763934,1.09209256,0.97963848,95,28,67,3.24876935,8.25,3,10.0808955,0.0335990871
4139480475170,4.45074997e+14,0.7872389,1.5683119,1.09209256,1.35720881,1.21745539,101,25,76,5.01756866,13.4166667,12,19.3491006,0.0335990871
4139480475170,4.45074997e+14,0.7872389,1.5683119,1.35720881,1.68668465,1.51300471,91,19,72,7.74939447,20.8333333,10,37.1383367,0.0335990871
4139480475170,4.45074997e+14,0.7872389,1.5683119,1.68668465,2.096144,1.88030155,146,19,127,11.9685686,29.4166667,25,71.282696,0.0335990871
4139480475170,4.45074997e+14,0.7872389,1.5683119,2.096144,2.60500365,2.33676331,128,5,123,18.484881,46.1666667,20,136.818802,0.0335990871
4139480475170,4.45074997e+14,0.7872389,1.5683119,2.60500365,3.23739401,2.90403568,148,1,147,28.5490133,58.5,35,262.607697,0.0335990871
4139480475170,4.45074997e+14,0.7872389,1.5683119,3.23739401,4.02330338,3.60901902,250,0,250,44.0925837,99.8333333,45,504.044777,0.0335990871
4139480475170,4.45074997e+14,0.7872389,1.5683119,4.02330338,5,4.48514402,458,0,458,68.0988838,194.166667,92,967.455029,0.0335990871
4139480508298,1.2795557e+14,0.8018292,1.0353002,0.1,0.124275987,0.11147914,2,2,0,0.0183333635,0.0833333333,0,0.00427350308,0.0325708005
4139480508298,1.2795557e+14,0.8018292,1.0353002,0.124275987,0.15444521,0.138541802,1,1,0,0.0283150019,0.166666667,0,0.0082024896,0.0325708005
4139480508298,1.2795557e+14,0.8018292,1.0353002,0.15444521,0.19193831,0.172174193,6,6,0,0.0437311642,0.166666667,0,0.0157437199,0.0325708005
4139480508298,1.2795557e+14,0.8018292,1.0353002,0.19193831,0.23853323,0.213971178,3,3,0,0.0675406887,0.0833333333,0,0.0302182301,0.0325708005
4139480508298,1.2795557e+14,0.8018292,1.0353002,0.23853323,0.296439527,0.265914795,5,5,0,0.104313359,0.333333333,0,0.0580003602,0.0325708005
4139480508298,1.2795557e+14,0.8018292,1.0353002,0.296439527,0.36840315,0.330468237,9,8,1,0.161106987,0.583333333,0,0.111324911,0.0325708005
4139480508298,1.2795557e+14,0.8018292,1.0353002,0.36840315,0.457836652,0.410692665,6,6,0,0.248822024,0.5,0,0.213675154,0.0325708005
4139480508298,1.2795557e+14,0.8018292,1.0353002,0.457836652,0.56898102,0.510392364,2,2,0,0.384293699,1.66666667,0,0.41012448,0.0325708005
4139480508298,1.2795557e+14,0.8018292,1.0353002,0.56898102,0.707106781,0.63429515,9,7,2,0.593523213,1.08333333,0,0.787185997,0.0325708005
4139480508298,1.2795557e+14,0.8018292,1.0353002,0.707106781,0.878763934,0.788276561,11,6,5,0.916668176,2.25,0,1.5109115,0.0325708005
4139480508298,1.2795557e+14,0.8018292,1.0353002,0.878763934,1.09209256,0.97963848,21,9,12,1.41575009,3.58333333,0,2.90001801,0.0325708005
4139480508298,1.2795557e+14,0.8018292,1.0353002,1.09209256,1.35720881,1.21745539,20,11,9,2.18655821,4.91666667,5,5.56624557,0.0325708005
4139480508298,1.2795557e+14,0.8018292,1.0353002,1.35720881,1.68668465,1.51300471,17,9,8,3.37703443,7.25,1,10.6837577,0.0325708005
4139480508298,1.2795557e+14,0.8018292,1.0353002,1.68668465,2.096144,1.88030155,28,4,24,5.21566794,10.4166667,3,20.506224,0.0325708005
4139480508298,1.2795557e+14,0.8018292,1.0353002,2.096144,2.60500365,2.33676331,45,2,43,8.05534933,14.3333333,5,39.3592999,0.0325708005
4139480508298,1.2795557e+14,0.8018292,1.0353002,2.60500365,3.23739401,2.90403568,50,0,50,12.4411012,24.25,6,75.5455751,0.0325708005
4139480508298,1.2795557e+14,0.8018292,1.0353002,3.23739401,4.02330338,3.60901902,102,0,102,19.214685,36.8333333,12,145.0009,0.0325708005
4139480508298,1.2795557e+14,0.8018292,1.0353002,4.02330338,5,4.48514402,149,0,149,29.6761607,53.75,26,278.312278,0.0325708005
4139490672837,1.65223835e+14,0.8698024,1.1323954,0.1,0.124275987,0.11147914,5,5,0,0.0219333893,0,0,0.00559215779,0.0298760347
4139490672837,1.65223835e+14,0.8698024,1.1323954,0.124275987,0.15444521,0.138541802,5,5,0,0.0338750693,0,0,0.0107334932,0.0298760347
4139490672837,1.65223835e+14,0.8698024,1.1323954,0.15444521,0.19193831,0.172174193,3,3,0,0.052318422,0,0,0.0206016854,0.0298760347
4139490672837,1.65223835e+14,0.8698024,1.1323954,0.19193831,0.23853323,0.213971178,3,3,0,0.080803297,0.166666667,0,0.0395425269,0.0298760347
4139490672837,1.65223835e+14,0.8698024,1.1323954,0.23853323,0.296439527,0.265914795,9,9,0,0.124796822,0,0,0.0758972581,0.0298760347
4139490672837,1.65223835e+14,0.8698024,1.1323954,0.296439527,0.36840315,0.330468237,5,5,0,0.192742715,0.5,0,0.145675915,0.0298760347
4139490672837,1.65223835e+14,0.8698024,1.1323954,0.36840315,0.457836652,0.410692665,9,9,0,0.297681891,0.5,0,0.279607889,0.0298760347
4139490672837,1.65223835e+14,0.8698024,1.1323954,0.457836652,0.56898102,0.510392364,21,18,3,0.459755424,0.833333333,0,0.536674659,0.0298760347
4139490672837,1.65223835e+14,0.8698024,1.1323954,0.56898102,0.707106781,0.63429515,7,5,2,0.710070232,2.25,0,1.03008427,0.0298760347
4139490672837,1.65223835e+14,0.8698024,1.1323954,0.707106781,0.878763934,0.788276561,27,17,10,1.09666946,4,0,1.97712635,0.0298760347
4139490672837,1.65223835e+14,0.8698024,1.1323954,0.878763934,1.09209256,0.97963848,29,17,12,1.69375346,5.08333333,0,3.7948629,0.0298760347
4139490672837,1.65223835e+14,0.8698024,1.1323954,1.09209256,1.35720881,1.21745539,31,8,23,2.6159211,5.66666667,0,7.28379574,0.0298760347
4139490672837,1.65223835e+14,0.8698024,1.1323954,1.35720881,1.68668465,1.51300471,49,12,37,4.04016485,8.83333333,2,13.9803945,0.0298760347
4139490672837,1.65223835e+14,0.8698024,1.1323954,1.68668465,2.096144,1.88030155,75,2,73,6.23984111,15.1666667,7,26.8337329,0.0298760347
4139490672837,1.65223835e+14,0.8698024,1.1323954,2.096144,2.60500365,2.33676331,43,0,43,9.63713574,21.8333333,7,51.5042136,0.0298760347
4139490672837,1.65223835e+14,0.8698024,1.1323954,2.60500365,3.23739401,2.90403568,51,0,51,14.8840946,29.4166667,13,98.8563173,0.0298760347
4139490672837,1.65223835e+14,0.8698024,1.1323954,3.23739401,4.02330338,3.60901902,80,0,80,22.9877712,45.0833333,10,189.743145,0.0298760347
4139490672837,1.65223835e+14,0.8698024,1.1323954,4.02330338,5,4.48514402,108,0,108,35.5035116,80.6666667,30,364.189787,0.0298760347
4139490696985,1.29090772e+14,0.8972825,1.0491506,0.1,0.124275987,0.11147914,0,0,0,0.0188271777,0,0,0.00444732254,0.030144969
4139490696985,1.29090772e+14,0.8972825,1.0491506,0.124275987,0.15444521,0.138541802,4,3,1,0.0290776742,0,0,0.00853611574,0.030144969
4139490696985,1.29090772e+14,0.8972825,1.0491506,0.15444521,0.19193831,0.172174193,4,4,0,0.0449090751,0,0,0.0163840763,0.030144969
4139490696985,1.29090772e+14,0.8972825,1.0491506,0.19193831,0.23853323,0.213971178,7,4,3,0.0693599155,0,0,0.0314473192,0.030144969
4139490696985,1.29090772e+14,0.8972825,1.0491506,0.23853323,0.296439527,0.265914795,5,4,1,0.107123067,0.25,0,0.0603594532,0.030144969
4139490696985,1.29090772e+14,0.8972825,1.0491506,0.296439527,0.36840315,0.330468237,4,4,0,0.165446447,0.0833333333,0,0.115852915,0.030144969
4139490696985,1.29090772e+14,0.8972825,1.0491506,0.36840315,0.457836652,0.410692665,9,6,3,0.255524113,0.166666667,0,0.222366127,0.030144969
4139490696985,1.29090772e+14,0.8972825,1.0491506,0.457836652,0.56898102,0.510392364,11,6,5,0.394644755,0.583333333,0,0.426805787,0.030144969
4139490696985,1.29090772e+14,0.8972825,1.0491506,0.56898102,0.707106781,0.63429515,10,9,1,0.609509922,0.5,0,0.819203816,0.030144969
4139490696985,1.29090772e+14,0.8972825,1.0491506,0.707106781,0.878763934,0.788276561,10,6,4,0.941358883,1.83333333,0,1.57236596,0.030144969
4139490696985,1.29090772e+14,0.8972825,1.0491506,0.878763934,1.09209256,0.97963848,16,7,9,1.45388371,2,0,3.01797266,0.030144969
4139490696985,1.29090772e+14,0.8972825,1.0491506,1.09209256,1.35720881,1.21745539,23,9,14,2.24545375,2.58333333,1,5.79264573,0.030144969
4139490696985,1.29090772e+14,0.8972825,1.0491506,1.35720881,1.68668465,1.51300471,46,12,34,3.46799577,5.08333333,4,11.1183063,0.030144969
4139490696985,1.29090772e+14,0.8972825,1.0491506,1.68668465,2.096144,1.88030155,52,8,44,5.35615337,8.75,5,21.3402893,0.030144969
4139490696985,1.29090772e+14,0.8972825,1.0491506,2.096144,2.60500365,2.33676331,45,4,41,8.27232235,9.5,14,40.9601908,0.030144969
4139490696985,1.29090772e+14,0.8972825,1.0491506,2.60500365,3.23739401,2.90403568,56,0,56,12.7762057,16.25,12,78.6182981,0.030144969
4139490696985,1.29090772e+14,0.8972825,1.0491506,3.23739401,4.02330338,3.60901902,80,0,80,19.7322377,22.6666667,18,150.898633,0.030144969
4139490696985,1.29090772e+14,0.8972825,1.0491506,4.02330338,5,4.48514402,150,0,150,30.4754961,40.1666667,24,289.632287,0.030144969
4139490729252,1.86717145e+14,0.89334327,1.1791013,0.1,0.124275987,0.11147914,1,1,0,0.0237799967,0,0,0.00631303914,0.0301192371
4139490729252,1.86717145e+14,0.89334327,1.1791013,0.124275987,0.15444521,0.138541802,2,2,0,0.036727066,0.166666667,0,0.0121171407,0.0301192371
4139490729252,1.86717145e+14,0.89334327,1.1791013,0.15444521,0.19193831,0.172174193,3,3,0,0.0567231944,0,0,0.023257435,0.0301192371
4139490729252,1.86717145e+14,0.89334327,1.1791013,0.19193831,0.23853323,0.213971178,4,4,0,0.0876062569,0.25,0,0.0446399279,0.0301192371
4139490729252,1.86717145e+14,0.89334327,1.1791013,0.23853323,0.296439527,0.265914795,7,7,0,0.135303668,0.416666667,0,0.0856811233,0.0301192371
4139490729252,1.86717145e+14,0.89334327,1.1791013,0.296439527,0.36840315,0.330468237,11,10,1,0.208970035,0.416666667,0,0.1644549,0.0301192371
4139490729252,1.86717145e+14,0.89334327,1.1791013,0.36840315,0.457836652,0.410692665,10,9,1,0.32274421,0.916666667,0,0.315651957,0.0301192371
4139490729252,1.86717145e+14,0.89334327,1.1791013,0.457836652,0.56898102,0.510392364,12,6,6,0.498462975,1.33333333,0,0.605857033,0.0301192371
4139490729252,1.86717145e+14,0.89334327,1.1791013,0.56898102,0.707106781,0.63429515,15,8,7,0.76985219,1.25,0,1.16287175,0.0301192371
4139490729252,1.86717145e+14,0.89334327,1.1791013,0.707106781,0.878763934,0.788276561,21,9,12,1.18899984,1.25,0,2.23199639,0.0301192371
4139490729252,1.86717145e+14,0.89334327,1.1791013,0.878763934,1.09209256,0.97963848,24,9,15,1.8363533,3.16666667,3,4.28405616,0.0301192371
4139490729252,1.86717145e+14,0.89334327,1.1791013,1.09209256,1.35720881,1.21745539,35,15,20,2.83615972,5.16666667,4,8.22274502,0.0301192371
4139490729252,1.86717145e+14,0.89334327,1.1791013,1.35720881,1.68668465,1.51300471,42,9,33,4.38031285,9.41666667,6,15.7825979,0.0301192371
4139490729252,1.86717145e+14,0.89334327,1.1791013,1.68668465,2.096144,1.88030155,25,8,17,6.7651834,17.4166667,9,30.2928516,0.0301192371
4139490729252,1.86717145e+14,0.89334327,1.1791013,2.096144,2.60500365,2.33676331,63,3,60,10.4485017,28.75,9,58.1435876,0.0301192371
4139490729252,1.86717145e+14,0.89334327,1.1791013,2.60500365,3.23739401,2.90403568,74,0,74,16.1372105,38.5,12,111.59982,0.0301192371
4139490729252,1.86717145e+14,0.89334327,1.1791013,3.23739401,4.02330338,3.60901902,138,0,138,24.9231487,54.9166667,16,214.202808,0.0301192371
4139490729252,1.86717145e+14,0.89334327,1.1791013,4.02330338,5,4.48514402,204,0,204,38.4926095,81.5833333,30,411.137251,0.0301192371
4139490796219,1.0226928e+14,0.8841168,0.9657369,0.1,0.124275987,0.11147914,1,1,0,0.0159524431,0,0,0.00346865898,0.0301614222
4139490796219,1.0226928e+14,0.8841168,0.9657369,0.124275987,0.15444521,0.138541802,0,0,0,0.0246377844,0,0,0.00665768544,0.0301614222
4139490796219,1.0226928e+14,0.8841168,0.9657369,0.15444521,0.19193831,0.172174193,5,4,1,0.038051878,0.166666667,0,0.0127786489,0.0301614222
4139490796219,1.0226928e+14,0.8841168,0.9657369,0.19193831,0.23853323,0.213971178,2,2,0,0.058769303,0.166666667,0,0.0245271229,0.0301614222
4139490796219,1.0226928e+14,0.8841168,0.9657369,0.23853323,0.296439527,0.265914795,3,3,0,0.0907663738,0.333333333,0,0.0470769452,0.0301614222
4139490796219,1.0226928e+14,0.8841168,0.9657369,0.296439527,0.36840315,0.330468237,7,6,1,0.140184317,0.25,0,0.0903586932,0.0301614222
4139490796219,1.0226928e+14,0.8841168,0.9657369,0.36840315,0.457836652,0.410692665,7,5,2,0.216507963,0,0,0.173432949,0.0301614222
4139490796219,1.0226928e+14,0.8841168,0.9657369,0.457836652,0.56898102,0.510392364,9,6,3,0.33438618,0.0833333333,0,0.332884272,0.0301614222
4139490796219,1.0226928e+14,0.8841168,0.9657369,0.56898102,0.707106781,0.63429515,6,3,3,0.516443439,0.416666667,0,0.638932447,0.0301614222
4139490796219,1.0226928e+14,0.8841168,0.9657369,0.707106781,0.878763934,0.788276561,7,7,0,0.797622157,2,0,1.22635614,0.0301614222
4139490796219,1.0226928e+14,0.8841168,0.9657369,0.878763934,1.09209256,0.97963848,8,5,3,1.23188922,2.25,0,2.35384726,0.0301614222
4139490796219,1.0226928e+14,0.8841168,0.9657369,1.09209256,1.35720881,1.21745539,14,8,6,1.9025939,2.58333333,2,4.51793466,0.0301614222
4139490796219,1.0226928e+14,0.8841168,0.9657369,1.35720881,1.68668465,1.51300471,16,8,8,2.93846515,4.83333333,2,8.67164745,0.0301614222
4139490796219,1.0226928e+14,0.8841168,0.9657369,1.68668465,2.096144,1.88030155,11,5,6,4.53831869,6.08333333,3,16.6442136,0.0301614222
4139490796219,1.0226928e+14,0.8841168,0.9657369,2.096144,2.60500365,2.33676331,9,1,8,7.00921585,10.0833333,5,31.9466224,0.0301614222
4139490796219,1.0226928e+14,0.8841168,0.9657369,2.60500365,3.23739401,2.90403568,13,0,13,10.8253982,14.8333333,6,61.3178072,0.0301614222
4139490796219,1.0226928e+14,0.8841168,0.9657369,3.23739401,4.02330338,3.60901902,12,0,12,16.719309,23.8333333,8,117.692363,0.0301614222
4139490796219,1.0226928e+14,0.8841168,0.9657369,4.02330338,5,4.48514402,27,0,27,25.822172,43.25,4,225.896733,0.0301614222
4139500148866,1.00702023e+14,0.93301845,0.96421124,0.1,0.124275987,0.11147914,0,0,0,0.01590208,0.166666667,0,0.0034522457,0.0290650308
4139500148866,1.00702023e+14,0.93301845,0.96421124,0.124275987,0.15444521,0.138541802,1,1,0,0.0245600009,0,0,0.00662618206,0.0290650308
4139500148866,1.00702023e+14,0.93301845,0.96421124,0.15444521,0.19193831,0.172174193,3,3,0,0.0379317451,0,0,0.0127181819,0.0290650308
4139500148866,1.00702023e+14,0.93301845,0.96421124,0.19193831,0.23853323,0.213971178,5,5,0,0.0585837636,0,0,0.0244110634,0.0290650308
4139500148866,1.00702023e+14,0.93301845,0.96421124,0.23853323,0.296439527,0.265914795,0,0,0,0.0904798169,0.0833333333,0,0.0468541827,0.0290650308
4139500148866,1.00702023e+14,0.93301845,0.96421124,0.296439527,0.36840315,0.330468237,7,7,0,0.139741744,0.25,0,0.0899311266,0.0290650308
4139500148866,1.00702023e+14,0.93301845,0.96421124,0.36840315,0.457836652,0.410692665,8,6,2,0.21582443,0.166666667,0,0.172612285,0.0290650308
4139500148866,1.00702023e+14,0.93301845,0.96421124,0.457836652,0.56898102,0.510392364,10,9,1,0.333330496,0.25,0,0.331309103,0.0290650308
4139500148866,1.00702023e+14,0.93301845,0.96421124,0.56898102,0.707106781,0.63429515,11,8,3,0.514812986,0.666666667,0,0.635909094,0.0290650308
4139500148866,1.00702023e+14,0.93301845,0.96421124,0.707106781,0.878763934,0.788276561,12,6,6,0.795103999,0.583333333,0,1.22055317,0.0290650308
4139500148866,1.00702023e+14,0.93301845,0.96421124,0.878763934,1.09209256,0.97963848,23,9,14,1.22800005,1.16666667,0,2.34270913,0.0290650308
4139500148866,1.00702023e+14,0.93301845,0.96421124,1.09209256,1.35720881,1.21745539,20,8,12,1.89658725,1.33333333,1,4.49655633,0.0290650308
4139500148866,1.00702023e+14,0.93301845,0.96421124,1.35720881,1.68668465,1.51300471,14,0,14,2.92918818,2.75,1,8.63061424,0.0290650308
4139500148866,1.00702023e+14,0.93301845,0.96421124,1.68668465,2.096144,1.88030155,12,0,12,4.52399085,5.91666667,1,16.5654551,0.0290650308
4139500148866,1.00702023e+14,0.93301845,0.96421124,2.096144,2.60500365,2.33676331,29,0,29,6.98708719,10.1666667,5,31.7954547,0.0290650308
4139500148866,1.00702023e+14,0.93301845,0.96421124,2.60500365,3.23739401,2.90403568,35,0,35,10.7912215,16.25,5,61.0276586,0.0290650308
4139500148866,1.00702023e+14,0.93301845,0.96421124,3.23739401,4.02330338,3.60901902,42,0,42,16.6665248,23,18,117.135457,0.0290650308
4139500148866,1.00702023e+14,0.93301845,0.96421124,4.02330338,5,4.48514402,78,0,78,25.7406493,40.25,17,224.827816,0.0290650308
4139500511040,2.12090491e+14,0.9040366,1.239029,0.1,0.124275987,0.11147914,2,2,0,0.0262586562,0,0,0.00732536959,0.0301403185
4139500511040,2.12090491e+14,0.9040366,1.239029,0.124275987,0.15444521,0.138541802,3,3,0,0.0405552368,0,0,0.0140601906,0.0301403185
4139500511040,2.12090491e+14,0.9040366,1.239029,0.15444521,0.19193831,0.172174193,7,7,0,0.0626356208,0.0833333333,0,0.0269868923,0.0301403185
4139500511040,2.12090491e+14,0.9040366,1.239029,0.19193831,0.23853323,0.213971178,5,5,0,0.0967377164,0.333333333,0,0.0517981851,0.0301403185
4139500511040,2.12090491e+14,0.9040366,1.239029,0.23853323,0.296439527,0.265914795,10,8,2,0.14940677,0.166666667,0,0.0994205614,0.0301403185
4139500511040,2.12090491e+14,0.9040366,1.239029,0.296439527,0.36840315,0.330468237,9,9,0,0.2307516,0.333333333,0,0.190826146,0.0301403185
4139500511040,2.12090491e+14,0.9040366,1.239029,0.36840315,0.457836652,0.410692665,10,10,0,0.356384794,0.916666667,0,0.36626848,0.0301403185
4139500511040,2.12090491e+14,0.9040366,1.239029,0.457836652,0.56898102,0.510392364,19,12,7,0.550419246,0.5,0,0.703009531,0.0301403185
4139500511040,2.12090491e+14,0.9040366,1.239029,0.56898102,0.707106781,0.63429515,26,19,7,0.850096163,1.25,0,1.34934462,0.0301403185
4139500511040,2.12090491e+14,0.9040366,1.239029,0.707106781,0.878763934,0.788276561,18,11,7,1.31293281,1.91666667,0,2.58990926,0.0301403185
4139500511040,2.12090491e+14,0.9040366,1.239029,0.878763934,1.09209256,0.97963848,30,13,17,2.02776184,2.41666667,2,4.97102807,0.0301403185
4139500511040,2.12090491e+14,0.9040366,1.239029,1.09209256,1.35720881,1.21745539,26,15,11,3.13178104,4,3,9.54130728,0.0301403185
4139500511040,2.12090491e+14,0.9040366,1.239029,1.35720881,1.68668465,1.51300471,43,18,25,4.83688582,7.16666667,8,18.313424,0.0301403185
4139500511040,2.12090491e+14,0.9040366,1.239029,1.68668465,2.096144,1.88030155,51,8,43,7.47033849,10.4166667,6,35.1504766,0.0301403185
4139500511040,2.12090491e+14,0.9040366,1.239029,2.096144,2.60500365,2.33676331,75,2,73,11.53758,17.3333333,11,67.4672308,0.0301403185
4139500511040,2.12090491e+14,0.9040366,1.239029,2.60500365,3.23739401,2.90403568,187,1,186,17.8192397,32.0833333,21,129.495463,0.0301403185
4139500511040,2.12090491e+14,0.9040366,1.239029,3.23739401,4.02330338,3.60901902,211,0,211,27.5209623,43.5833333,29,248.551403,0.0301403185
4139500511040,2.12090491e+14,0.9040366,1.239029,4.02330338,5,4.48514402,285,0,285,42.5048082,78.25,51,477.065364,0.0301403185
4139500515355,4.37464884e+14,0.9073711,1.5733844,0.1,0.124275987,0.11147914,6,6,0,0.0423427669,0.0833333333,0,0.0149999443,0.029916224
4139500515355,4.37464884e+14,0.9073711,1.5733844,0.124275987,0.15444521,0.138541802,11,10,1,0.0653963755,0.416666667,0,0.0287906397,0.029916224
4139500515355,4.37464884e+14,0.9073711,1.5733844,0.15444521,0.19193831,0.172174193,13,13,0,0.10100157,0.166666667,0,0.0552602674,0.029916224
4139500515355,4.37464884e+14,0.9073711,1.5733844,0.19193831,0.23853323,0.213971178,6,6,0,0.155992087,0.166666667,0,0.106065623,0.029916224
4139500515355,4.37464884e+14,0.9073711,1.5733844,0.23853323,0.296439527,0.265914795,17,15,2,0.240922307,0.5,0,0.203580566,0.029916224
4139500515355,4.37464884e+14,0.9073711,1.5733844,0.296439527,0.36840315,0.330468237,10,9,1,0.372092964,1.41666667,0,0.390749098,0.029916224
4139500515355,4.37464884e+14,0.9073711,1.5733844,0.36840315,0.457836652,0.410692665,24,23,1,0.574679762,1.25,0,0.749997216,0.029916224
4139500515355,4.37464884e+14,0.9073711,1.5733844,0.457836652,0.56898102,0.510392364,21,19,2,0.887565368,2.75,0,1.43953198,0.029916224
4139500515355,4.37464884e+14,0.9073711,1.5733844,0.56898102,0.707106781,0.63429515,28,26,2,1.3708022,4.58333333,0,2.76301337,0.029916224
4139500515355,4.37464884e+14,0.9073711,1.5733844,0.707106781,0.878763934,0.788276561,27,21,6,2.11713834,6.75,0,5.30328117,0.029916224
4139500515355,4.37464884e+14,0.9073711,1.5733844,0.878763934,1.09209256,0.97963848,34,23,11,3.26981877,8.91666667,1,10.1790283,0.029916224
4139500515355,4.37464884e+14,0.9073711,1.5733844,1.09209256,1.35720881,1.21745539,56,22,34,5.05007849,18,9,19.5374549,0.029916224
4139500515355,4.37464884e+14,0.9073711,1.5733844,1.35720881,1.68668465,1.51300471,74,33,41,7.79960435,21.5,9,37.4998608,0.029916224
4139500515355,4.37464884e+14,0.9073711,1.5733844,1.68668465,2.096144,1.88030155,90,25,65,12.0461154,37.6666667,14,71.9765992,0.029916224
4139500515355,4.37464884e+14,0.9073711,1.5733844,2.096144,2.60500365,2.33676331,139,13,126,18.6046482,49.1666667,13,138.150668,0.029916224
4139500515355,4.37464884e+14,0.9073711,1.5733844,2.60500365,3.23739401,2.90403568,183,1,182,28.7339881,71.4166667,31,265.164059,0.029916224
4139500515355,4.37464884e+14,0.9073711,1.5733844,3.23739401,4.02330338,3.60901902,179,0,179,44.3782684,103.5,50,508.951414,0.029916224
4139500515355,4.37464884e+14,0.9073711,1.5733844,4.02330338,5,4.48514402,246,0,246,68.54011,151.25,64,976.872744,0.029916224
4139500545836,1.91940754e+14,0.9270345,1.1946542,0.1,0.124275987,0.11147914,3,3,0,0.0244114728,0,0,0.00656616467,0.0291144912
4139500545836,1.91940754e+14,0.9270345,1.1946542,0.124275987,0.15444521,0.138541802,2,1,1,0.0377023506,0.166666667,0,0.0126029855,0.0291144912
4139500545836,1.91940754e+14,0.9270345,1.1946542,0.15444521,0.19193831,0.172174193,4,4,0,0.0582294747,0.0833333333,0,0.0241899575,0.0291144912
4139500545836,1.91940754e+14,0.9270345,1.1946542,0.19193831,0.23853323,0.213971178,6,6,0,0.0899326348,0.0833333333,0,0.0464297957,0.0291144912
4139500545836,1.91940754e+14,0.9270345,1.1946542,0.23853323,0.296439527,0.265914795,9,6,3,0.138896647,0.0833333333,0,0.0891165653,0.0291144912
4139500545836,1.91940754e+14,0.9270345,1.1946542,0.296439527,0.36840315,0.330468237,8,7,1,0.214519219,0.5,0,0.17104883,0.0291144912
4139500545836,1.91940754e+14,0.9270345,1.1946542,0.36840315,0.457836652,0.410692665,8,7,1,0.331314659,1.08333333,0,0.328308234,0.0291144912
4139500545836,1.91940754e+14,0.9270345,1.1946542,0.457836652,0.56898102,0.510392364,17,12,5,0.511699623,1.33333333,0,0.630149276,0.0291144912
4139500545836,1.91940754e+14,0.9270345,1.1946542,0.56898102,0.707106781,0.63429515,20,18,2,0.79029556,2.83333333,0,1.20949787,0.0291144912
4139500545836,1.91940754e+14,0.9270345,1.1946542,0.707106781,0.878763934,0.788276561,28,20,8,1.22057364,4.5,0,2.32148978,0.0291144912
4139500545836,1.91940754e+14,0.9270345,1.1946542,0.878763934,1.09209256,0.97963848,32,11,21,1.88511753,5.58333333,5,4.45582827,0.0291144912
4139500545836,1.91940754e+14,0.9270345,1.1946542,1.09209256,1.35720881,1.21745539,39,18,21,2.91147374,7.08333333,9,8.55244148,0.0291144912
4139500545836,1.91940754e+14,0.9270345,1.1946542,1.35720881,1.68668465,1.51300471,41,18,23,4.49663174,12.4166667,8,16.4154117,0.0291144912
4139500545836,1.91940754e+14,0.9270345,1.1946542,1.68668465,2.096144,1.88030155,38,11,27,6.94483235,18.5833333,15,31.5074638,0.0291144912
4139500545836,1.91940754e+14,0.9270345,1.1946542,2.096144,2.60500365,2.33676331,49,4,45,10.7259609,32.75,4,60.4748937,0.0291144912
4139500545836,1.91940754e+14,0.9270345,1.1946542,2.60500365,3.23739401,2.90403568,55,0,55,16.565733,36.1666667,16,116.074489,0.0291144912
4139500545836,1.91940754e+14,0.9270345,1.1946542,3.23739401,4.02330338,3.60901902,132,0,132,25.5849811,56.0833333,27,222.791413,0.0291144912
4139500545836,1.91940754e+14,0.9270345,1.1946542,4.02330338,5,4.48514402,209,0,209,39.514778,82.3333333,46,427.622074,0.0291144912
4139500546616,1.15567627e+14,0.92898977,1.0134564,0.1,0.124275987,0.11147914,0,0,0,0.0175678936,0,0,0.00400867028,0.0291008567
4139500546616,1.15567627e+14,0.92898977,1.0134564,0.124275987,0.15444521,0.138541802,2,2,0,0.0271327703,0,0,0.007694174,0.0291008567
4139500546616,1.15567627e+14,0.92898977,1.0134564,0.15444521,0.19193831,0.172174193,4,4,0,0.0419052642,0.0833333333,0,0.0147680676,0.0291008567
4139500546616,1.15567627e+14,0.92898977,1.0134564,0.19193831,0.23853323,0.213971178,5,5,0,0.0647206735,0,0,0.0283455794,0.0291008567
4139500546616,1.15567627e+14,0.92898977,1.0134564,0.23853323,0.296439527,0.265914795,3,3,0,0.0999579804,0,0,0.0544060261,0.0291008567
4139500546616,1.15567627e+14,0.92898977,1.0134564,0.296439527,0.36840315,0.330468237,8,7,1,0.154380313,0.333333333,0,0.104426007,0.0291008567
4139500546616,1.15567627e+14,0.92898977,1.0134564,0.36840315,0.457836652,0.410692665,13,8,5,0.238433,0.333333333,0,0.200433514,0.0291008567
4139500546616,1.15567627e+14,0.92898977,1.0134564,0.457836652,0.56898102,0.510392364,12,4,8,0.368248348,0.333333333,0,0.3847087,0.0291008567
4139500546616,1.15567627e+14,0.92898977,1.0134564,0.56898102,0.707106781,0.63429515,8,5,3,0.568741937,1.16666667,0,0.738403379,0.0291008567
4139500546616,1.15567627e+14,0.92898977,1.0134564,0.707106781,0.878763934,0.788276561,14,3,11,0.878394681,1.66666667,0,1.41727897,0.0291008567
4139500546616,1.15567627e+14,0.92898977,1.0134564,0.878763934,1.09209256,0.97963848,22,6,16,1.35663851,2.41666667,2,2.72030131,0.0291008567
4139500546616,1.15567627e+14,0.92898977,1.0134564,1.09209256,1.35720881,1.21745539,37,8,29,2.09526321,5.25,5,5.22130036,0.0291008567
4139500546616,1.15567627e+14,0.92898977,1.0134564,1.35720881,1.68668465,1.51300471,58,5,53,3.23603367,6.08333333,6,10.0216757,0.0291008567
4139500546616,1.15567627e+14,0.92898977,1.0134564,1.68668465,2.096144,1.88030155,68,7,61,4.99789902,8.83333333,4,19.235435,0.0291008567
4139500546616,1.15567627e+14,0.92898977,1.0134564,2.096144,2.60500365,2.33676331,67,4,63,7.71901566,13.8333333,10,36.9201689,0.0291008567
4139500546616,1.15567627e+14,0.92898977,1.0134564,2.60500365,3.23739401,2.90403568,102,0,102,11.92165,27.0833333,14,70.8639485,0.0291008567
4139500546616,1.15567627e+14,0.92898977,1.0134564,3.23739401,4.02330338,3.60901902,123,0,123,18.4124174,34.1666667,16,136.015065,0.0291008567
4139500546616,1.15567627e+14,0.92898977,1.0134564,4.02330338,5,4.48514402,204,0,204,28.4370968,56.9166667,23,261.065018,0.0291008567
4139500568359,1.56120595e+14,0.91510665,1.1152709,0.1,0.124275987,0.11147914,5,5,0,0.0212750356,0.166666667,0,0.00534227499,0.0299483315
4139500568359,1.56120595e+14,0.91510665,1.1152709,0.124275987,0.15444521,0.138541802,2,2,0,0.0328582735,0.0833333333,0,0.0102538723,0.0299483315
4139500568359,1.56120595e+14,0.91510665,1.1152709,0.15444521,0.19193831,0.172174193,4,4,0,0.0507480297,0,0,0.0196811093,0.0299483315
4139500568359,1.56120595e+14,0.91510665,1.1152709,0.19193831,0.23853323,0.213971178,7,7,0,0.0783779012,0,0,0.0377755887,0.0299483315
4139500568359,1.56120595e+14,0.91510665,1.1152709,0.23853323,0.296439527,0.265914795,4,3,1,0.121050915,0.333333333,0,0.0725058267,0.0299483315
4139500568359,1.56120595e+14,0.91510665,1.1152709,0.296439527,0.36840315,0.330468237,9,9,0,0.18695734,0.5,0,0.139166459,0.0299483315
4139500568359,1.56120595e+14,0.91510665,1.1152709,0.36840315,0.457836652,0.410692665,5,5,0,0.288746657,0.416666667,0,0.267113749,0.0299483315
4139500568359,1.56120595e+14,0.91510665,1.1152709,0.457836652,0.56898102,0.510392364,11,7,4,0.445955382,1,0,0.512693617,0.0299483315
4139500568359,1.56120595e+14,0.91510665,1.1152709,0.56898102,0.707106781,0.63429515,7,6,1,0.688756728,1,0,0.984055467,0.0299483315
4139500568359,1.56120595e+14,0.91510665,1.1152709,0.707106781,0.878763934,0.788276561,16,10,6,1.06375178,2.5,0,1.88877944,0.0299483315
4139500568359,1.56120595e+14,0.91510665,1.1152709,0.878763934,1.09209256,0.97963848,25,17,8,1.64291367,4.16666667,1,3.62529134,0.0299483315
4139500568359,1.56120595e+14,0.91510665,1.1152709,1.09209256,1.35720881,1.21745539,36,9,27,2.53740148,7.41666667,4,6.95832294,0.0299483315
4139500568359,1.56120595e+14,0.91510665,1.1152709,1.35720881,1.68668465,1.51300471,34,8,26,3.91889506,11,3,13.3556875,0.0299483315
4139500568359,1.56120595e+14,0.91510665,1.1152709,1.68668465,2.096144,1.88030155,46,13,33,6.05254573,12.3333333,9,25.6346809,0.0299483315
4139500568359,1.56120595e+14,0.91510665,1.1152709,2.096144,2.60500365,2.33676331,84,6,78,9.34786699,19.9166667,8,49.2027733,0.0299483315
4139500568359,1.56120595e+14,0.91510665,1.1152709,2.60500365,3.23739401,2.90403568,106,0,106,14.4373328,37.25,14,94.4389718,0.0299483315
4139500568359,1.56120595e+14,0.91510665,1.1152709,3.23739401,4.02330338,3.60901902,120,0,120,22.2977691,50.5,19,181.264567,0.0299483315
4139500568359,1.56120595e+14,0.91510665,1.1152709,4.02330338,5,4.48514402,229,0,229,34.4378364,80.0833333,31,347.916147,0.0299483315
4139500589333,1.15030285e+14,0.9270537,1.00744055,0.1,0.124275987,0.11147914,3,2,1,0.0173599476,0,0,0.00393770711,0.0291157269
4139500589333,1.15030285e+14,0.9270537,1.00744055,0.124275987,0.15444521,0.138541802,4,4,0,0.0268116075,0,0,0.00755796849,0.0291157269
4139500589333,1.15030285e+14,0.9270537,1.00744055,0.15444521,0.19193831,0.172174193,1,0,1,0.0414092437,0,0,0.014506637,0.0291157269
4139500589333,1.15030285e+14,0.9270537,1.00744055,0.19193831,0.23853323,0.213971178,4,4,0,0.0639545936,0,0,0.027843794,0.0291157269
4139500589333,1.15030285e+14,0.9270537,1.00744055,0.23853323,0.296439527,0.265914795,3,3,0,0.0987748067,0.0833333333,0,0.0534429077,0.0291157269
4139500589333,1.15030285e+14,0.9270537,1.00744055,0.296439527,0.36840315,0.330468237,8,7,1,0.152552958,0.333333333,0,0.102577414,0.0291157269
4139500589333,1.15030285e+14,0.9270537,1.00744055,0.36840315,0.457836652,0.410692665,8,6,2,0.235610737,0.25,0,0.196885355,0.0291157269
4139500589333,1.15030285e+14,0.9270537,1.00744055,0.457836652,0.56898102,0.510392364,7,5,2,0.363889499,0.416666667,0,0.377898425,0.0291157269
4139500589333,1.15030285e+14,0.9270537,1.00744055,0.56898102,0.707106781,0.63429515,12,8,4,0.562009903,1.08333333,0,0.725331851,0.0291157269
4139500589333,1.15030285e+14,0.9270537,1.00744055,0.707106781,0.878763934,0.788276561,13,9,4,0.867997378,1.08333333,0,1.3921897,0.0291157269
4139500589333,1.15030285e+14,0.9270537,1.00744055,0.878763934,1.09209256,0.97963848,12,5,7,1.34058038,1.66666667,2,2.67214539,0.0291157269
4139500589333,1.15030285e+14,0.9270537,1.00744055,1.09209256,1.35720881,1.21745539,11,5,6,2.07046219,2.5,6,5.12887071,0.0291157269
4139500589333,1.15030285e+14,0.9270537,1.00744055,1.35720881,1.68668465,1.51300471,15,8,7,3.19772968,5.58333333,4,9.84426777,0.0291157269
4139500589333,1.15030285e+14,0.9270537,1.00744055,1.68668465,2.096144,1.88030155,30,7,23,4.93874034,7.08333333,2,18.8949212,0.0291157269
4139500589333,1.15030285e+14,0.9270537,1.00744055,2.096144,2.60500365,2.33676331,49,3,46,7.62764791,12.75,5,36.2665926,0.0291157269
4139500589333,1.15030285e+14,0.9270537,1.00744055,2.60500365,3.23739401,2.90403568,41,0,41,11.7805369,21.6666667,12,69.609485,0.0291157269
4139500589333,1.15030285e+14,0.9270537,1.00744055,3.23739401,4.02330338,3.60901902,55,0,55,18.194475,30.3333333,10,133.607269,0.0291157269
4139500589333,1.15030285e+14,0.9270537,1.00744055,4.02330338,5,4.48514402,99,0,99,28.1004952,49.8333333,14,256.443535,0.0291157269
4139500668245,1.09597639e+14,0.9306075,0.99499207,0.1,0.124275987,0.11147914,0,0,0,0.0169335804,0.0833333333,0,0.00379353404,0.0290796054
4139500668245,1.09597639e+14,0.9306075,0.99499207,0.124275987,0.15444521,0.138541802,1,1,0,0.0261531038,0.0833333333,0,0.00728124515,0.0290796054
4139500668245,1.09597639e+14,0.9306075,0.99499207,0.15444521,0.19193831,0.172174193,4,4,0,0.0403922162,0.0833333333,0,0.0139754989,0.0290796054
4139500668245,1.09597639e+14,0.9306075,0.99499207,0.19193831,0.23853323,0.213971178,3,3,0,0.0623838434,0.0833333333,0,0.0268243365,0.0290796054
4139500668245,1.09597639e+14,0.9306075,0.99499207,0.23853323,0.296439527,0.265914795,6,6,0,0.0963488582,0.5,0,0.0514861782,0.0290796054
4139500668245,1.09597639e+14,0.9306075,0.99499207,0.296439527,0.36840315,0.330468237,2,2,0,0.148806197,0.333333333,0,0.0988217005,0.0290796054
4139500668245,1.09597639e+14,0.9306075,0.99499207,0.36840315,0.457836652,0.410692665,5,5,0,0.229824044,0.416666667,0,0.189676702,0.0290796054
4139500668245,1.09597639e+14,0.9306075,0.99499207,0.457836652,0.56898102,0.510392364,5,2,3,0.354952229,0.583333333,0,0.364062257,0.0290796054
4139500668245,1.09597639e+14,0.9306075,0.99499207,0.56898102,0.707106781,0.63429515,8,7,1,0.548206717,0.5,0,0.698774945,0.0290796054
4139500668245,1.09597639e+14,0.9306075,0.99499207,0.707106781,0.878763934,0.788276561,13,10,3,0.846679018,1.16666667,0,1.34121682,0.0290796054
4139500668245,1.09597639e+14,0.9306075,0.99499207,0.878763934,1.09209256,0.97963848,21,3,18,1.30765519,1.5,2,2.57430891,0.0290796054
4139500668245,1.09597639e+14,0.9306075,0.99499207,1.09209256,1.35720881,1.21745539,26,7,19,2.01961081,3.75,5,4.94108502,0.0290796054
4139500668245,1.09597639e+14,0.9306075,0.99499207,1.35720881,1.68668465,1.51300471,27,5,22,3.11919217,4.16666667,5,9.48383511,0.0290796054
4139500668245,1.09597639e+14,0.9306075,0.99499207,1.68668465,2.096144,1.88030155,59,2,57,4.81744291,7.33333333,7,18.2031129,0.0290796054
4139500668245,1.09597639e+14,0.9306075,0.99499207,2.096144,2.60500365,2.33676331,62,4,58,7.44030985,12.0833333,10,34.9387473,0.0290796054
4139500668245,1.09597639e+14,0.9306075,0.99499207,2.60500365,3.23739401,2.90403568,107,0,107,11.4912022,14.8333333,19,67.0608412,0.0290796054
4139500668245,1.09597639e+14,0.9306075,0.99499207,3.23739401,4.02330338,3.60901902,168,0,168,17.7476114,28.3333333,20,128.715445,0.0290796054
4139500668245,1.09597639e+14,0.9306075,0.99499207,4.02330338,5,4.48514402,159,0,159,27.4103358,41.9166667,24,247.054251,0.0290796054
4139500668448,1.06970789e+14,0.93178964,0.98317584,0.1,0.124275987,0.11147914,0,0,0,0.0165337722,0,0,0.00365998007,0.0290852108
4139500668448,1.06970789e+14,0.93178964,0.98317584,0.124275987,0.15444521,0.138541802,1,1,0,0.0255356193,0,0,0.00702490392,0.0290852108
4139500668448,1.06970789e+14,0.93178964,0.98317584,0.15444521,0.19193831,0.172174193,2,2,0,0.0394385409,0.0833333333,0,0.0134834819,0.0290852108
4139500668448,1.06970789e+14,0.93178964,0.98317584,0.19193831,0.23853323,0.213971178,4,1,3,0.0609109376,0.25,0,0.0258799673,0.0290852108
4139500668448,1.06970789e+14,0.93178964,0.98317584,0.23853323,0.296439527,0.265914795,3,3,0,0.0940740258,0.333333333,0,0.049673572,0.0290852108
4139500668448,1.06970789e+14,0.93178964,0.98317584,0.296439527,0.36840315,0.330468237,7,6,1,0.145292827,0.0833333333,0,0.0953426147,0.0290852108
4139500668448,1.06970789e+14,0.93178964,0.98317584,0.36840315,0.457836652,0.410692665,6,6,0,0.224397813,0.416666667,0,0.182999004,0.0290852108
4139500668448,1.06970789e+14,0.93178964,0.98317584,0.457836652,0.56898102,0.510392364,7,6,1,0.346571674,1.08333333,0,0.351245196,0.0290852108
4139500668448,1.06970789e+14,0.93178964,0.98317584,0.56898102,0.707106781,0.63429515,7,6,1,0.535263352,0.916666667,0,0.674174094,0.0290852108
4139500668448,1.06970789e+14,0.93178964,0.98317584,0.707106781,0.878763934,0.788276561,11,7,4,0.82668861,2.16666667,0,1.29399836,0.0290852108
4139500668448,1.06970789e+14,0.93178964,0.98317584,0.878763934,1.09209256,0.97963848,13,8,5,1.27678096,2.75,0,2.4836786,0.0290852108
4139500668448,1.06970789e+14,0.93178964,0.98317584,1.09209256,1.35720881,1.21745539,19,6,13,1.97192705,3.66666667,5,4.76713074,0.0290852108
4139500668448,1.06970789e+14,0.93178964,0.98317584,1.35720881,1.68668465,1.51300471,34,9,25,3.04554688,7.08333333,6,9.14995019,0.0290852108
4139500668448,1.06970789e+14,0.93178964,0.98317584,1.68668465,2.096144,1.88030155,33,9,24,4.70370129,9.5,8,17.5622598,0.0290852108
4139500668448,1.06970789e+14,0.93178964,0.98317584,2.096144,2.60500365,2.33676331,44,0,44,7.26464136,15.3333333,9,33.7087047,0.0290852108
4139500668448,1.06970789e+14,0.93178964,0.98317584,2.60500365,3.23739401,2.90403568,71,1,70,11.2198906,24.9166667,4,64.6999182,0.0290852108
4139500668448,1.06970789e+14,0.93178964,0.98317584,3.23739401,4.02330338,3.60901902,125,0,125,17.3285837,36.6666667,17,124.18393,0.0290852108
4139500668448,1.06970789e+14,0.93178964,0.98317584,4.02330338,5,4.48514402,160,0,160,26.7631676,59.3333333,29,238.356537,0.0290852108
4139500770508,1.16030242e+14,0.92830455,1.0109117,0.1,0.124275987,0.11147914,3,3,0,0.0174797815,0,0,0.00397854978,0.0290906764
4139500770508,1.16030242e+14,0.92830455,1.0109117,0.124275987,0.15444521,0.138541802,2,2,0,0.0269966853,0.0833333333,0,0.00763636122,0.0290906764
4139500770508,1.16030242e+14,0.92830455,1.0109117,0.15444521,0.19193831,0.172174193,1,1,0,0.0416950875,0,0,0.0146571027,0.0290906764
4139500770508,1.16030242e+14,0.92830455,1.0109117,0.19193831,0.23853323,0.213971178,0,0,0,0.0643960657,0.0833333333,0,0.0281325953,0.0290906764
4139500770508,1.16030242e+14,0.92830455,1.0109117,0.23853323,0.296439527,0.265914795,2,1,1,0.0994566392,0.0833333333,0,0.053997228,0.0290906764
4139500770508,1.16030242e+14,0.92830455,1.0109117,0.296439527,0.36840315,0.330468237,9,6,3,0.153606016,0,0,0.103641367,0.0290906764
4139500770508,1.16030242e+14,0.92830455,1.0109117,0.36840315,0.457836652,0.410692665,9,6,3,0.237237134,0.25,0,0.198927489,0.0290906764
4139500770508,1.16030242e+14,0.92830455,1.0109117,0.457836652,0.56898102,0.510392364,18,15,3,0.366401391,1,0,0.381818061,0.0290906764
4139500770508,1.16030242e+14,0.92830455,1.0109117,0.56898102,0.707106781,0.63429515,15,11,4,0.5658894,0.916666667,0,0.732855135,0.0290906764
4139500770508,1.16030242e+14,0.92830455,1.0109117,0.707106781,0.878763934,0.788276561,9,6,3,0.873989076,2.25,0,1.40662976,0.0290906764
4139500770508,1.16030242e+14,0.92830455,1.0109117,0.878763934,1.09209256,0.97963848,15,4,11,1.34983427,3.41666667,1,2.6998614,0.0290906764
4139500770508,1.16030242e+14,0.92830455,1.0109117,1.09209256,1.35720881,1.21745539,26,11,15,2.08475438,5.33333333,3,5.18206836,0.0290906764
4139500770508,1.16030242e+14,0.92830455,1.0109117,1.35720881,1.68668465,1.51300471,25,6,19,3.21980328,6.83333333,1,9.94637445,0.0290906764
4139500770508,1.16030242e+14,0.92830455,1.0109117,1.68668465,2.096144,1.88030155,30,3,27,4.97283196,9.58333333,6,19.0909031,0.0290906764
4139500770508,1.16030242e+14,0.92830455,1.0109117,2.096144,2.60500365,2.33676331,19,0,19,7.68030079,12.1666667,9,36.6427568,0.0290906764
4139500770508,1.16030242e+14,0.92830455,1.0109117,2.60500365,3.23739401,2.90403568,60,0,60,11.8618567,19.8333333,7,70.3314882,0.0290906764
4139500770508,1.16030242e+14,0.92830455,1.0109117,3.23739401,4.02330338,3.60901902,70,0,70,18.3200696,34.1666667,22,134.99307,0.0290906764
4139500770508,1.16030242e+14,0.92830455,1.0109117,4.02330338,5,4.48514402,133,0,133,28.29447,51.25,15,259.103418,0.0290906764
4139510097728,1.38747829e+14,0.9824641,1.076272,0.1,0.124275987,0.11147914,3,3,0,0.019813155,0,0,0.00480121609,0.0294297335
4139510097728,1.38747829e+14,0.9824641,1.076272,0.124275987,0.15444521,0.138541802,2,2,0,0.030600469,0.0833333333,0,0.00921537305,0.0294297335
4139510097728,1.38747829e+14,0.9824641,1.076272,0.15444521,0.19193831,0.172174193,2,2,0,0.0472609588,0,0,0.0176878313,0.0294297335
4139510097728,1.38747829e+14,0.9824641,1.076272,0.19193831,0.23853323,0.213971178,4,4,0,0.0729922872,0.0833333333,0,0.0339497246,0.0294297335
4139510097728,1.38747829e+14,0.9824641,1.076272,0.23853323,0.296439527,0.265914795,5,5,0,0.112733092,0.166666667,0,0.0651625277,0.0294297335
4139510097728,1.38747829e+14,0.9824641,1.076272,0.296439527,0.36840315,0.330468237,16,15,1,0.174110861,0.166666667,0,0.125071855,0.0294297335
4139510097728,1.38747829e+14,0.9824641,1.076272,0.36840315,0.457836652,0.410692665,4,4,0,0.268905885,0.666666667,0,0.240060805,0.0294297335
4139510097728,1.38747829e+14,0.9824641,1.076272,0.457836652,0.56898102,0.510392364,6,6,0,0.415312261,0.583333333,0,0.460768652,0.0294297335
4139510097728,1.38747829e+14,0.9824641,1.076272,0.56898102,0.707106781,0.63429515,6,6,0,0.641429895,1.33333333,0,0.884391566,0.0294297335
4139510097728,1.38747829e+14,0.9824641,1.076272,0.707106781,0.878763934,0.788276561,16,9,7,0.990657752,2.08333333,0,1.69748623,0.0294297335
4139510097728,1.38747829e+14,0.9824641,1.076272,0.878763934,1.09209256,0.97963848,13,7,6,1.53002345,1.83333333,0,3.25812639,0.0294297335
4139510097728,1.38747829e+14,0.9824641,1.076272,1.09209256,1.35720881,1.21745539,24,10,14,2.36304794,3.83333333,3,6.25359274,0.0294297335
4139510097728,1.38747829e+14,0.9824641,1.076272,1.35720881,1.68668465,1.51300471,30,5,25,3.64961436,6.41666667,4,12.0030402,0.0294297335
4139510097728,1.38747829e+14,0.9824641,1.076272,1.68668465,2.096144,1.88030155,51,4,47,5.63665458,9.25,7,23.0384326,0.0294297335
4139510097728,1.38747829e+14,0.9824641,1.076272,2.096144,2.60500365,2.33676331,68,0,68,8.70554303,14.5833333,3,44.2195783,0.0294297335
4139510097728,1.38747829e+14,0.9824641,1.076272,2.60500365,3.23739401,2.90403568,61,0,61,13.4452943,25.8333333,10,84.8743114,0.0294297335
4139510097728,1.38747829e+14,0.9824641,1.076272,3.23739401,4.02330338,3.60901902,63,0,63,20.765613,40.8333333,16,162.906319,0.0294297335
4139510097728,1.38747829e+14,0.9824641,1.076272,4.02330338,5,4.48514402,83,0,83,32.0714948,59,23,312.679637,0.0294297335
4140480137534,1.17195031e+14,0.81878644,1.0072108,0.1,0.124275987,0.11147914,2,1,1,0.0173520305,0,0,0.0039350137,0.0307336059
4140480137534,1.17195031e+14,0.81878644,1.0072108,0.124275987,0.15444521,0.138541802,4,3,1,0.02679938,0,0,0.00755279882,0.0307336059
4140480137534,1.17195031e+14,0.81878644,1.0072108,0.15444521,0.19193831,0.172174193,6,5,1,0.0413903588,0.333333333,0,0.0144967144,0.0307336059
4140480137534,1.17195031e+14,0.81878644,1.0072108,0.19193831,0.23853323,0.213971178,3,0,3,0.0639254268,0,0,0.0278247487,0.0307336059
4140480137534,1.17195031e+14,0.81878644,1.0072108,0.23853323,0.296439527,0.265914795,3,2,1,0.09872976,0.166666667,0,0.0534063526,0.0307336059
4140480137534,1.17195031e+14,0.81878644,1.0072108,0.296439527,0.36840315,0.330468237,10,8,2,0.152483386,0.166666667,0,0.102507251,0.0307336059
4140480137534,1.17195031e+14,0.81878644,1.0072108,0.36840315,0.457836652,0.410692665,10,6,4,0.235503286,0.833333333,0,0.196750685,0.0307336059
4140480137534,1.17195031e+14,0.81878644,1.0072108,0.457836652,0.56898102,0.510392364,8,5,3,0.363723546,1.16666667,0,0.377639941,0.0307336059
4140480137534,1.17195031e+14,0.81878644,1.0072108,0.56898102,0.707106781,0.63429515,23,9,14,0.561753596,0.75,0,0.724835722,0.0307336059
4140480137534,1.17195031e+14,0.81878644,1.0072108,0.707106781,0.878763934,0.788276561,26,6,20,0.867601524,2.08333333,0,1.39123744,0.0307336059
4140480137534,1.17195031e+14,0.81878644,1.0072108,0.878763934,1.09209256,0.97963848,37,5,32,1.339969,2.66666667,0,2.67031763,0.0307336059
4140480137534,1.17195031e+14,0.81878644,1.0072108,1.09209256,1.35720881,1.21745539,38,11,27,2.06951794,5,1,5.12536254,0.0307336059
4140480137534,1.17195031e+14,0.81878644,1.0072108,1.35720881,1.68668465,1.51300471,35,6,29,3.19627134,6,1,9.83753426,0.0307336059
4140480137534,1.17195031e+14,0.81878644,1.0072108,1.68668465,2.096144,1.88030155,69,8,61,4.936488,8.33333333,2,18.881997,0.0307336059
4140480137534,1.17195031e+14,0.81878644,1.0072108,2.096144,2.60500365,2.33676331,76,2,74,7.62416929,11.75,4,36.2417861,0.0307336059
4140480137534,1.17195031e+14,0.81878644,1.0072108,2.60500365,3.23739401,2.90403568,91,1,90,11.7751643,20.5,6,69.5618719,0.0307336059
4140480137534,1.17195031e+14,0.81878644,1.0072108,3.23739401,4.02330338,3.60901902,121,0,121,18.1861773,33,11,133.515881,0.0307336059
4140480137534,1.17195031e+14,0.81878644,1.0072108,4.02330338,5,4.48514402,138,0,138,28.0876798,41.0833333,28,256.268127,0.0307336059
4140480218809,1.07627486e+14,0.82780576,0.98474817,0.1,0.124275987,0.11147914,1,1,0,0.0165866973,0,0,0.00367756769,0.0298803249
4140480218809,1.07627486e+14,0.82780576,0.98474817,0.124275987,0.15444521,0.138541802,3,3,0,0.0256173595,0,0,0.00705866128,0.0298803249
4140480218809,1.07627486e+14,0.82780576,0.98474817,0.15444521,0.19193831,0.172174193,3,3,0,0.0395647849,0.166666667,0,0.0135482752,0.0298803249
4140480218809,1.07627486e+14,0.82780576,0.98474817,0.19193831,0.23853323,0.213971178,0,0,0,0.0611059153,0,0,0.0260043305,0.0298803249
4140480218809,1.07627486e+14,0.82780576,0.98474817,0.23853323,0.296439527,0.265914795,5,4,1,0.0943751595,0.25,0,0.0499122726,0.0298803249
4140480218809,1.07627486e+14,0.82780576,0.98474817,0.296439527,0.36840315,0.330468237,2,2,0,0.145757914,0.166666667,0,0.0958007726,0.0298803249
4140480218809,1.07627486e+14,0.82780576,0.98474817,0.36840315,0.457836652,0.410692665,4,2,2,0.225116117,0.25,0,0.183878384,0.0298803249
4140480218809,1.07627486e+14,0.82780576,0.98474817,0.457836652,0.56898102,0.510392364,5,4,1,0.34768106,0.25,0,0.352933064,0.0298803249
4140480218809,1.07627486e+14,0.82780576,0.98474817,0.56898102,0.707106781,0.63429515,5,4,1,0.536976745,0.583333333,0,0.67741376,0.0298803249
4140480218809,1.07627486e+14,0.82780576,0.98474817,0.707106781,0.878763934,0.788276561,4,4,0,0.829334864,1.16666667,0,1.30021652,0.0298803249
4140480218809,1.07627486e+14,0.82780576,0.98474817,0.878763934,1.09209256,0.97963848,10,5,5,1.28086798,2.41666667,1,2.49561363,0.0298803249
4140480218809,1.07627486e+14,0.82780576,0.98474817,1.09209256,1.35720881,1.21745539,23,7,16,1.97823924,4.08333333,3,4.79003863,0.0298803249
4140480218809,1.07627486e+14,0.82780576,0.98474817,1.35720881,1.68668465,1.51300471,40,12,28,3.05529576,4.5,1,9.19391921,0.0298803249
4140480218809,1.07627486e+14,0.82780576,0.98474817,1.68668465,2.096144,1.88030155,37,6,31,4.71875797,6.83333333,3,17.6466532,0.0298803249
4140480218809,1.07627486e+14,0.82780576,0.98474817,2.096144,2.60500365,2.33676331,42,3,39,7.28789568,11.4166667,5,33.870688,0.0298803249
4140480218809,1.07627486e+14,0.82780576,0.98474817,2.60500365,3.23739401,2.90403568,48,0,48,11.2558058,17,12,65.0108262,0.0298803249
4140480218809,1.07627486e+14,0.82780576,0.98474817,3.23739401,4.02330338,3.60901902,73,0,73,17.384053,24.6666667,12,124.780681,0.0298803249
4140480218809,1.07627486e+14,0.82780576,0.98474817,4.02330338,5,4.48514402,121,0,121,26.8488373,46.75,25,239.501932,0.0298803249
4140480225250,1.26910688e+14,0.83164954,1.0351818,0.1,0.124275987,0.11147914,0,0,0,0.0183291704,0.0833333333,0,0.00427203705,0.0295557311
4140480225250,1.26910688e+14,0.83164954,1.0351818,0.124275987,0.15444521,0.138541802,2,2,0,0.0283085259,0,0,0.00819967574,0.0295557311
4140480225250,1.26910688e+14,0.83164954,1.0351818,0.15444521,0.19193831,0.172174193,7,7,0,0.0437211624,0.0833333333,0,0.0157383191,0.0295557311
4140480225250,1.26910688e+14,0.83164954,1.0351818,0.19193831,0.23853323,0.213971178,1,1,0,0.0675252412,0.166666667,0,0.0302078637,0.0295557311
4140480225250,1.26910688e+14,0.83164954,1.0351818,0.23853323,0.296439527,0.265914795,3,3,0,0.104289501,0.166666667,0,0.0579804632,0.0295557311
4140480225250,1.26910688e+14,0.83164954,1.0351818,0.296439527,0.36840315,0.330468237,7,6,1,0.161070139,0.333333333,0,0.111286721,0.0295557311
4140480225250,1.26910688e+14,0.83164954,1.0351818,0.36840315,0.457836652,0.410692665,5,4,1,0.248765116,0.75,0,0.213601853,0.0295557311
4140480225250,1.26910688e+14,0.83164954,1.0351818,0.457836652,0.56898102,0.510392364,3,2,1,0.384205807,0.583333333,0,0.409983787,0.0295557311
4140480225250,1.26910688e+14,0.83164954,1.0351818,0.56898102,0.707106781,0.63429515,7,4,3,0.593387467,1.58333333,0,0.786915954,0.0295557311
4140480225250,1.26910688e+14,0.83164954,1.0351818,0.707106781,0.878763934,0.788276561,15,11,4,0.916458522,1.91666667,0,1.51039319,0.0295557311
4140480225250,1.26910688e+14,0.83164954,1.0351818,0.878763934,1.09209256,0.97963848,14,10,4,1.41542629,1.91666667,0,2.89902316,0.0295557311
4140480225250,1.26910688e+14,0.83164954,1.0351818,1.09209256,1.35720881,1.21745539,8,4,4,2.18605812,4.66666667,2,5.56433607,0.0295557311
4140480225250,1.26910688e+14,0.83164954,1.0351818,1.35720881,1.68668465,1.51300471,18,7,11,3.37626206,5.41666667,2,10.6800926,0.0295557311
4140480225250,1.26910688e+14,0.83164954,1.0351818,1.68668465,2.096144,1.88030155,29,9,20,5.21447505,6.08333333,2,20.4991894,0.0295557311
4140480225250,1.26910688e+14,0.83164954,1.0351818,2.096144,2.60500365,2.33676331,27,2,25,8.05350696,9.83333333,5,39.3457977,0.0295557311
4140480225250,1.26910688e+14,0.83164954,1.0351818,2.60500365,3.23739401,2.90403568,71,0,71,12.4382558,13.75,11,75.5196593,0.0295557311
4140480225250,1.26910688e+14,0.83164954,1.0351818,3.23739401,4.02330338,3.60901902,96,0,96,19.2102903,27.8333333,14,144.951158,0.0295557311
4140480225250,1.26910688e+14,0.83164954,1.0351818,4.02330338,5,4.48514402,213,0,213,29.6693733,47.0833333,24,278.216803,0.0295557311
4140490020293,1.11149419e+14,0.85518664,0.9944311,0.1,0.124275987,0.11147914,0,0,0,0.0169144916,0.0833333333,0,0.00378712135,0.0295503975
4140490020293,1.11149419e+14,0.85518664,0.9944311,0.124275987,0.15444521,0.138541802,4,4,0,0.0261236222,0.0833333333,0,0.00726893673,0.0295503975
4140490020293,1.11149419e+14,0.85518664,0.9944311,0.15444521,0.19193831,0.172174193,3,3,0,0.0403466833,0,0,0.0139518743,0.0295503975
4140490020293,1.11149419e+14,0.85518664,0.9944311,0.19193831,0.23853323,0.213971178,4,4,0,0.06231352,0.0833333333,0,0.0267789919,0.0295503975
4140490020293,1.11149419e+14,0.85518664,0.9944311,0.23853323,0.296439527,0.265914795,2,2,0,0.0962402472,0.166666667,0,0.0513991446,0.0295503975
4140490020293,1.11149419e+14,0.85518664,0.9944311,0.296439527,0.36840315,0.330468237,8,5,3,0.148638452,0.166666667,0,0.0986546496,0.0295503975
4140490020293,1.11149419e+14,0.85518664,0.9944311,0.36840315,0.457836652,0.410692665,14,13,1,0.229564971,0,0,0.189356068,0.0295503975
4140490020293,1.11149419e+14,0.85518664,0.9944311,0.457836652,0.56898102,0.510392364,7,5,2,0.354552102,1.08333333,0,0.363446837,0.0295503975
4140490020293,1.11149419e+14,0.85518664,0.9944311,0.56898102,0.707106781,0.63429515,8,6,2,0.54758874,0.75,0,0.697593717,0.0295503975
4140490020293,1.11149419e+14,0.85518664,0.9944311,0.707106781,0.878763934,0.788276561,19,11,8,0.845724582,1.41666667,0,1.33894959,0.0295503975
4140490020293,1.11149419e+14,0.85518664,0.9944311,0.878763934,1.09209256,0.97963848,33,9,24,1.30618111,2.5,2,2.56995723,0.0295503975
4140490020293,1.11149419e+14,0.85518664,0.9944311,1.09209256,1.35720881,1.21745539,26,5,21,2.01733417,3.58333333,7,4.93273248,0.0295503975
4140490020293,1.11149419e+14,0.85518664,0.9944311,1.35720881,1.68668465,1.51300471,26,3,23,3.115676,4.41666667,2,9.46780338,0.0295503975
4140490020293,1.11149419e+14,0.85518664,0.9944311,1.68668465,2.096144,1.88030155,24,3,21,4.81201236,6.5,7,18.1723418,0.0295503975
4140490020293,1.11149419e+14,0.85518664,0.9944311,2.096144,2.60500365,2.33676331,31,1,30,7.43192262,8.58333333,7,34.8796859,0.0295503975
4140490020293,1.11149419e+14,0.85518664,0.9944311,2.60500365,3.23739401,2.90403568,53,0,53,11.4782485,13.6666667,16,66.9474797,0.0295503975
4140490020293,1.11149419e+14,0.85518664,0.9944311,3.23739401,4.02330338,3.60901902,76,0,76,17.7276051,24.0833333,11,128.497861,0.0295503975
4140490020293,1.11149419e+14,0.85518664,0.9944311,4.02330338,5,4.48514402,86,0,86,27.379437,44.9166667,10,246.636624,0.0295503975
4140490041178,2.32985663e+14,0.8654881,1.2709248,0.1,0.124275987,0.11147914,1,1,0,0.0276279882,0,0,0.00790577937,0.0297875089
4140490041178,2.32985663e+14,0.8654881,1.2709248,0.124275987,0.15444521,0.138541802,5,4,1,0.0426701046,0.25,0,0.0151742194,0.0297875089
4140490041178,2.32985663e+14,0.8654881,1.2709248,0.15444521,0.19193831,0.172174193,8,8,0,0.0659019329,0.0833333333,0,0.0291251402,0.0297875089
4140490041178,2.32985663e+14,0.8654881,1.2709248,0.19193831,0.23853323,0.213971178,9,8,1,0.101782379,0.333333333,0,0.0559023021,0.0297875089
4140490041178,2.32985663e+14,0.8654881,1.2709248,0.23853323,0.296439527,0.265914795,9,8,1,0.157198009,0.333333333,0,0.107297934,0.0297875089
4140490041178,2.32985663e+14,0.8654881,1.2709248,0.296439527,0.36840315,0.330468237,12,9,3,0.242784797,0.25,0,0.205945842,0.0297875089
4140490041178,2.32985663e+14,0.8654881,1.2709248,0.36840315,0.457836652,0.410692665,13,11,2,0.37496949,0.333333333,0,0.395288969,0.0297875089
4140490041178,2.32985663e+14,0.8654881,1.2709248,0.457836652,0.56898102,0.510392364,14,10,4,0.579122418,0.916666667,0,0.758710968,0.0297875089
4140490041178,2.32985663e+14,0.8654881,1.2709248,0.56898102,0.707106781,0.63429515,17,12,5,0.894426838,2.58333333,0,1.45625701,0.0297875089
4140490041178,2.32985663e+14,0.8654881,1.2709248,0.707106781,0.878763934,0.788276561,29,21,8,1.38139941,2.33333333,0,2.7951151,0.0297875089
4140490041178,2.32985663e+14,0.8654881,1.2709248,0.878763934,1.09209256,0.97963848,22,12,10,2.13350523,3.5,5,5.3648967,0.0297875089
4140490041178,2.32985663e+14,0.8654881,1.2709248,1.09209256,1.35720881,1.21745539,28,12,16,3.29509664,5.58333333,13,10.2972921,0.0297875089
4140490041178,2.32985663e+14,0.8654881,1.2709248,1.35720881,1.68668465,1.51300471,41,16,25,5.08911895,10.3333333,7,19.7644484,0.0297875089
4140490041178,2.32985663e+14,0.8654881,1.2709248,1.68668465,2.096144,1.88030155,32,5,27,7.85990047,15.0833333,9,37.9355484,0.0297875089
4140490041178,2.32985663e+14,0.8654881,1.2709248,2.096144,2.60500365,2.33676331,41,4,37,12.1392398,22.5833333,10,72.8128506,0.0297875089
4140490041178,2.32985663e+14,0.8654881,1.2709248,2.60500365,3.23739401,2.90403568,39,0,39,18.7484745,32.8333333,12,139.755755,0.0297875089
4140490041178,2.32985663e+14,0.8654881,1.2709248,3.23739401,4.02330338,3.60901902,82,0,82,28.9561209,51.25,20,268.244835,0.0297875089
4140490041178,2.32985663e+14,0.8654881,1.2709248,4.02330338,5,4.48514402,107,0,107,44.7213419,90.6666667,38,514.864604,0.0297875089
4140490055739,1.03015885e+14,0.85999894,0.9683244,0.1,0.124275987,0.11147914,0,0,0,0.0160380405,0.166666667,0,0.0034966145,0.0297630909
4140490055739,1.03015885e+14,0.85999894,0.9683244,0.124275987,0.15444521,0.138541802,3,2,1,0.0247699853,0,0,0.00671134278,0.0297630909
4140490055739,1.03015885e+14,0.85999894,0.9683244,0.15444521,0.19193831,0.172174193,1,1,0,0.038256056,0.0833333333,0,0.0128816379,0.0297630909
4140490055739,1.03015885e+14,0.85999894,0.9683244,0.19193831,0.23853323,0.213971178,6,4,2,0.0590846462,0.0833333333,0,0.0247247982,0.0297630909
4140490055739,1.03015885e+14,0.85999894,0.9683244,0.23853323,0.296439527,0.265914795,9,9,0,0.0912534062,0.166666667,0,0.0474563599,0.0297630909
4140490055739,1.03015885e+14,0.85999894,0.9683244,0.296439527,0.36840315,0.330468237,7,4,3,0.140936515,0.166666667,0,0.0910869354,0.0297630909
4140490055739,1.03015885e+14,0.85999894,0.9683244,0.36840315,0.457836652,0.410692665,4,4,0,0.217669698,0.166666667,0,0.174830725,0.0297630909
4140490055739,1.03015885e+14,0.85999894,0.9683244,0.457836652,0.56898102,0.510392364,11,9,2,0.336180423,0.583333333,0,0.335567139,0.0297630909
4140490055739,1.03015885e+14,0.85999894,0.9683244,0.56898102,0.707106781,0.63429515,11,6,5,0.519214562,1,0,0.644081897,0.0297630909
4140490055739,1.03015885e+14,0.85999894,0.9683244,0.707106781,0.878763934,0.788276561,16,6,10,0.801902023,1.58333333,0,1.23623991,0.0297630909
4140490055739,1.03015885e+14,0.85999894,0.9683244,0.878763934,1.09209256,0.97963848,13,5,8,1.23849927,1,1,2.372818,0.0297630909
4140490055739,1.03015885e+14,0.85999894,0.9683244,1.09209256,1.35720881,1.21745539,12,3,9,1.9128028,2.5,3,4.55434677,0.0297630909
4140490055739,1.03015885e+14,0.85999894,0.9683244,1.35720881,1.68668465,1.51300471,24,9,15,2.95423231,5.16666667,1,8.74153624,0.0297630909
4140490055739,1.03015885e+14,0.85999894,0.9683244,1.68668465,2.096144,1.88030155,42,4,38,4.56267031,7.16666667,7,16.778357,0.0297630909
4140490055739,1.03015885e+14,0.85999894,0.9683244,2.096144,2.60500365,2.33676331,27,3,24,7.04682577,13.0833333,4,32.2040948,0.0297630909
4140490055739,1.03015885e+14,0.85999894,0.9683244,2.60500365,3.23739401,2.90403568,25,0,25,10.8834849,15.3333333,2,61.8119955,0.0297630909
4140490055739,1.03015885e+14,0.85999894,0.9683244,3.23739401,4.02330338,3.60901902,73,0,73,16.8090211,24,13,118.6409,0.0297630909
4140490055739,1.03015885e+14,0.85999894,0.9683244,4.02330338,5,4.48514402,70,0,70,25.9607281,47.1666667,18,227.717338,0.0297630909
4140490579337,1.48149844e+14,0.8840675,1.0990616,0.1,0.124275987,0.11147914,1,1,0,0.0206611087,0.0833333333,0,0.00511271083,0.0301574174
4140490579337,1.48149844e+14,0.8840675,1.0990616,0.124275987,0.15444521,0.138541802,2,2,0,0.0319100928,0,0,0.00981325079,0.0301574174
4140490579337,1.48149844e+14,0.8840675,1.0990616,0.15444521,0.19193831,0.172174193,0,0,0,0.04928361,0,0,0.0188353878,0.0301574174
4140490579337,1.48149844e+14,0.8840675,1.0990616,0.19193831,0.23853323,0.213971178,4,4,0,0.0761161753,0.333333333,0,0.036152325,0.0301574174
4140490579337,1.48149844e+14,0.8840675,1.0990616,0.23853323,0.296439527,0.265914795,2,2,0,0.117557787,0.166666667,0,0.0693901618,0.0301574174
4140490579337,1.48149844e+14,0.8840675,1.0990616,0.296439527,0.36840315,0.330468237,4,3,1,0.181562372,0.583333333,0,0.133186304,0.0301574174
4140490579337,1.48149844e+14,0.8840675,1.0990616,0.36840315,0.457836652,0.410692665,9,9,0,0.280414387,0.916666667,0,0.255635542,0.0301574174
4140490579337,1.48149844e+14,0.8840675,1.0990616,0.457836652,0.56898102,0.510392364,8,8,0,0.433086591,0.666666667,0,0.490662539,0.0301574174
4140490579337,1.48149844e+14,0.8840675,1.0990616,0.56898102,0.707106781,0.63429515,7,7,0,0.668881496,1.25,0,0.941769388,0.0301574174
4140490579337,1.48149844e+14,0.8840675,1.0990616,0.707106781,0.878763934,0.788276561,23,18,5,1.03305544,1.5,0,1.80761625,0.0301574174
4140490579337,1.48149844e+14,0.8840675,1.0990616,0.878763934,1.09209256,0.97963848,23,11,12,1.59550464,2.66666667,3,3.46950809,0.0301574174
4140490579337,1.48149844e+14,0.8840675,1.0990616,1.09209256,1.35720881,1.21745539,24,10,14,2.4641805,3.25,5,6.6593152,0.0301574174
4140490579337,1.48149844e+14,0.8840675,1.0990616,1.35720881,1.68668465,1.51300471,18,7,11,3.80580876,6.66666667,4,12.7817771,0.0301574174
4140490579337,1.48149844e+14,0.8840675,1.0990616,1.68668465,2.096144,1.88030155,30,11,19,5.87788935,9.66666667,7,24.533127,0.0301574174
4140490579337,1.48149844e+14,0.8840675,1.0990616,2.096144,2.60500365,2.33676331,44,7,37,9.07811859,14.9166667,7,47.0884694,0.0301574174
4140490579337,1.48149844e+14,0.8840675,1.0990616,2.60500365,3.23739401,2.90403568,86,1,85,14.0207194,24,9,90.3808125,0.0301574174
4140490579337,1.48149844e+14,0.8840675,1.0990616,3.23739401,4.02330338,3.60901902,117,0,117,21.6543295,40.75,7,173.475404,0.0301574174
4140490579337,1.48149844e+14,0.8840675,1.0990616,4.02330338,5,4.48514402,206,0,206,33.4440748,68.3333333,18,332.96576,0.0301574174
4140490588407,1.20523212e+14,0.89953375,1.02031805,0.1,0.124275987,0.11147914,3,3,0,0.0178065873,0,0,0.00409064542,0.0300995853
4140490588407,1.20523212e+14,0.89953375,1.02031805,0.124275987,0.15444521,0.138541802,1,1,0,0.0275014212,0,0,0.0078515157,0.0300995853
4140490588407,1.20523212e+14,0.89953375,1.02031805,0.15444521,0.19193831,0.172174193,3,3,0,0.0424746279,0,0,0.0150700666,0.0300995853
4140490588407,1.20523212e+14,0.89953375,1.02031805,0.19193831,0.23853323,0.213971178,3,3,0,0.0656000285,0,0,0.0289252312,0.0300995853
4140490588407,1.20523212e+14,0.89953375,1.02031805,0.23853323,0.296439527,0.265914795,4,4,0,0.101316102,0,0,0.0555186,0.0300995853
4140490588407,1.20523212e+14,0.89953375,1.02031805,0.296439527,0.36840315,0.330468237,6,4,2,0.156477867,0.25,0,0.106561463,0.0300995853
4140490588407,1.20523212e+14,0.89953375,1.02031805,0.36840315,0.457836652,0.410692665,4,3,1,0.241672571,0.333333333,0,0.204532271,0.0300995853
4140490588407,1.20523212e+14,0.89953375,1.02031805,0.457836652,0.56898102,0.510392364,9,9,0,0.373251711,0.5,0,0.392575785,0.0300995853
4140490588407,1.20523212e+14,0.89953375,1.02031805,0.56898102,0.707106781,0.63429515,6,5,1,0.576469391,0.833333333,0,0.753503329,0.0300995853
4140490588407,1.20523212e+14,0.89953375,1.02031805,0.707106781,0.878763934,0.788276561,9,6,3,0.890329365,1.5,0,1.44626156,0.0300995853
4140490588407,1.20523212e+14,0.89953375,1.02031805,0.878763934,1.09209256,0.97963848,16,10,6,1.37507106,1.91666667,0,2.77593,0.0300995853
4140490588407,1.20523212e+14,0.89953375,1.02031805,1.09209256,1.35720881,1.21745539,20,8,12,2.1237314,3.5,3,5.32807314,0.0300995853
4140490588407,1.20523212e+14,0.89953375,1.02031805,1.35720881,1.68668465,1.51300471,26,7,19,3.28000142,4.41666667,5,10.2266136,0.0300995853
4140490588407,1.20523212e+14,0.89953375,1.02031805,1.68668465,2.096144,1.88030155,26,5,21,5.0658051,7.75,6,19.6287893,0.0300995853
4140490588407,1.20523212e+14,0.89953375,1.02031805,2.096144,2.60500365,2.33676331,21,0,21,7.82389336,10.9166667,4,37.6751665,0.0300995853
4140490588407,1.20523212e+14,0.89953375,1.02031805,2.60500365,3.23739401,2.90403568,48,0,48,12.0836286,18.9166667,9,72.3130779,0.0300995853
4140490588407,1.20523212e+14,0.89953375,1.02031805,3.23739401,4.02330338,3.60901902,66,0,66,18.6625856,30.3333333,16,138.7965,0.0300995853
4140490588407,1.20523212e+14,0.89953375,1.02031805,4.02330338,5,4.48514402,100,0,100,28.8234696,54.25,21,266.403657,0.0300995853
4140490648053,2.26269073e+14,0.9078757,1.2591107,0.1,0.124275987,0.11147914,1,1,0,0.0271167341,0.0833333333,0,0.00768735383,0.0298446036
4140490648053,2.26269073e+14,0.9078757,1.2591107,0.124275987,0.15444521,0.138541802,3,3,0,0.0418804971,0,0,0.0147549771,0.0298446036
4140490648053,2.26269073e+14,0.9078757,1.2591107,0.15444521,0.19193831,0.172174193,3,3,0,0.0646824219,0.25,0,0.0283204537,0.0298446036
4140490648053,2.26269073e+14,0.9078757,1.2591107,0.19193831,0.23853323,0.213971178,3,3,0,0.0998989027,0.166666667,0,0.0543578002,0.0298446036
4140490648053,2.26269073e+14,0.9078757,1.2591107,0.23853323,0.296439527,0.265914795,6,6,0,0.154289071,0.583333333,0,0.104333443,0.0298446036
4140490648053,2.26269073e+14,0.9078757,1.2591107,0.296439527,0.36840315,0.330468237,10,7,3,0.23829208,0.25,0,0.200255848,0.0298446036
4140490648053,2.26269073e+14,0.9078757,1.2591107,0.36840315,0.457836652,0.410692665,12,10,2,0.368030704,0.75,0,0.384367692,0.0298446036
4140490648053,2.26269073e+14,0.9078757,1.2591107,0.457836652,0.56898102,0.510392364,11,8,3,0.568405796,1.75,0,0.737748853,0.0298446036
4140490648053,2.26269073e+14,0.9078757,1.2591107,0.56898102,0.707106781,0.63429515,30,22,8,0.877875528,3.66666667,0,1.41602268,0.0298446036
4140490648053,2.26269073e+14,0.9078757,1.2591107,0.707106781,0.878763934,0.788276561,35,22,13,1.35583671,4.91666667,0,2.71789001,0.0298446036
4140490648053,2.26269073e+14,0.9078757,1.2591107,0.878763934,1.09209256,0.97963848,40,18,22,2.09402486,6,3,5.21667217,0.0298446036
4140490648053,2.26269073e+14,0.9078757,1.2591107,1.09209256,1.35720881,1.21745539,38,10,28,3.2341211,8.66666667,8,10.0127924,0.0298446036
4140490648053,2.26269073e+14,0.9078757,1.2591107,1.35720881,1.68668465,1.51300471,67,14,53,4.99494513,12.25,8,19.2183846,0.0298446036
4140490648053,2.26269073e+14,0.9078757,1.2591107,1.68668465,2.096144,1.88030155,66,4,62,7.71445353,16.1666667,7,36.8874426,0.0298446036
4140490648053,2.26269073e+14,0.9078757,1.2591107,2.096144,2.60500365,2.33676331,120,3,117,11.914604,17.8333333,9,70.8011342,0.0298446036
4140490648053,2.26269073e+14,0.9078757,1.2591107,2.60500365,3.23739401,2.90403568,113,0,113,18.4015352,31.3333333,21,135.894501,0.0298446036
4140490648053,2.26269073e+14,0.9078757,1.2591107,3.23739401,4.02330338,3.60901902,131,0,131,28.4202898,61.0833333,30,260.833608,0.0298446036
4140490648053,2.26269073e+14,0.9078757,1.2591107,4.02330338,5,4.48514402,177,0,177,43.8937764,93.1666667,46,500.639621,0.0298446036
4140490657258,1.05463504e+14,0.91626865,0.9766461,0.1,0.124275987,0.11147914,0,0,0,0.0163148841,0,0,0.0035875403,0.0299050255
4140490657258,1.05463504e+14,0.91626865,0.9766461,0.124275987,0.15444521,0.138541802,0,0,0,0.0251975572,0,0,0.00688586423,0.0299050255
4140490657258,1.05463504e+14,0.91626865,0.9766461,0.15444521,0.19193831,0.172174193,4,4,0,0.0389164202,0.166666667,0,0.0132166115,0.0299050255
4140490657258,1.05463504e+14,0.91626865,0.9766461,0.19193831,0.23853323,0.213971178,3,3,0,0.0601045471,0.25,0,0.0253677407,0.0299050255
4140490657258,1.05463504e+14,0.91626865,0.9766461,0.23853323,0.296439527,0.265914795,3,3,0,0.0928285943,0.166666667,0,0.0486904129,0.0299050255
4140490657258,1.05463504e+14,0.91626865,0.9766461,0.296439527,0.36840315,0.330468237,3,3,0,0.143369318,0.25,0,0.0934555558,0.0299050255
4140490657258,1.05463504e+14,0.91626865,0.9766461,0.36840315,0.457836652,0.410692665,4,4,0,0.221427045,0.75,0,0.179377015,0.0299050255
4140490657258,1.05463504e+14,0.91626865,0.9766461,0.457836652,0.56898102,0.510392364,6,4,2,0.341983465,0.75,0,0.344293211,0.0299050255
4140490657258,1.05463504e+14,0.91626865,0.9766461,0.56898102,0.707106781,0.63429515,6,5,1,0.528177083,1.41666667,0,0.660830573,0.0299050255
4140490657258,1.05463504e+14,0.91626865,0.9766461,0.707106781,0.878763934,0.788276561,11,5,6,0.815744207,1.58333333,0,1.26838704,0.0299050255
4140490657258,1.05463504e+14,0.91626865,0.9766461,0.878763934,1.09209256,0.97963848,15,6,9,1.25987786,1.83333333,3,2.43452064,0.0299050255
4140490657258,1.05463504e+14,0.91626865,0.9766461,1.09209256,1.35720881,1.21745539,7,1,6,1.94582101,3.83333333,3,4.67277779,0.0299050255
4140490657258,1.05463504e+14,0.91626865,0.9766461,1.35720881,1.68668465,1.51300471,39,6,33,3.00522735,4.25,1,8.96885074,0.0299050255
4140490657258,1.05463504e+14,0.91626865,0.9766461,1.68668465,2.096144,1.88030155,45,7,38,4.64142971,10.5833333,7,17.2146606,0.0299050255
4140490657258,1.05463504e+14,0.91626865,0.9766461,2.096144,2.60500365,2.33676331,80,3,77,7.16846589,19.25,12,33.0415286,0.0299050255
4140490657258,1.05463504e+14,0.91626865,0.9766461,2.60500365,3.23739401,2.90403568,87,0,87,11.0713522,27.9166667,19,63.4193518,0.0299050255
4140490657258,1.05463504e+14,0.91626865,0.9766461,3.23739401,4.02330338,3.60901902,129,0,129,17.0991733,39.75,13,121.726032,0.0299050255
4140490657258,1.05463504e+14,0.91626865,0.9766461,4.02330338,5,4.48514402,137,0,137,26.4088541,51.9166667,29,233.63889,0.0299050255
4140490785084,1.9970236e+14,0.8934081,1.2080989,0.1,0.124275987,0.11147914,0,0,0,0.0249640206,0.0833333333,0,0.00679035679,0.0301239548
4140490785084,1.9970236e+14,0.8934081,1.2080989,0.124275987,0.15444521,0.138541802,2,2,0,0.0385557341,0,0,0.0130332961,0.0301239548
4140490785084,1.9970236e+14,0.8934081,1.2080989,0.15444521,0.19193831,0.172174193,5,5,0,0.0595474847,0.25,0,0.0250158883,0.0301239548
4140490785084,1.9970236e+14,0.8934081,1.2080989,0.19193831,0.23853323,0.213971178,10,9,1,0.0919682381,0.333333333,0,0.0480150733,0.0301239548
4140490785084,1.9970236e+14,0.8934081,1.2080989,0.23853323,0.296439527,0.265914795,16,13,3,0.142040539,0.25,0,0.0921593204,0.0301239548
4140490785084,1.9970236e+14,0.8934081,1.2080989,0.296439527,0.36840315,0.330468237,6,5,1,0.219374809,0.666666667,0,0.176889042,0.0301239548
4140490785084,1.9970236e+14,0.8934081,1.2080989,0.36840315,0.457836652,0.410692665,14,9,5,0.338813886,0.5,0,0.339517839,0.0301239548
4140490785084,1.9970236e+14,0.8934081,1.2080989,0.457836652,0.56898102,0.510392364,21,10,11,0.523281819,1.25,0,0.651664804,0.0301239548
4140490785084,1.9970236e+14,0.8934081,1.2080989,0.56898102,0.707106781,0.63429515,23,14,9,0.808183708,1.08333333,0,1.25079441,0.0301239548
4140490785084,1.9970236e+14,0.8934081,1.2080989,0.707106781,0.878763934,0.788276561,44,19,25,1.24820103,1.41666667,0,2.40075367,0.0301239548
4140490785084,1.9970236e+14,0.8934081,1.2080989,0.878763934,1.09209256,0.97963848,44,14,30,1.92778671,3.5,2,4.60796602,0.0301239548
4140490785084,1.9970236e+14,0.8934081,1.2080989,1.09209256,1.35720881,1.21745539,53,15,38,2.97737424,5,1,8.84445212,0.0301239548
4140490785084,1.9970236e+14,0.8934081,1.2080989,1.35720881,1.68668465,1.51300471,71,8,63,4.5984119,9.41666667,4,16.975892,0.0301239548
4140490785084,1.9970236e+14,0.8934081,1.2080989,1.68668465,2.096144,1.88030155,86,5,81,7.10202695,15.3333333,8,32.5832402,0.0301239548
4140490785084,1.9970236e+14,0.8934081,1.2080989,2.096144,2.60500365,2.33676331,59,3,56,10.9687405,25.5,5,62.5397207,0.0301239548
4140490785084,1.9970236e+14,0.8934081,1.2080989,2.60500365,3.23739401,2.90403568,83,0,83,16.9406943,37.9166667,17,120.037683,0.0301239548
4140490785084,1.9970236e+14,0.8934081,1.2080989,3.23739401,4.02330338,3.60901902,124,0,124,26.164091,58,17,230.398301,0.0301239548
4140490785084,1.9970236e+14,0.8934081,1.2080989,4.02330338,5,4.48514402,181,0,181,40.4091854,84.6666667,37,442.222606,0.0301239548
4140490831843,1.52537701e+14,0.9125618,1.1038645,0.1,0.124275987,0.11147914,2,2,0,0.0208420814,0.0833333333,0,0.00518003182,0.0299079736
4140490831843,1.52537701e+14,0.9125618,1.1038645,0.124275987,0.15444521,0.138541802,4,4,0,0.0321895965,0,0,0.00994246555,0.0299079736
4140490831843,1.52537701e+14,0.9125618,1.1038645,0.15444521,0.19193831,0.172174193,1,1,0,0.04971529,0.25,0,0.0190834004,0.0299079736
4140490831843,1.52537701e+14,0.9125618,1.1038645,0.19193831,0.23853323,0.213971178,4,4,0,0.0767828843,0.166666667,0,0.0366283563,0.0299079736
4140490831843,1.52537701e+14,0.9125618,1.1038645,0.23853323,0.296439527,0.265914795,9,9,0,0.118587487,0.166666667,0,0.0703038482,0.0299079736
4140490831843,1.52537701e+14,0.9125618,1.1038645,0.296439527,0.36840315,0.330468237,7,5,2,0.183152694,0.166666667,0,0.134940018,0.0299079736
4140490831843,1.52537701e+14,0.9125618,1.1038645,0.36840315,0.457836652,0.410692665,9,9,0,0.282870564,0.25,0,0.259001591,0.0299079736
4140490831843,1.52537701e+14,0.9125618,1.1038645,0.457836652,0.56898102,0.510392364,7,3,4,0.436880039,0.166666667,0,0.497123278,0.0299079736
4140490831843,1.52537701e+14,0.9125618,1.1038645,0.56898102,0.707106781,0.63429515,10,8,2,0.674740295,0.75,0,0.95417002,0.0299079736
4140490831843,1.52537701e+14,0.9125618,1.1038645,0.707106781,0.878763934,0.788276561,8,5,3,1.04210407,1.08333333,0,1.83141781,0.0299079736
4140490831843,1.52537701e+14,0.9125618,1.1038645,0.878763934,1.09209256,0.97963848,23,14,9,1.60947982,1.5,6,3.51519241,0.0299079736
4140490831843,1.52537701e+14,0.9125618,1.1038645,1.09209256,1.35720881,1.21745539,23,13,10,2.4857645,4.5,3,6.74700091,0.0299079736
4140490831843,1.52537701e+14,0.9125618,1.1038645,1.35720881,1.68668465,1.51300471,20,7,13,3.83914422,6.25,6,12.9500796,0.0299079736
4140490831843,1.52537701e+14,0.9125618,1.1038645,1.68668465,2.096144,1.88030155,38,8,30,5.92937437,9.08333333,7,24.8561639,0.0299079736
4140490831843,1.52537701e+14,0.9125618,1.1038645,2.096144,2.60500365,2.33676331,52,5,47,9.15763472,12.9166667,4,47.708501,0.0299079736
4140490831843,1.52537701e+14,0.9125618,1.1038645,2.60500365,3.23739401,2.90403568,112,2,110,14.1435282,21,10,91.5708907,0.0299079736
4140490831843,1.52537701e+14,0.9125618,1.1038645,3.23739401,4.02330338,3.60901902,150,0,150,21.8440019,31.75,10,175.75962,0.0299079736
4140490831843,1.52537701e+14,0.9125618,1.1038645,4.02330338,5,4.48514402,141,0,141,33.7370148,54.0833333,17,337.350046,0.0299079736
4140490832218,1.11015903e+14,0.91442347,0.9936057,0.1,0.124275987,0.11147914,1,1,0,0.0168864245,0,0,0.00377769899,0.0299431218
4140490832218,1.11015903e+14,0.91442347,0.9936057,0.124275987,0.15444521,0.138541802,2,2,0,0.0260802739,0.0833333333,0,0.00725085161,0.0299431218
4140490832218,1.11015903e+14,0.91442347,0.9936057,0.15444521,0.19193831,0.172174193,5,5,0,0.0402797338,0.166666667,0,0.0139171621,0.0299431218
4140490832218,1.11015903e+14,0.91442347,0.9936057,0.19193831,0.23853323,0.213971178,1,1,0,0.0622101197,0,0,0.0267123657,0.0299431218
4140490832218,1.11015903e+14,0.91442347,0.9936057,0.23853323,0.296439527,0.265914795,7,7,0,0.0960805504,0.25,0,0.0512712635,0.0299431218
4140490832218,1.11015903e+14,0.91442347,0.9936057,0.296439527,0.36840315,0.330468237,3,3,0,0.148391808,0.25,0,0.0984091968,0.0299431218
4140490832218,1.11015903e+14,0.91442347,0.9936057,0.36840315,0.457836652,0.410692665,3,3,0,0.229184041,0.416666667,0,0.18888495,0.0299431218
4140490832218,1.11015903e+14,0.91442347,0.9936057,0.457836652,0.56898102,0.510392364,3,3,0,0.353963774,0.583333333,0,0.362542581,0.0299431218
4140490832218,1.11015903e+14,0.91442347,0.9936057,0.56898102,0.707106781,0.63429515,5,3,2,0.546680096,1.16666667,0,0.695858104,0.0299431218
4140490832218,1.11015903e+14,0.91442347,0.9936057,0.707106781,0.878763934,0.788276561,12,10,2,0.844321225,1.33333333,0,1.33561829,0.0299431218
4140490832218,1.11015903e+14,0.91442347,0.9936057,0.878763934,1.09209256,0.97963848,10,5,5,1.30401369,0.75,0,2.56356317,0.0299431218
4140490832218,1.11015903e+14,0.91442347,0.9936057,1.09209256,1.35720881,1.21745539,11,9,2,2.01398669,2.5,3,4.92045984,0.0299431218
4140490832218,1.11015903e+14,0.91442347,0.9936057,1.35720881,1.68668465,1.51300471,22,8,14,3.11050599,4.66666667,2,9.44424748,0.0299431218
4140490832218,1.11015903e+14,0.91442347,0.9936057,1.68668465,2.096144,1.88030155,27,10,17,4.80402752,5.91666667,6,18.127129,0.0299431218
4140490832218,1.11015903e+14,0.91442347,0.9936057,2.096144,2.60500365,2.33676331,33,6,27,7.41959041,11.9166667,6,34.7929052,0.0299431218
4140490832218,1.11015903e+14,0.91442347,0.9936057,2.60500365,3.23739401,2.90403568,54,1,53,11.459202,20.6666667,9,66.7809143,0.0299431218
4140490832218,1.11015903e+14,0.91442347,0.9936057,3.23739401,4.02330338,3.60901902,93,0,93,17.6981887,29.3333333,9,128.178159,0.0299431218
4140490832218,1.11015903e+14,0.91442347,0.9936057,4.02330338,5,4.48514402,70,0,70,27.3340048,44.9166667,16,246.022992,0.0299431218
4140500014788,1.82388393e+14,0.908142,1.1760005,0.1,0.124275987,0.11147914,2,2,0,0.0236550879,0,0,0.00626336392,0.0298227699
4140500014788,1.82388393e+14,0.908142,1.1760005,0.124275987,0.15444521,0.138541802,5,1,4,0.0365341503,0.0833333333,0,0.0120217949,0.0298227699
4140500014788,1.82388393e+14,0.908142,1.1760005,0.15444521,0.19193831,0.172174193,5,3,2,0.0564252454,0.0833333333,0,0.02307443,0.0298227699
4140500014788,1.82388393e+14,0.908142,1.1760005,0.19193831,0.23853323,0.213971178,12,7,5,0.087146089,0.25,0,0.044288671,0.0298227699
4140500014788,1.82388393e+14,0.908142,1.1760005,0.23853323,0.296439527,0.265914795,10,5,5,0.134592961,0.5,0,0.0850069269,0.0298227699
4140500014788,1.82388393e+14,0.908142,1.1760005,0.296439527,0.36840315,0.330468237,12,6,6,0.207872381,0.5,0,0.163160859,0.0298227699
4140500014788,1.82388393e+14,0.908142,1.1760005,0.36840315,0.457836652,0.410692665,13,8,5,0.321048937,0.0833333333,0,0.313168196,0.0298227699
4140500014788,1.82388393e+14,0.908142,1.1760005,0.457836652,0.56898102,0.510392364,20,11,9,0.495844706,1.33333333,0,0.601089744,0.0298227699
4140500014788,1.82388393e+14,0.908142,1.1760005,0.56898102,0.707106781,0.63429515,21,10,11,0.765808401,1.16666667,0,1.1537215,0.0298227699
4140500014788,1.82388393e+14,0.908142,1.1760005,0.707106781,0.878763934,0.788276561,29,12,17,1.1827544,3.25,0,2.21443355,0.0298227699
4140500014788,1.82388393e+14,0.908142,1.1760005,0.878763934,1.09209256,0.97963848,50,20,30,1.82670752,4,1,4.25034634,0.0298227699
4140500014788,1.82388393e+14,0.908142,1.1760005,1.09209256,1.35720881,1.21745539,48,11,37,2.82126227,5.58333333,7,8.15804296,0.0298227699
4140500014788,1.82388393e+14,0.908142,1.1760005,1.35720881,1.68668465,1.51300471,86,10,76,4.35730445,9,6,15.6584098,0.0298227699
4140500014788,1.82388393e+14,0.908142,1.1760005,1.68668465,2.096144,1.88030155,65,0,65,6.72964803,13.5833333,4,30.0544872,0.0298227699
4140500014788,1.82388393e+14,0.908142,1.1760005,2.096144,2.60500365,2.33676331,69,0,69,10.3936191,21.8333333,14,57.686075,0.0298227699
4140500014788,1.82388393e+14,0.908142,1.1760005,2.60500365,3.23739401,2.90403568,87,0,87,16.0524468,34.6666667,12,110.721678,0.0298227699
4140500014788,1.82388393e+14,0.908142,1.1760005,3.23739401,4.02330338,3.60901902,175,0,175,24.7922353,49.25,31,212.517317,0.0298227699
4140500014788,1.82388393e+14,0.908142,1.1760005,4.02330338,5,4.48514402,233,0,233,38.29042,70.75,39,407.902148,0.0298227699
4140500018485,1.11746955e+14,0.91185874,1.00113745,0.1,0.124275987,0.11147914,0,0,0,0.0171434004,0.0833333333,0,0.0038642592,0.0298872453
4140500018485,1.11746955e+14,0.91185874,1.00113745,0.124275987,0.15444521,0.138541802,5,3,2,0.0264771609,0,0,0.00741699382,0.0298872453
4140500018485,1.11746955e+14,0.91185874,1.00113745,0.15444521,0.19193831,0.172174193,1,0,1,0.0408927068,0.166666667,0,0.0142360526,0.0298872453
4140500018485,1.11746955e+14,0.91185874,1.00113745,0.19193831,0.23853323,0.213971178,3,2,1,0.0631568271,0.0833333333,0,0.0273244389,0.0298872453
4140500018485,1.11746955e+14,0.91185874,1.00113745,0.23853323,0.296439527,0.265914795,3,1,2,0.0975426946,0.166666667,0,0.0524460663,0.0298872453
4140500018485,1.11746955e+14,0.91185874,1.00113745,0.296439527,0.36840315,0.330468237,8,5,3,0.15065002,0.416666667,0,0.100664093,0.0298872453
4140500018485,1.11746955e+14,0.91185874,1.00113745,0.36840315,0.457836652,0.410692665,11,6,5,0.23267174,0.25,0,0.19321296,0.0298872453
4140500018485,1.11746955e+14,0.91185874,1.00113745,0.457836652,0.56898102,0.510392364,5,3,2,0.359350359,0.416666667,0,0.370849691,0.0298872453
4140500018485,1.11746955e+14,0.91185874,1.00113745,0.56898102,0.707106781,0.63429515,14,6,8,0.554999419,0.833333333,0,0.711802631,0.0298872453
4140500018485,1.11746955e+14,0.91185874,1.00113745,0.707106781,0.878763934,0.788276561,22,8,14,0.857170021,2.41666667,0,1.36622194,0.0298872453
4140500018485,1.11746955e+14,0.91185874,1.00113745,0.878763934,1.09209256,0.97963848,28,8,20,1.32385804,2.41666667,0,2.62230331,0.0298872453
4140500018485,1.11746955e+14,0.91185874,1.00113745,1.09209256,1.35720881,1.21745539,41,7,34,2.04463534,2.66666667,2,5.03320467,0.0298872453
4140500018485,1.11746955e+14,0.91185874,1.00113745,1.35720881,1.68668465,1.51300471,56,6,50,3.15784136,6.41666667,3,9.66064801,0.0298872453
4140500018485,1.11746955e+14,0.91185874,1.00113745,1.68668465,2.096144,1.88030155,69,3,66,4.87713473,10,1,18.5424846,0.0298872453
4140500018485,1.11746955e+14,0.91185874,1.00113745,2.096144,2.60500365,2.33676331,95,0,95,7.532501,10.5833333,5,35.5901316,0.0298872453
4140500018485,1.11746955e+14,0.91185874,1.00113745,2.60500365,3.23739401,2.90403568,122,0,122,11.633587,18.25,14,68.3110972,0.0298872453
4140500018485,1.11746955e+14,0.91185874,1.00113745,3.23739401,4.02330338,3.60901902,135,0,135,17.967518,35.25,21,131.115166,0.0298872453
4140500018485,1.11746955e+14,0.91185874,1.00113745,4.02330338,5,4.48514402,168,0,168,27.7499709,44.1666667,25,251.660234,0.0298872453
4140500019055,1.6821015e+14,0.91295725,1.1456329,0.1,0.124275987,0.11147914,2,1,1,0.0224491813,0.166666667,0,0.00579057324,0.0299358427
4140500019055,1.6821015e+14,0.91295725,1.1456329,0.124275987,0.15444521,0.138541802,2,2,0,0.0346716854,0.0833333333,0,0.0111143284,0.0299358427
4140500019055,1.6821015e+14,0.91295725,1.1456329,0.15444521,0.19193831,0.172174193,3,3,0,0.0535487575,0.333333333,0,0.0213326542,0.0299358427
4140500019055,1.6821015e+14,0.91295725,1.1456329,0.19193831,0.23853323,0.213971178,6,5,1,0.0827034912,0.166666667,0,0.040945536,0.0299358427
4140500019055,1.6821015e+14,0.91295725,1.1456329,0.23853323,0.296439527,0.265914795,7,6,1,0.127731581,0.333333333,0,0.07859017,0.0299358427
4140500019055,1.6821015e+14,0.91295725,1.1456329,0.296439527,0.36840315,0.330468237,6,3,3,0.197275309,0.75,0,0.150844644,0.0299358427
4140500019055,1.6821015e+14,0.91295725,1.1456329,0.36840315,0.457836652,0.410692665,5,5,0,0.304682267,1,0,0.289528662,0.0299358427
4140500019055,1.6821015e+14,0.91295725,1.1456329,0.457836652,0.56898102,0.510392364,14,11,3,0.470567168,1.58333333,0,0.555716421,0.0299358427
4140500019055,1.6821015e+14,0.91295725,1.1456329,0.56898102,0.707106781,0.63429515,19,7,12,0.726768453,2.5,0,1.06663271,0.0299358427
4140500019055,1.6821015e+14,0.91295725,1.1456329,0.707106781,0.878763934,0.788276561,21,8,13,1.12245907,3.5,0,2.0472768,0.0299358427
4140500019055,1.6821015e+14,0.91295725,1.1456329,0.878763934,1.09209256,0.97963848,52,14,38,1.73358427,6.08333333,3,3.9295085,0.0299358427
4140500019055,1.6821015e+14,0.91295725,1.1456329,1.09209256,1.35720881,1.21745539,55,20,35,2.67743787,9.16666667,2,7.54223222,0.0299358427
4140500019055,1.6821015e+14,0.91295725,1.1456329,1.35720881,1.68668465,1.51300471,46,11,35,4.13517456,14.5833333,5,14.4764331,0.0299358427
4140500019055,1.6821015e+14,0.91295725,1.1456329,1.68668465,2.096144,1.88030155,50,6,44,6.38657905,21.6666667,7,27.7858211,0.0299358427
4140500019055,1.6821015e+14,0.91295725,1.1456329,2.096144,2.60500365,2.33676331,64,1,63,9.86376546,29.5,12,53.3316355,0.0299358427
4140500019055,1.6821015e+14,0.91295725,1.1456329,2.60500365,3.23739401,2.90403568,128,0,128,15.2341133,46.5,16,102.36384,0.0299358427
4140500019055,1.6821015e+14,0.91295725,1.1456329,3.23739401,4.02330338,3.60901902,153,0,153,23.5283584,73.4166667,22,196.475425,0.0299358427
4140500019055,1.6821015e+14,0.91295725,1.1456329,4.02330338,5,4.48514402,208,0,208,36.3384226,118,37,377.111611,0.0299358427
4140500103172,1.57164226e+14,0.9228781,1.119013,0.1,0.124275987,0.11147914,1,1,0,0.0214180446,0,0,0.00539623088,0.0294549339
4140500103172,1.57164226e+14,0.9228781,1.119013,0.124275987,0.15444521,0.138541802,1,1,0,0.033079144,0,0,0.0103574344,0.0294549339
4140500103172,1.57164226e+14,0.9228781,1.119013,0.15444521,0.19193831,0.172174193,3,3,0,0.0510891536,0.0833333333,0,0.0198798845,0.0294549339
4140500103172,1.57164226e+14,0.9228781,1.119013,0.19193831,0.23853323,0.213971178,4,4,0,0.0789047508,0,0,0.0381571145,0.0294549339
4140500103172,1.57164226e+14,0.9228781,1.119013,0.23853323,0.296439527,0.265914795,9,9,0,0.121864608,0.0833333333,0,0.0732381209,0.0294549339
4140500103172,1.57164226e+14,0.9228781,1.119013,0.296439527,0.36840315,0.330468237,4,4,0,0.188214051,0.166666667,0,0.140572012,0.0294549339
4140500103172,1.57164226e+14,0.9228781,1.119013,0.36840315,0.457836652,0.410692665,6,5,1,0.290687587,0.333333333,0,0.269811544,0.0294549339
4140500103172,1.57164226e+14,0.9228781,1.119013,0.457836652,0.56898102,0.510392364,2,2,0,0.448953056,0.583333333,0,0.517871719,0.0294549339
4140500103172,1.57164226e+14,0.9228781,1.119013,0.56898102,0.707106781,0.63429515,12,11,1,0.693386493,0.916666667,0,0.993994227,0.0294549339
4140500103172,1.57164226e+14,0.9228781,1.119013,0.707106781,0.878763934,0.788276561,9,6,3,1.07090223,1.16666667,0,1.90785573,0.0294549339
4140500103172,1.57164226e+14,0.9228781,1.119013,0.878763934,1.09209256,0.97963848,27,14,13,1.6539572,3.58333333,1,3.66190604,0.0294549339
4140500103172,1.57164226e+14,0.9228781,1.119013,1.09209256,1.35720881,1.21745539,21,11,10,2.55445768,4.5,2,7.02860059,0.0294549339
4140500103172,1.57164226e+14,0.9228781,1.119013,1.35720881,1.68668465,1.51300471,23,9,14,3.94523754,9.5,4,13.4905772,0.0294549339
4140500103172,1.57164226e+14,0.9228781,1.119013,1.68668465,2.096144,1.88030155,21,4,17,6.09323042,12.4166667,5,25.893586,0.0294549339
4140500103172,1.57164226e+14,0.9228781,1.119013,2.096144,2.60500365,2.33676331,31,5,26,9.41070255,15.4166667,8,49.6997114,0.0294549339
4140500103172,1.57164226e+14,0.9228781,1.119013,2.60500365,3.23739401,2.90403568,52,0,52,14.5343794,26,16,95.3927863,0.0294549339
4140500103172,1.57164226e+14,0.9228781,1.119013,3.23739401,4.02330338,3.60901902,84,0,84,22.4476528,42.0833333,15,183.095302,0.0294549339
4140500103172,1.57164226e+14,0.9228781,1.119013,4.02330338,5,4.48514402,77,0,77,34.6693246,64.5833333,26,351.430029,0.0294549339
4140500330218,1.23807569e+14,0.96263826,1.0339794,0.1,0.124275987,0.11147914,1,1,0,0.0182866152,0.0833333333,0,0.00425716798,0.0282018979
4140500330218,1.23807569e+14,0.96263826,1.0339794,0.124275987,0.15444521,0.138541802,4,4,0,0.0282428014,0,0,0.00817113628,0.0282018979
4140500330218,1.23807569e+14,0.96263826,1.0339794,0.15444521,0.19193831,0.172174193,6,6,0,0.043619654,0.0833333333,0,0.0156835409,0.0282018979
4140500330218,1.23807569e+14,0.96263826,1.0339794,0.19193831,0.23853323,0.213971178,3,3,0,0.0673684665,0.0833333333,0,0.0301027234,0.0282018979
4140500330218,1.23807569e+14,0.96263826,1.0339794,0.23853323,0.296439527,0.265914795,3,2,1,0.10404737,0.0833333333,0,0.0577786587,0.0282018979
4140500330218,1.23807569e+14,0.96263826,1.0339794,0.296439527,0.36840315,0.330468237,4,2,2,0.160696179,0.0833333333,0,0.110899381,0.0282018979
4140500330218,1.23807569e+14,0.96263826,1.0339794,0.36840315,0.457836652,0.410692665,1,1,0,0.248187552,0.416666667,0,0.212858399,0.0282018979
4140500330218,1.23807569e+14,0.96263826,1.0339794,0.457836652,0.56898102,0.510392364,5,5,0,0.383313788,0.5,0,0.408556814,0.0282018979
4140500330218,1.23807569e+14,0.96263826,1.0339794,0.56898102,0.707106781,0.63429515,9,6,3,0.592009786,0.583333333,0,0.784177046,0.0282018979
4140500330218,1.23807569e+14,0.96263826,1.0339794,0.707106781,0.878763934,0.788276561,16,12,4,0.914330761,1.08333333,0,1.50513617,0.0282018979
4140500330218,1.23807569e+14,0.96263826,1.0339794,0.878763934,1.09209256,0.97963848,14,5,9,1.41214007,1.33333333,2,2.88893294,0.0282018979
4140500330218,1.23807569e+14,0.96263826,1.0339794,1.09209256,1.35720881,1.21745539,24,8,16,2.1809827,2.25,1,5.54496907,0.0282018979
4140500330218,1.23807569e+14,0.96263826,1.0339794,1.35720881,1.68668465,1.51300471,19,3,16,3.36842332,5.33333333,2,10.6429199,0.0282018979
4140500330218,1.23807569e+14,0.96263826,1.0339794,1.68668465,2.096144,1.88030155,29,7,22,5.20236849,5.91666667,6,20.4278407,0.0282018979
4140500330218,1.23807569e+14,0.96263826,1.0339794,2.096144,2.60500365,2.33676331,32,5,27,8.03480897,9.5,8,39.2088523,0.0282018979
4140500330218,1.23807569e+14,0.96263826,1.0339794,2.60500365,3.23739401,2.90403568,48,0,48,12.4093776,12.9166667,12,75.2568086,0.0282018979
4140500330218,1.23807569e+14,0.96263826,1.0339794,3.23739401,4.02330338,3.60901902,68,0,68,19.1656894,22.9166667,4,144.446647,0.0282018979
4140500330218,1.23807569e+14,0.96263826,1.0339794,4.02330338,5,4.48514402,108,0,108,29.6004893,33.3333333,18,277.248453,0.0282018979
4140500370495,1.22060234e+14,0.9749708,1.0286628,0.1,0.124275987,0.11147914,0,0,0,0.0180990435,0,0,0.0041918355,0.0294882716
4140500370495,1.22060234e+14,0.9749708,1.0286628,0.124275987,0.15444521,0.138541802,1,1,0,0.0279531058,0.0833333333,0,0.00804573823,0.0294882716
4140500370495,1.22060234e+14,0.9749708,1.0286628,0.15444521,0.19193831,0.172174193,5,5,0,0.0431722331,0.0833333333,0,0.015442854,0.0294882716
4140500370495,1.22060234e+14,0.9749708,1.0286628,0.19193831,0.23853323,0.213971178,10,10,0,0.0666774462,0.333333333,0,0.0296407531,0.0294882716
4140500370495,1.22060234e+14,0.9749708,1.0286628,0.23853323,0.296439527,0.265914795,2,2,0,0.102980122,0.166666667,0,0.0568919606,0.0294882716
4140500370495,1.22060234e+14,0.9749708,1.0286628,0.296439527,0.36840315,0.330468237,4,4,0,0.159047866,0.166666667,0,0.109197468,0.0294882716
4140500370495,1.22060234e+14,0.9749708,1.0286628,0.36840315,0.457836652,0.410692665,5,5,0,0.245641812,0.0833333333,0,0.209591775,0.0294882716
4140500370495,1.22060234e+14,0.9749708,1.0286628,0.457836652,0.56898102,0.510392364,4,3,1,0.379382014,0.583333333,0,0.402286911,0.0294882716
4140500370495,1.22060234e+14,0.9749708,1.0286628,0.56898102,0.707106781,0.63429515,9,8,1,0.58593735,0.416666667,0,0.7721427,0.0294882716
4140500370495,1.22060234e+14,0.9749708,1.0286628,0.707106781,0.878763934,0.788276561,10,9,1,0.904952173,2.16666667,0,1.48203765,0.0294882716
4140500370495,1.22060234e+14,0.9749708,1.0286628,0.878763934,1.09209256,0.97963848,10,5,5,1.39765529,2.91666667,1,2.84459803,0.0294882716
4140500370495,1.22060234e+14,0.9749708,1.0286628,1.09209256,1.35720881,1.21745539,13,5,8,2.15861165,4.25,3,5.45987339,0.0294882716
4140500370495,1.22060234e+14,0.9749708,1.0286628,1.35720881,1.68668465,1.51300471,17,7,10,3.33387231,6.25,5,10.4795887,0.0294882716
4140500370495,1.22060234e+14,0.9749708,1.0286628,1.68668465,2.096144,1.88030155,35,5,30,5.14900611,11.6666667,7,20.1143456,0.0294882716
4140500370495,1.22060234e+14,0.9749708,1.0286628,2.096144,2.60500365,2.33676331,37,4,33,7.95239332,17.4166667,8,38.607135,0.0294882716
4140500370495,1.22060234e+14,0.9749708,1.0286628,2.60500365,3.23739401,2.90403568,48,0,48,12.2820906,23.1666667,10,74.1018826,0.0294882716
4140500370495,1.22060234e+14,0.9749708,1.0286628,3.23739401,4.02330338,3.60901902,53,0,53,18.9691007,31.8333333,12,142.229901,0.0294882716
4140500370495,1.22060234e+14,0.9749708,1.0286628,4.02330338,5,4.48514402,101,0,101,29.2968675,49.5,17,272.99367,0.0294882716
4140500385286,1.94777235e+14,0.9855938,1.2039525,0.1,0.124275987,0.11147914,4,4,0,0.0247929531,0,0,0.00672067952,0.0292905779
4140500385286,1.94777235e+14,0.9855938,1.2039525,0.124275987,0.15444521,0.138541802,3,3,0,0.0382915287,0.0833333333,0,0.0128995587,0.0292905779
4140500385286,1.94777235e+14,0.9855938,1.2039525,0.15444521,0.19193831,0.172174193,9,7,2,0.0591394321,0.25,0,0.024759195,0.0292905779
4140500385286,1.94777235e+14,0.9855938,1.2039525,0.19193831,0.23853323,0.213971178,5,5,0,0.0913380203,0.25,0,0.0475223806,0.0292905779
4140500385286,1.94777235e+14,0.9855938,1.2039525,0.23853323,0.296439527,0.265914795,5,5,0,0.141067198,0.25,0,0.0912136544,0.0292905779
4140500385286,1.94777235e+14,0.9855938,1.2039525,0.296439527,0.36840315,0.330468237,10,10,0,0.217871531,0.666666667,0,0.175073947,0.0292905779
4140500385286,1.94777235e+14,0.9855938,1.2039525,0.36840315,0.457836652,0.410692665,15,13,2,0.336492144,0.666666667,0,0.336033976,0.0292905779
4140500385286,1.94777235e+14,0.9855938,1.2039525,0.457836652,0.56898102,0.510392364,9,5,4,0.519696,1.66666667,0,0.644977935,0.0292905779
4140500385286,1.94777235e+14,0.9855938,1.2039525,0.56898102,0.707106781,0.63429515,13,7,6,0.802645581,2,0,1.23795975,0.0292905779
4140500385286,1.94777235e+14,0.9855938,1.2039525,0.707106781,0.878763934,0.788276561,11,5,6,1.23964766,3.08333333,0,2.37611903,0.0292905779
4140500385286,1.94777235e+14,0.9855938,1.2039525,0.878763934,1.09209256,0.97963848,12,12,0,1.91457643,5,0,4.56068272,0.0292905779
4140500385286,1.94777235e+14,0.9855938,1.2039525,1.09209256,1.35720881,1.21745539,21,10,11,2.9569716,8.5,2,8.75369735,0.0292905779
4140500385286,1.94777235e+14,0.9855938,1.2039525,1.35720881,1.68668465,1.51300471,29,13,16,4.56690102,12.0833333,6,16.8016988,0.0292905779
4140500385286,1.94777235e+14,0.9855938,1.2039525,1.68668465,2.096144,1.88030155,36,10,26,7.05335989,16.5833333,7,32.2488968,0.0292905779
4140500385286,1.94777235e+14,0.9855938,1.2039525,2.096144,2.60500365,2.33676331,27,6,21,10.8935765,21.3333333,13,61.8979876,0.0292905779
4140500385286,1.94777235e+14,0.9855938,1.2039525,2.60500365,3.23739401,2.90403568,65,0,65,16.8246072,26.75,23,118.805951,0.0292905779
4140500385286,1.94777235e+14,0.9855938,1.2039525,3.23739401,4.02330338,3.60901902,90,0,90,25.9848,42,26,228.034136,0.0292905779
4140500385286,1.94777235e+14,0.9855938,1.2039525,4.02330338,5,4.48514402,164,0,164,40.1322791,78.25,31,437.684868,0.0292905779
4140500445286,2.75374168e+14,0.98602045,1.3502228,0.1,0.124275987,0.11147914,3,3,0,0.0311831819,0,0,0.00947984942,0.0292777266
4140500445286,2.75374168e+14,0.98602045,1.3502228,0.124275987,0.15444521,0.138541802,5,5,0,0.048160931,0.166666667,0,0.0181954628,0.0292777266
4140500445286,2.75374168e+14,0.98602045,1.3502228,0.15444521,0.19193831,0.172174193,9,9,0,0.0743822512,0,0,0.0349240639,0.0292777266
4140500445286,2.75374168e+14,0.98602045,1.3502228,0.19193831,0.23853323,0.213971178,4,4,0,0.114879824,0,0,0.0670326581,0.0292777266
4140500445286,2.75374168e+14,0.98602045,1.3502228,0.23853323,0.296439527,0.265914795,13,13,0,0.177426387,0.166666667,0,0.128661351,0.0292777266
4140500445286,2.75374168e+14,0.98602045,1.3502228,0.296439527,0.36840315,0.330468237,17,17,0,0.274026556,0.583333333,0,0.246950424,0.0292777266
4140500445286,2.75374168e+14,0.98602045,1.3502228,0.36840315,0.457836652,0.410692665,14,13,1,0.423220892,0.666666667,0,0.473992471,0.0292777266
4140500445286,2.75374168e+14,0.98602045,1.3502228,0.457836652,0.56898102,0.510392364,12,12,0,0.653644397,1.91666667,0,0.90977314,0.0292777266
4140500445286,2.75374168e+14,0.98602045,1.3502228,0.56898102,0.707106781,0.63429515,28,19,9,1.00952247,1.91666667,0,1.74620319,0.0292777266
4140500445286,2.75374168e+14,0.98602045,1.3502228,0.707106781,0.878763934,0.788276561,28,17,11,1.5591591,3.33333333,0,3.35163291,0.0292777266
4140500445286,2.75374168e+14,0.98602045,1.3502228,0.878763934,1.09209256,0.97963848,37,18,19,2.40804655,5.33333333,6,6.43306757,0.0292777266
4140500445286,2.75374168e+14,0.98602045,1.3502228,1.09209256,1.35720881,1.21745539,46,22,24,3.71911256,5.58333333,7,12.3475212,0.0292777266
4140500445286,2.75374168e+14,0.98602045,1.3502228,1.35720881,1.68668465,1.51300471,36,10,26,5.74399122,12.1666667,7,23.6996236,0.0292777266
4140500445286,2.75374168e+14,0.98602045,1.3502228,1.68668465,2.096144,1.88030155,38,12,26,8.87131933,16.8333333,7,45.488657,0.0292777266
4140500445286,2.75374168e+14,0.98602045,1.3502228,2.096144,2.60500365,2.33676331,49,0,49,13.7013278,29.5833333,10,87.3101597,0.0292777266
4140500445286,2.75374168e+14,0.98602045,1.3502228,2.60500365,3.23739401,2.90403568,69,0,69,21.1610446,50.1666667,19,167.581645,0.0292777266
4140500445286,2.75374168e+14,0.98602045,1.3502228,3.23739401,4.02330338,3.60901902,60,0,60,32.6822199,66.9166667,13,321.653378,0.0292777266
4140500445286,2.75374168e+14,0.98602045,1.3502228,4.02330338,5,4.48514402,85,0,85,50.4761233,90.6666667,30,617.37606,0.0292777266
4140500666368,1.68210537e+14,0.9889047,1.1447434,0.1,0.124275987,0.11147914,3,3,0,0.0224143346,0,0,0.00577709584,0.0292624601
4140500666368,1.68210537e+14,0.9889047,1.1447434,0.124275987,0.15444521,0.138541802,5,5,0,0.0346178662,0,0,0.0110884601,0.0292624601
4140500666368,1.68210537e+14,0.9889047,1.1447434,0.15444521,0.19193831,0.172174193,8,8,0,0.0534656364,0.25,0,0.021283003,0.0292624601
4140500666368,1.68210537e+14,0.9889047,1.1447434,0.19193831,0.23853323,0.213971178,6,5,1,0.0825751146,0.333333333,0,0.0408502364,0.0292624601
4140500666368,1.68210537e+14,0.9889047,1.1447434,0.23853323,0.296439527,0.265914795,10,10,0,0.12753331,0.583333333,0,0.0784072536,0.0292624601
4140500666368,1.68210537e+14,0.9889047,1.1447434,0.296439527,0.36840315,0.330468237,8,7,1,0.196969088,0.166666667,0,0.150493558,0.0292624601
4140500666368,1.68210537e+14,0.9889047,1.1447434,0.36840315,0.457836652,0.410692665,3,3,0,0.304209323,0.75,0,0.288854792,0.0292624601
4140500666368,1.68210537e+14,0.9889047,1.1447434,0.457836652,0.56898102,0.510392364,7,6,1,0.46983673,1,0,0.554423007,0.0292624601
4140500666368,1.68210537e+14,0.9889047,1.1447434,0.56898102,0.707106781,0.63429515,10,8,2,0.725640326,0.75,0,1.06415015,0.0292624601
4140500666368,1.68210537e+14,0.9889047,1.1447434,0.707106781,0.878763934,0.788276561,13,13,0,1.12071673,1.08333333,0,2.04251182,0.0292624601
4140500666368,1.68210537e+14,0.9889047,1.1447434,0.878763934,1.09209256,0.97963848,19,11,8,1.73089331,1.08333333,2,3.92036268,0.0292624601
4140500666368,1.68210537e+14,0.9889047,1.1447434,1.09209256,1.35720881,1.21745539,17,5,12,2.67328182,5,4,7.52467789,0.0292624601
4140500666368,1.68210537e+14,0.9889047,1.1447434,1.35720881,1.68668465,1.51300471,28,11,17,4.12875573,7.91666667,4,14.4427396,0.0292624601
4140500666368,1.68210537e+14,0.9889047,1.1447434,1.68668465,2.096144,1.88030155,32,6,26,6.37666548,12.4166667,7,27.7211503,0.0292624601
4140500666368,1.68210537e+14,0.9889047,1.1447434,2.096144,2.60500365,2.33676331,29,7,22,9.84845442,14.9166667,10,53.2075076,0.0292624601
4140500666368,1.68210537e+14,0.9889047,1.1447434,2.60500365,3.23739401,2.90403568,40,1,39,15.2104662,26.0833333,13,102.125591,0.0292624601
4140500666368,1.68210537e+14,0.9889047,1.1447434,3.23739401,4.02330338,3.60901902,46,0,46,23.4918365,43,13,196.018134,0.0292624601
4140500666368,1.68210537e+14,0.9889047,1.1447434,4.02330338,5,4.48514402,59,0,59,36.2820163,70.0833333,15,376.233894,0.0292624601
4140500857357,1.11074968e+14,0.99278367,0.99670166,0.1,0.124275987,0.11147914,3,3,0,0.0169918207,0,0,0.00381312175,0.0292574792
4140500857357,1.11074968e+14,0.99278367,0.99670166,0.124275987,0.15444521,0.138541802,1,1,0,0.0262430533,0,0,0.00731884146,0.0292574792
4140500857357,1.11074968e+14,0.99278367,0.99670166,0.15444521,0.19193831,0.172174193,2,2,0,0.0405311389,0.0833333333,0,0.0140476606,0.0292574792
4140500857357,1.11074968e+14,0.99278367,0.99670166,0.19193831,0.23853323,0.213971178,1,1,0,0.0625984027,0.166666667,0,0.0269628425,0.0292574792
4140500857357,1.11074968e+14,0.99278367,0.99670166,0.23853323,0.296439527,0.265914795,9,9,0,0.0966802349,0.166666667,0,0.0517520243,0.0292574792
4140500857357,1.11074968e+14,0.99278367,0.99670166,0.296439527,0.36840315,0.330468237,7,4,3,0.149317992,0.25,0,0.0993319609,0.0292574792
4140500857357,1.11074968e+14,0.99278367,0.99670166,0.36840315,0.457836652,0.410692665,8,3,5,0.230614487,0.333333333,0,0.190656087,0.0292574792
4140500857357,1.11074968e+14,0.99278367,0.99670166,0.457836652,0.56898102,0.510392364,6,1,5,0.356173031,0.666666667,0,0.365942073,0.0292574792
4140500857357,1.11074968e+14,0.99278367,0.99670166,0.56898102,0.707106781,0.63429515,7,2,5,0.550092187,0.666666667,0,0.702383032,0.0292574792
4140500857357,1.11074968e+14,0.99278367,0.99670166,0.707106781,0.878763934,0.788276561,14,9,5,0.849591036,1.33333333,0,1.34814212,0.0292574792
4140500857357,1.11074968e+14,0.99278367,0.99670166,0.878763934,1.09209256,0.97963848,16,2,14,1.31215266,2.08333333,0,2.58760121,0.0292574792
4140500857357,1.11074968e+14,0.99278367,0.99670166,1.09209256,1.35720881,1.21745539,21,6,15,2.02655694,3.08333333,0,4.96659805,0.0292574792
4140500857357,1.11074968e+14,0.99278367,0.99670166,1.35720881,1.68668465,1.51300471,20,6,14,3.12992014,4.5,3,9.53280437,0.0292574792
4140500857357,1.11074968e+14,0.99278367,0.99670166,1.68668465,2.096144,1.88030155,25,5,20,4.83401174,7,6,18.2971036,0.0292574792
4140500857357,1.11074968e+14,0.99278367,0.99670166,2.096144,2.60500365,2.33676331,35,5,30,7.46589961,12.1666667,3,35.1191516,0.0292574792
4140500857357,1.11074968e+14,0.99278367,0.99670166,2.60500365,3.23739401,2.90403568,42,2,40,11.5307244,22.8333333,6,67.4071062,0.0292574792
4140500857357,1.11074968e+14,0.99278367,0.99670166,3.23739401,4.02330338,3.60901902,42,0,42,17.8086515,56.5,10,129.380061,0.0292574792
4140500857357,1.11074968e+14,0.99278367,0.99670166,4.02330338,5,4.48514402,92,0,92,27.5046093,78.5833333,11,248.329902,0.0292574792
4140510004630,3.76419573e+14,0.9680249,1.5025933,0.1,0.124275987,0.11147914,6,6,0,0.0386182376,0.166666667,0,0.0130650017,0.0286203237
4140510004630,3.76419573e+14,0.9680249,1.5025933,0.124275987,0.15444521,0.138541802,9,9,0,0.0596440183,0.166666667,0,0.0250767436,0.0286203237
4140510004630,3.76419573e+14,0.9680249,1.5025933,0.15444521,0.19193831,0.172174193,15,14,1,0.0921173296,0.0833333333,0,0.0481318779,0.0286203237
4140510004630,3.76419573e+14,0.9680249,1.5025933,0.19193831,0.23853323,0.213971178,5,5,0,0.142270804,0.333333333,0,0.0923835132,0.0286203237
4140510004630,3.76419573e+14,0.9680249,1.5025933,0.23853323,0.296439527,0.265914795,20,17,3,0.219730442,0.333333333,0,0.177319354,0.0286203237
4140510004630,3.76419573e+14,0.9680249,1.5025933,0.296439527,0.36840315,0.330468237,17,16,1,0.339363144,0.75,0,0.340343772,0.0286203237
4140510004630,3.76419573e+14,0.9680249,1.5025933,0.36840315,0.457836652,0.410692665,19,16,3,0.524130122,1.33333333,0,0.653250086,0.0286203237
4140510004630,3.76419573e+14,0.9680249,1.5025933,0.457836652,0.56898102,0.510392364,23,18,5,0.80949387,1.41666667,0,1.25383718,0.0286203237
4140510004630,3.76419573e+14,0.9680249,1.5025933,0.56898102,0.707106781,0.63429515,23,20,3,1.25022451,2.16666667,0,2.40659389,0.0286203237
4140510004630,3.76419573e+14,0.9680249,1.5025933,0.707106781,0.878763934,0.788276561,43,24,19,1.93091188,3.66666667,0,4.61917566,0.0286203237
4140510004630,3.76419573e+14,0.9680249,1.5025933,0.878763934,1.09209256,0.97963848,48,22,26,2.98220092,3.16666667,4,8.86596771,0.0286203237
4140510004630,3.76419573e+14,0.9680249,1.5025933,1.09209256,1.35720881,1.21745539,56,25,31,4.60586648,7.08333333,4,17.0171886,0.0286203237
4140510004630,3.76419573e+14,0.9680249,1.5025933,1.35720881,1.68668465,1.51300471,43,18,25,7.11354018,13.0833333,6,32.6625043,0.0286203237
4140510004630,3.76419573e+14,0.9680249,1.5025933,1.68668465,2.096144,1.88030155,52,15,37,10.9865221,22.5,9,62.6918589,0.0286203237
4140510004630,3.76419573e+14,0.9680249,1.5025933,2.096144,2.60500365,2.33676331,42,6,36,16.9681572,23.6666667,20,120.329695,0.0286203237
4140510004630,3.76419573e+14,0.9680249,1.5025933,2.60500365,3.23739401,2.90403568,64,1,63,26.2065061,40.5833333,16,230.958783,0.0286203237
4140510004630,3.76419573e+14,0.9680249,1.5025933,3.23739401,4.02330338,3.60901902,84,0,84,40.4746935,70,35,443.298386,0.0286203237
4140510004630,3.76419573e+14,0.9680249,1.5025933,4.02330338,5,4.48514402,99,0,99,62.5112256,116.916667,35,850.859431,0.0286203237
4140510120053,1.02612601e+14,0.9968322,0.9745642,0.1,0.124275987,0.11147914,2,2,0,0.016245402,0,0,0.00356464667,0.029229565
4140510120053,1.02612601e+14,0.9968322,0.9745642,0.124275987,0.15444521,0.138541802,2,2,0,0.0250902452,0.0833333333,0,0.00684192259,0.029229565
4140510120053,1.02612601e+14,0.9968322,0.9745642,0.15444521,0.19193831,0.172174193,6,6,0,0.0387506821,0,0,0.0131322706,0.029229565
4140510120053,1.02612601e+14,0.9968322,0.9745642,0.19193831,0.23853323,0.213971178,1,1,0,0.0598485725,0.0833333333,0,0.0252058583,0.029229565
4140510120053,1.02612601e+14,0.9968322,0.9745642,0.23853323,0.296439527,0.265914795,4,4,0,0.0924332538,0.166666667,0,0.0483796986,0.029229565
4140510120053,1.02612601e+14,0.9968322,0.9745642,0.296439527,0.36840315,0.330468237,6,5,1,0.142758733,0.0833333333,0,0.092859176,0.029229565
4140510120053,1.02612601e+14,0.9968322,0.9745642,0.36840315,0.457836652,0.410692665,3,2,1,0.220484026,0.416666667,0,0.178232334,0.029229565
4140510120053,1.02612601e+14,0.9968322,0.9745642,0.457836652,0.56898102,0.510392364,6,6,0,0.340527019,0.916666667,0,0.342096129,0.029229565
4140510120053,1.02612601e+14,0.9968322,0.9745642,0.56898102,0.707106781,0.63429515,14,11,3,0.525927671,1.66666667,0,0.656613531,0.029229565
4140510120053,1.02612601e+14,0.9968322,0.9745642,0.707106781,0.878763934,0.788276561,12,8,4,0.812270098,2,0,1.26029292,0.029229565
4140510120053,1.02612601e+14,0.9968322,0.9745642,0.878763934,1.09209256,0.97963848,12,8,4,1.25451226,2.5,0,2.41898493,0.029229565
4140510120053,1.02612601e+14,0.9968322,0.9745642,1.09209256,1.35720881,1.21745539,16,5,11,1.9375341,5.5,3,4.6429588,0.029229565
4140510120053,1.02612601e+14,0.9968322,0.9745642,1.35720881,1.68668465,1.51300471,24,10,14,2.99242863,4.91666667,2,8.91161668,0.029229565
4140510120053,1.02612601e+14,0.9968322,0.9745642,1.68668465,2.096144,1.88030155,20,5,15,4.62166269,8.41666667,6,17.1048065,0.029229565
4140510120053,1.02612601e+14,0.9968322,0.9745642,2.096144,2.60500365,2.33676331,23,2,21,7.13793667,11.75,5,32.8306765,0.029229565
4140510120053,1.02612601e+14,0.9968322,0.9745642,2.60500365,3.23739401,2.90403568,26,1,25,11.0242013,20.1666667,9,63.0146458,0.029229565
4140510120053,1.02612601e+14,0.9968322,0.9745642,3.23739401,4.02330338,3.60901902,57,0,57,17.0263509,25.6666667,14,120.949246,0.029229565
4140510120053,1.02612601e+14,0.9968322,0.9745642,4.02330338,5,4.48514402,96,0,96,26.2963835,40,17,232.14794,0.029229565
4140510174316,1.22702298e+14,0.99280405,1.0346582,0.1,0.124275987,0.11147914,0,0,0,0.0183106332,0.0833333333,0,0.00426555788,0.0292555445
4140510174316,1.22702298e+14,0.99280405,1.0346582,0.124275987,0.15444521,0.138541802,2,2,0,0.0282798959,0,0,0.00818723972,0.0292555445
4140510174316,1.22702298e+14,0.99280405,1.0346582,0.15444521,0.19193831,0.172174193,3,3,0,0.0436769448,0.0833333333,0,0.0157144496,0.0292555445
4140510174316,1.22702298e+14,0.99280405,1.0346582,0.19193831,0.23853323,0.213971178,1,0,1,0.0674569493,0,0,0.030162049,0.0292555445
4140510174316,1.22702298e+14,0.99280405,1.0346582,0.23853323,0.296439527,0.265914795,7,6,1,0.104184027,0.333333333,0,0.0578925273,0.0292555445
4140510174316,1.22702298e+14,0.99280405,1.0346582,0.296439527,0.36840315,0.330468237,8,6,2,0.16090724,0.416666667,0,0.111117939,0.0292555445
4140510174316,1.22702298e+14,0.99280405,1.0346582,0.36840315,0.457836652,0.410692665,13,9,4,0.248513526,1,0,0.213277894,0.0292555445
4140510174316,1.22702298e+14,0.99280405,1.0346582,0.457836652,0.56898102,0.510392364,10,7,3,0.383817238,1.16666667,0,0.409361986,0.0292555445
4140510174316,1.22702298e+14,0.99280405,1.0346582,0.56898102,0.707106781,0.63429515,19,10,9,0.592787342,1.08333333,0,0.78572248,0.0292555445
4140510174316,1.22702298e+14,0.99280405,1.0346582,0.707106781,0.878763934,0.788276561,27,13,14,0.915531658,1.58333333,0,1.50810245,0.0292555445
4140510174316,1.22702298e+14,0.99280405,1.0346582,0.878763934,1.09209256,0.97963848,38,12,26,1.4139948,1.91666667,1,2.89462636,0.0292555445
4140510174316,1.22702298e+14,0.99280405,1.0346582,1.09209256,1.35720881,1.21745539,41,3,38,2.18384724,4,1,5.55589693,0.0292555445
4140510174316,1.22702298e+14,0.99280405,1.0346582,1.35720881,1.68668465,1.51300471,64,9,55,3.37284747,5.75,5,10.6638947,0.0292555445
4140510174316,1.22702298e+14,0.99280405,1.0346582,1.68668465,2.096144,1.88030155,76,3,73,5.20920137,9.83333333,6,20.4680993,0.0292555445
4140510174316,1.22702298e+14,0.99280405,1.0346582,2.096144,2.60500365,2.33676331,117,0,117,8.04536202,12.25,12,39.286124,0.0292555445
4140510174316,1.22702298e+14,0.99280405,1.0346582,2.60500365,3.23739401,2.90403568,146,0,146,12.4256763,21.5,12,75.4051226,0.0292555445
4140510174316,1.22702298e+14,0.99280405,1.0346582,3.23739401,4.02330338,3.60901902,136,0,136,19.1908619,42.5,20,144.731318,0.0292555445
4140510174316,1.22702298e+14,0.99280405,1.0346582,4.02330338,5,4.48514402,146,0,146,29.6393671,70,25,277.794847,0.0292555445
4140510193698,1.02731871e+14,0.99881464,0.97462555,0.1,0.124275987,0.11147914,1,1,0,0.0162474474,0.0833333333,0,0.00356531991,0.0292215645
4140510193698,1.02731871e+14,0.99881464,0.97462555,0.124275987,0.15444521,0.138541802,1,0,1,0.0250934043,0,0,0.00684321479,0.0292215645
4140510193698,1.02731871e+14,0.99881464,0.97462555,0.15444521,0.19193831,0.172174193,1,1,0,0.038755561,0.0833333333,0,0.0131347508,0.0292215645
4140510193698,1.02731871e+14,0.99881464,0.97462555,0.19193831,0.23853323,0.213971178,2,2,0,0.0598561078,0.166666667,0,0.0252106188,0.0292215645
4140510193698,1.02731871e+14,0.99881464,0.97462555,0.23853323,0.296439527,0.265914795,5,4,1,0.0924448917,0,0,0.0483888358,0.0292215645
4140510193698,1.02731871e+14,0.99881464,0.97462555,0.296439527,0.36840315,0.330468237,6,6,0,0.142776708,0.166666667,0,0.0928767139,0.0292215645
4140510193698,1.02731871e+14,0.99881464,0.97462555,0.36840315,0.457836652,0.410692665,2,2,0,0.220511787,0.333333333,0,0.178265995,0.0292215645
4140510193698,1.02731871e+14,0.99881464,0.97462555,0.457836652,0.56898102,0.510392364,6,4,2,0.340569893,0.583333333,0,0.34216074,0.0292215645
4140510193698,1.02731871e+14,0.99881464,0.97462555,0.56898102,0.707106781,0.63429515,12,9,3,0.525993888,1.16666667,0,0.656737542,0.0292215645
4140510193698,1.02731871e+14,0.99881464,0.97462555,0.707106781,0.878763934,0.788276561,8,7,1,0.812372368,1.33333333,0,1.26053094,0.0292215645
4140510193698,1.02731871e+14,0.99881464,0.97462555,0.878763934,1.09209256,0.97963848,15,4,11,1.25467021,1.41666667,1,2.41944179,0.0292215645
4140510193698,1.02731871e+14,0.99881464,0.97462555,1.09209256,1.35720881,1.21745539,37,9,28,1.93777805,2.16666667,3,4.6438357,0.0292215645
4140510193698,1.02731871e+14,0.99881464,0.97462555,1.35720881,1.68668465,1.51300471,25,4,21,2.99280539,4,1,8.91329977,0.0292215645
4140510193698,1.02731871e+14,0.99881464,0.97462555,1.68668465,2.096144,1.88030155,18,2,16,4.62224459,5.25,4,17.108037,0.0292215645
4140510193698,1.02731871e+14,0.99881464,0.97462555,2.096144,2.60500365,2.33676331,46,3,43,7.13883538,8.75,6,32.8368771,0.0292215645
4140510193698,1.02731871e+14,0.99881464,0.97462555,2.60500365,3.23739401,2.90403568,60,0,60,11.0255893,14.75,10,63.0265471,0.0292215645
4140510193698,1.02731871e+14,0.99881464,0.97462555,3.23739401,4.02330338,3.60901902,73,0,73,17.0284947,23.3333333,17,120.97209,0.0292215645
4140510193698,1.02731871e+14,0.99881464,0.97462555,4.02330338,5,4.48514402,97,0,97,26.2996944,50.25,31,232.191785,0.0292215645
4140510228425,1.08045379e+14,0.9992727,0.9913802,0.1,0.124275987,0.11147914,1,0,1,0.016810864,0,0,0.00375237168,0.0291919997
4140510228425,1.08045379e+14,0.9992727,0.9913802,0.124275987,0.15444521,0.138541802,2,2,0,0.0259635743,0,0,0.00720223881,0.0291919997
4140510228425,1.08045379e+14,0.9992727,0.9913802,0.15444521,0.19193831,0.172174193,4,3,1,0.040099497,0,0,0.0138238555,0.0291919997
4140510228425,1.08045379e+14,0.9992727,0.9913802,0.19193831,0.23853323,0.213971178,7,6,1,0.0619317526,0.416666667,0,0.0265332746,0.0291919997
4140510228425,1.08045379e+14,0.9992727,0.9913802,0.23853323,0.296439527,0.265914795,5,5,0,0.0956506257,0.166666667,0,0.050927519,0.0291919997
4140510228425,1.08045379e+14,0.9992727,0.9913802,0.296439527,0.36840315,0.330468237,10,4,6,0.14772781,0.333333333,0,0.0977494195,0.0291919997
4140510228425,1.08045379e+14,0.9992727,0.9913802,0.36840315,0.457836652,0.410692665,5,3,2,0.228158527,0.666666667,0,0.187618584,0.0291919997
4140510228425,1.08045379e+14,0.9992727,0.9913802,0.457836652,0.56898102,0.510392364,7,2,5,0.352379918,1.08333333,0,0.36011194,0.0291919997
4140510228425,1.08045379e+14,0.9992727,0.9913802,0.56898102,0.707106781,0.63429515,14,8,6,0.544233906,1.41666667,0,0.691192774,0.0291919997
4140510228425,1.08045379e+14,0.9992727,0.9913802,0.707106781,0.878763934,0.788276561,16,4,12,0.840543202,2.83333333,0,1.32666373,0.0291919997
4140510228425,1.08045379e+14,0.9992727,0.9913802,0.878763934,1.09209256,0.97963848,25,7,18,1.29817872,2.75,1,2.54637595,0.0291919997
4140510228425,1.08045379e+14,0.9992727,0.9913802,1.09209256,1.35720881,1.21745539,31,8,23,2.00497485,5.41666667,2,4.88747097,0.0291919997
4140510228425,1.08045379e+14,0.9992727,0.9913802,1.35720881,1.68668465,1.51300471,45,4,41,3.09658763,7.5,2,9.38092921,0.0291919997
4140510228425,1.08045379e+14,0.9992727,0.9913802,1.68668465,2.096144,1.88030155,65,2,63,4.78253129,12.75,3,18.005597,0.0291919997
4140510228425,1.08045379e+14,0.9992727,0.9913802,2.096144,2.60500365,2.33676331,107,5,102,7.38639051,22,8,34.5596387,0.0291919997
4140510228425,1.08045379e+14,0.9992727,0.9913802,2.60500365,3.23739401,2.90403568,121,0,121,11.4079264,35,12,66.3331866,0.0291919997
4140510228425,1.08045379e+14,0.9992727,0.9913802,3.23739401,4.02330338,3.60901902,203,0,203,17.6189959,48.1666667,18,127.318798,0.0291919997
4140510228425,1.08045379e+14,0.9992727,0.9913802,4.02330338,5,4.48514402,217,0,217,27.2116953,70.8333333,17,244.373549,0.0291919997
4140510305190,2.6716539e+14,0.9879223,1.3403824,0.1,0.124275987,0.11147914,2,2,0,0.0307303132,0.25,0,0.00927408938,0.0292684342
4140510305190,2.6716539e+14,0.9879223,1.3403824,0.124275987,0.15444521,0.138541802,6,4,2,0.047461497,0.416666667,0,0.0178005305,0.0292684342
4140510305190,2.6716539e+14,0.9879223,1.3403824,0.15444521,0.19193831,0.172174193,4,4,0,0.0733020089,0.25,0,0.0341660374,0.0292684342
4140510305190,2.6716539e+14,0.9879223,1.3403824,0.19193831,0.23853323,0.213971178,10,9,1,0.113211442,0.0833333333,0,0.0655777149,0.0292684342
4140510305190,2.6716539e+14,0.9879223,1.3403824,0.23853323,0.296439527,0.265914795,15,12,3,0.17484965,0.416666667,0,0.125868758,0.0292684342
4140510305190,2.6716539e+14,0.9879223,1.3403824,0.296439527,0.36840315,0.330468237,19,13,6,0.27004691,0.5,0,0.241590367,0.0292684342
4140510305190,2.6716539e+14,0.9879223,1.3403824,0.36840315,0.457836652,0.410692665,11,7,4,0.417074518,0.416666667,0,0.463704469,0.0292684342
4140510305190,2.6716539e+14,0.9879223,1.3403824,0.457836652,0.56898102,0.510392364,25,15,10,0.644151618,1.33333333,0,0.890026523,0.0292684342
4140510305190,2.6716539e+14,0.9879223,1.3403824,0.56898102,0.707106781,0.63429515,31,24,7,0.994861322,1.58333333,0,1.70830187,0.0292684342
4140510305190,2.6716539e+14,0.9879223,1.3403824,0.707106781,0.878763934,0.788276561,29,16,13,1.53651566,3,0,3.27888575,0.0292684342
4140510305190,2.6716539e+14,0.9879223,1.3403824,0.878763934,1.09209256,0.97963848,44,12,32,2.37307485,3.66666667,0,6.2934379,0.0292684342
4140510305190,2.6716539e+14,0.9879223,1.3403824,1.09209256,1.35720881,1.21745539,49,19,30,3.66510045,6.75,4,12.0795184,0.0292684342
4140510305190,2.6716539e+14,0.9879223,1.3403824,1.35720881,1.68668465,1.51300471,50,15,35,5.6605721,9.33333333,8,23.1852235,0.0292684342
4140510305190,2.6716539e+14,0.9879223,1.3403824,1.68668465,2.096144,1.88030155,50,8,42,8.74248249,14.75,14,44.5013262,0.0292684342
4140510305190,2.6716539e+14,0.9879223,1.3403824,2.096144,2.60500365,2.33676331,78,7,71,13.5023455,26.9166667,13,85.4150935,0.0292684342
4140510305190,2.6716539e+14,0.9879223,1.3403824,2.60500365,3.23739401,2.90403568,157,1,156,20.8537259,46.9166667,23,163.944287,0.0292684342
4140510305190,2.6716539e+14,0.9879223,1.3403824,3.23739401,4.02330338,3.60901902,248,0,248,32.2075809,69.75,31,314.671895,0.0292684342
4140510305190,2.6716539e+14,0.9879223,1.3403824,4.02330338,5,4.48514402,216,0,216,49.7430661,101.416667,34,603.975919,0.0292684342
4140510309572,1.10821289e+14,0.9962198,0.9996726,0.1,0.124275987,0.11147914,1,1,0,0.0170932692,0,0,0.00384732162,0.029231686
4140510309572,1.10821289e+14,0.9962198,0.9996726,0.124275987,0.15444521,0.138541802,3,3,0,0.0263997355,0,0,0.00738448412,0.029231686
4140510309572,1.10821289e+14,0.9962198,0.9996726,0.15444521,0.19193831,0.172174193,7,7,0,0.0407731271,0.0833333333,0,0.014173654,0.029231686
4140510309572,1.10821289e+14,0.9962198,0.9996726,0.19193831,0.23853323,0.213971178,6,5,1,0.062972142,0,0,0.0272046721,0.029231686
4140510309572,1.10821289e+14,0.9962198,0.9996726,0.23853323,0.296439527,0.265914795,4,4,0,0.0972574573,0.166666667,0,0.052216188,0.029231686
4140510309572,1.10821289e+14,0.9962198,0.9996726,0.296439527,0.36840315,0.330468237,12,10,2,0.150209485,0.416666667,0,0.100222869,0.029231686
4140510309572,1.10821289e+14,0.9962198,0.9996726,0.36840315,0.457836652,0.410692665,8,7,1,0.231991355,0.666666667,0,0.192366081,0.029231686
4140510309572,1.10821289e+14,0.9962198,0.9996726,0.457836652,0.56898102,0.510392364,10,9,1,0.358299536,0.416666667,0,0.369224206,0.029231686
4140510309572,1.10821289e+14,0.9962198,0.9996726,0.56898102,0.707106781,0.63429515,16,7,9,0.553376473,0.916666667,0,0.708682702,0.029231686
4140510309572,1.10821289e+14,0.9962198,0.9996726,0.707106781,0.878763934,0.788276561,20,8,12,0.854663458,1.5,0,1.3602336,0.029231686
4140510309572,1.10821289e+14,0.9962198,0.9996726,0.878763934,1.09209256,0.97963848,19,9,10,1.31998678,2.5,1,2.6108094,0.029231686
4140510309572,1.10821289e+14,0.9962198,0.9996726,1.09209256,1.35720881,1.21745539,27,9,18,2.03865636,2.33333333,2,5.01114345,0.029231686
4140510309572,1.10821289e+14,0.9962198,0.9996726,1.35720881,1.68668465,1.51300471,33,6,27,3.1486071,4.66666667,3,9.61830406,0.029231686
4140510309572,1.10821289e+14,0.9962198,0.9996726,1.68668465,2.096144,1.88030155,42,8,34,4.86287286,4.66666667,1,18.4612103,0.029231686
4140510309572,1.10821289e+14,0.9962198,0.9996726,2.096144,2.60500365,2.33676331,48,1,47,7.51047423,10.5,8,35.4341351,0.029231686
4140510309572,1.10821289e+14,0.9962198,0.9996726,2.60500365,3.23739401,2.90403568,63,0,63,11.5995677,16.25,6,68.0116802,0.029231686
4140510309572,1.10821289e+14,0.9962198,0.9996726,3.23739401,4.02330338,3.60901902,145,0,145,17.9149768,22.1666667,6,130.54047,0.029231686
4140510309572,1.10821289e+14,0.9962198,0.9996726,4.02330338,5,4.48514402,266,0,266,27.6688236,42.9166667,16,250.557172,0.029231686
4141490779726,3.68657605e+14,0.9160976,1.4834154,0.1,0.124275987,0.11147914,9,9,0,0.0376387438,0.25,0,0.0125711057,0.0299112291
4141490779726,3.68657605e+14,0.9160976,1.4834154,0.124275987,0.15444521,0.138541802,6,6,0,0.0581312371,0.0833333333,0,0.0241287678,0.0299112291
4141490779726,3.68657605e+14,0.9160976,1.4834154,0.15444521,0.19193831,0.172174193,6,5,1,0.0897809115,0.0833333333,0,0.0463123493,0.0299112291
4141490779726,3.68657605e+14,0.9160976,1.4834154,0.19193831,0.23853323,0.213971178,13,12,1,0.138662318,0.166666667,0,0.0888911407,0.0299112291
4141490779726,3.68657605e+14,0.9160976,1.4834154,0.23853323,0.296439527,0.265914795,17,14,3,0.214157309,0.5,0,0.170616154,0.0299112291
4141490779726,3.68657605e+14,0.9160976,1.4834154,0.296439527,0.36840315,0.330468237,14,13,1,0.330755706,0.666666667,0,0.327477762,0.0299112291
4141490779726,3.68657605e+14,0.9160976,1.4834154,0.36840315,0.457836652,0.410692665,26,22,4,0.510836346,0.75,0,0.628555284,0.0299112291
4141490779726,3.68657605e+14,0.9160976,1.4834154,0.457836652,0.56898102,0.510392364,32,18,14,0.78896227,2.25,0,1.20643839,0.0299112291
4141490779726,3.68657605e+14,0.9160976,1.4834154,0.56898102,0.707106781,0.63429515,49,24,25,1.21851444,2.16666667,0,2.31561746,0.0299112291
4141490779726,3.68657605e+14,0.9160976,1.4834154,0.707106781,0.878763934,0.788276561,46,31,15,1.88193719,4.08333333,0,4.44455704,0.0299112291
4141490779726,3.68657605e+14,0.9160976,1.4834154,0.878763934,1.09209256,0.97963848,67,26,41,2.90656186,4.25,1,8.53080768,0.0299112291
4141490779726,3.68657605e+14,0.9160976,1.4834154,1.09209256,1.35720881,1.21745539,61,32,29,4.48904558,7.75,7,16.3738881,0.0299112291
4141490779726,3.68657605e+14,0.9160976,1.4834154,1.35720881,1.68668465,1.51300471,59,24,35,6.93311589,12.5,1,31.4277642,0.0299112291
4141490779726,3.68657605e+14,0.9160976,1.4834154,1.68668465,2.096144,1.88030155,49,12,37,10.7078654,16.5833333,12,60.3219196,0.0299112291
4141490779726,3.68657605e+14,0.9160976,1.4834154,2.096144,2.60500365,2.33676331,69,2,67,16.5377853,25,15,115.780873,0.0299112291
4141490779726,3.68657605e+14,0.9160976,1.4834154,2.60500365,3.23739401,2.90403568,74,3,71,25.5418173,53.75,30,222.227852,0.0299112291
4141490779726,3.68657605e+14,0.9160976,1.4834154,3.23739401,4.02330338,3.60901902,158,0,158,39.4481135,71.3333333,47,426.540384,0.0299112291
4141490779726,3.68657605e+14,0.9160976,1.4834154,4.02330338,5,4.48514402,205,0,205,60.925722,110.833333,63,818.694406,0.0299112291
4141490846745,4.62687959e+14,0.93914115,1.6002117,0.1,0.124275987,0.11147914,3,3,0,0.0437990244,0.166666667,0,0.0157803798,0.0284478857
4141490846745,4.62687959e+14,0.93914115,1.6002117,0.124275987,0.15444521,0.138541802,12,11,1,0.0676454954,0,0,0.0302885944,0.0284478857
4141490846745,4.62687959e+14,0.93914115,1.6002117,0.15444521,0.19193831,0.172174193,7,7,0,0.104475228,0.25,0,0.0581354163,0.0284478857
4141490846745,4.62687959e+14,0.93914115,1.6002117,0.19193831,0.23853323,0.213971178,22,21,1,0.161356985,0.166666667,0,0.111584136,0.0284478857
4141490846745,4.62687959e+14,0.93914115,1.6002117,0.23853323,0.296439527,0.265914795,19,15,4,0.249208136,0.833333333,0,0.214172705,0.0284478857
4141490846745,4.62687959e+14,0.93914115,1.6002117,0.296439527,0.36840315,0.330468237,25,15,10,0.38489003,0.833333333,0,0.411079471,0.0284478857
4141490846745,4.62687959e+14,0.93914115,1.6002117,0.36840315,0.457836652,0.410692665,26,22,4,0.594444217,0.916666667,0,0.78901899,0.0284478857
4141490846745,4.62687959e+14,0.93914115,1.6002117,0.457836652,0.56898102,0.510392364,33,19,14,0.918090622,1.25,0,1.51442972,0.0284478857
4141490846745,4.62687959e+14,0.93914115,1.6002117,0.56898102,0.707106781,0.63429515,49,28,21,1.41794699,2.25,0,2.90677081,0.0284478857
4141490846745,4.62687959e+14,0.93914115,1.6002117,0.707106781,0.878763934,0.788276561,57,25,32,2.18995122,2.75,0,5.57920679,0.0284478857
4141490846745,4.62687959e+14,0.93914115,1.6002117,0.878763934,1.09209256,0.97963848,93,25,68,3.38227477,5.91666667,1,10.7086352,0.0284478857
4141490846745,4.62687959e+14,0.93914115,1.6002117,1.09209256,1.35720881,1.21745539,110,23,87,5.22376139,8.5,5,20.5539735,0.0284478857
4141490846745,4.62687959e+14,0.93914115,1.6002117,1.35720881,1.68668465,1.51300471,131,33,98,8.06784927,13.5833333,5,39.4509495,0.0284478857
4141490846745,4.62687959e+14,0.93914115,1.6002117,1.68668465,2.096144,1.88030155,114,29,85,12.4604068,18,18,75.7214859,0.0284478857
4141490846745,4.62687959e+14,0.93914115,1.6002117,2.096144,2.60500365,2.33676331,161,13,148,19.2445015,23.9166667,24,145.338541,0.0284478857
4141490846745,4.62687959e+14,0.93914115,1.6002117,2.60500365,3.23739401,2.90403568,180,2,178,29.7222108,43.5833333,31,278.960339,0.0284478857
4141490846745,4.62687959e+14,0.93914115,1.6002117,3.23739401,4.02330338,3.60901902,254,0,254,45.9045311,71.4166667,60,535.431762,0.0284478857
4141490846745,4.62687959e+14,0.93914115,1.6002117,4.02330338,5,4.48514402,286,0,286,70.8973497,99,99,1027.69868,0.0284478857
4141490896326,1.18000595e+14,0.9378364,1.0171502,0.1,0.124275987,0.11147914,3,3,0,0.0176961883,0.0833333333,0,0.00405266209,0.0285201513
4141490896326,1.18000595e+14,0.9378364,1.0171502,0.124275987,0.15444521,0.138541802,0,0,0,0.0273309153,0.0833333333,0,0.00777861114,0.0285201513
4141490896326,1.18000595e+14,0.9378364,1.0171502,0.15444521,0.19193831,0.172174193,4,4,0,0.0422112897,0.166666667,0,0.0149301348,0.0285201513
4141490896326,1.18000595e+14,0.9378364,1.0171502,0.19193831,0.23853323,0.213971178,3,3,0,0.0651933152,0.333333333,0,0.0286566485,0.0285201513
4141490896326,1.18000595e+14,0.9378364,1.0171502,0.23853323,0.296439527,0.265914795,1,1,0,0.100687953,0.25,0,0.0550030869,0.0285201513
4141490896326,1.18000595e+14,0.9378364,1.0171502,0.296439527,0.36840315,0.330468237,7,7,0,0.155507721,0.416666667,0,0.105571996,0.0285201513
4141490896326,1.18000595e+14,0.9378364,1.0171502,0.36840315,0.457836652,0.410692665,8,6,2,0.240174227,0.25,0,0.202633104,0.0285201513
4141490896326,1.18000595e+14,0.9378364,1.0171502,0.457836652,0.56898102,0.510392364,10,9,1,0.37093759,0.75,0,0.388930557,0.0285201513
4141490896326,1.18000595e+14,0.9378364,1.0171502,0.56898102,0.707106781,0.63429515,11,8,3,0.572895342,1.66666667,0,0.74650674,0.0285201513
4141490896326,1.18000595e+14,0.9378364,1.0171502,0.707106781,0.878763934,0.788276561,11,7,4,0.884809416,1.83333333,0,1.43283242,0.0285201513
4141490896326,1.18000595e+14,0.9378364,1.0171502,0.878763934,1.09209256,0.97963848,14,8,6,1.36654577,3.5,2,2.75015434,0.0285201513
4141490896326,1.18000595e+14,0.9378364,1.0171502,1.09209256,1.35720881,1.21745539,17,6,11,2.11056448,5.25,3,5.27859978,0.0285201513
4141490896326,1.18000595e+14,0.9378364,1.0171502,1.35720881,1.68668465,1.51300471,43,7,36,3.25966576,8.41666667,1,10.1316552,0.0285201513
4141490896326,1.18000595e+14,0.9378364,1.0171502,1.68668465,2.096144,1.88030155,50,7,43,5.03439765,11.0833333,1,19.4465278,0.0285201513
4141490896326,1.18000595e+14,0.9378364,1.0171502,2.096144,2.60500365,2.33676331,78,1,77,7.77538604,17.8333333,7,37.325337,0.0285201513
4141490896326,1.18000595e+14,0.9378364,1.0171502,2.60500365,3.23739401,2.90403568,101,0,101,12.0087113,23.0833333,13,71.6416211,0.0285201513
4141490896326,1.18000595e+14,0.9378364,1.0171502,3.23739401,4.02330338,3.60901902,80,0,80,18.5468795,31.1666667,25,137.507717,0.0285201513
4141490896326,1.18000595e+14,0.9378364,1.0171502,4.02330338,5,4.48514402,79,0,79,28.6447671,58.8333333,33,263.929989,0.0285201513
4141500201018,1.02851634e+14,0.98693794,0.9728677,0.1,0.124275987,0.11147914,2,2,0,0.0161888919,0,0,0.00354606328,0.0292801714
4141500201018,1.02851634e+14,0.98693794,0.9728677,0.124275987,0.15444521,0.138541802,0,0,0,0.0250029682,0,0,0.00680625395,0.0292801714
4141500201018,1.02851634e+14,0.98693794,0.9728677,0.15444521,0.19193831,0.172174193,0,0,0,0.0386158868,0,0,0.0130638088,0.0292801714
4141500201018,1.02851634e+14,0.98693794,0.9728677,0.19193831,0.23853323,0.213971178,2,2,0,0.0596403877,0.166666667,0,0.0250744539,0.0292801714
4141500201018,1.02851634e+14,0.98693794,0.9728677,0.23853323,0.296439527,0.265914795,3,3,0,0.0921117223,0.333333333,0,0.0481274832,0.0292801714
4141500201018,1.02851634e+14,0.98693794,0.9728677,0.296439527,0.36840315,0.330468237,1,1,0,0.142262143,0.333333333,0,0.0923750781,0.0292801714
4141500201018,1.02851634e+14,0.98693794,0.9728677,0.36840315,0.457836652,0.410692665,4,4,0,0.219717067,0.333333333,0,0.177303164,0.0292801714
4141500201018,1.02851634e+14,0.98693794,0.9728677,0.457836652,0.56898102,0.510392364,3,3,0,0.339342487,0.75,0,0.340312697,0.0292801714
4141500201018,1.02851634e+14,0.98693794,0.9728677,0.56898102,0.707106781,0.63429515,10,8,2,0.524098218,0.833333333,0,0.653190441,0.0292801714
4141500201018,1.02851634e+14,0.98693794,0.9728677,0.707106781,0.878763934,0.788276561,9,7,2,0.809444595,1,0,1.2537227,0.0292801714
4141500201018,1.02851634e+14,0.98693794,0.9728677,0.878763934,1.09209256,0.97963848,9,8,1,1.25014841,1.66666667,1,2.40637416,0.0292801714
4141500201018,1.02851634e+14,0.98693794,0.9728677,1.09209256,1.35720881,1.21745539,18,8,10,1.93079434,2.16666667,0,4.6187539,0.0292801714
4141500201018,1.02851634e+14,0.98693794,0.9728677,1.35720881,1.68668465,1.51300471,30,15,15,2.98201939,4.25,9,8.8651582,0.0292801714
4141500201018,1.02851634e+14,0.98693794,0.9728677,1.68668465,2.096144,1.88030155,18,7,11,4.60558612,7.41666667,1,17.0156349,0.0292801714
4141500201018,1.02851634e+14,0.98693794,0.9728677,2.096144,2.60500365,2.33676331,25,6,19,7.11310717,13.8333333,5,32.6595221,0.0292801714
4141500201018,1.02851634e+14,0.98693794,0.9728677,2.60500365,3.23739401,2.90403568,21,0,21,10.9858533,19.0833333,9,62.6861348,0.0292801714
4141500201018,1.02851634e+14,0.98693794,0.9728677,3.23739401,4.02330338,3.60901902,29,0,29,16.9671243,36.5833333,10,120.318708,0.0292801714
4141500201018,1.02851634e+14,0.98693794,0.9728677,4.02330338,5,4.48514402,59,0,59,26.2049109,54.5,11,230.937695,0.0292801714
4141500205408,1.26971192e+14,0.9813213,1.0501934,0.1,0.124275987,0.11147914,1,1,0,0.0188646227,0.0833333333,0,0.00446059693,0.0295013288
4141500205408,1.26971192e+14,0.9813213,1.0501934,0.124275987,0.15444521,0.138541802,2,2,0,0.0291355062,0,0,0.00856159438,0.0295013288
4141500205408,1.26971192e+14,0.9813213,1.0501934,0.15444521,0.19193831,0.172174193,5,4,1,0.0449983939,0.166666667,0,0.0164329796,0.0295013288
4141500205408,1.26971192e+14,0.9813213,1.0501934,0.19193831,0.23853323,0.213971178,2,2,0,0.0694978642,0.0833333333,0,0.0315411834,0.0295013288
4141500205408,1.26971192e+14,0.9813213,1.0501934,0.23853323,0.296439527,0.265914795,4,4,0,0.107336123,0.0833333333,0,0.0605396144,0.0295013288
4141500205408,1.26971192e+14,0.9813213,1.0501934,0.296439527,0.36840315,0.330468237,3,3,0,0.1657755,0.166666667,0,0.116198713,0.0295013288
4141500205408,1.26971192e+14,0.9813213,1.0501934,0.36840315,0.457836652,0.410692665,8,7,1,0.256032321,0.5,0,0.223029847,0.0295013288
4141500205408,1.26971192e+14,0.9813213,1.0501934,0.457836652,0.56898102,0.510392364,12,8,4,0.395429657,0.666666667,0,0.428079719,0.0295013288
4141500205408,1.26971192e+14,0.9813213,1.0501934,0.56898102,0.707106781,0.63429515,7,4,3,0.610722166,1.08333333,0,0.82164898,0.0295013288
4141500205408,1.26971192e+14,0.9813213,1.0501934,0.707106781,0.878763934,0.788276561,16,11,5,0.943231134,1.33333333,0,1.57705917,0.0295013288
4141500205408,1.26971192e+14,0.9813213,1.0501934,0.878763934,1.09209256,0.97963848,16,12,4,1.45677531,2.25,0,3.02698072,0.0295013288
4141500205408,1.26971192e+14,0.9813213,1.0501934,1.09209256,1.35720881,1.21745539,25,9,16,2.24991969,4.58333333,3,5.80993565,0.0295013288
4141500205408,1.26971192e+14,0.9813213,1.0501934,1.35720881,1.68668465,1.51300471,44,9,35,3.47489321,5.08333333,7,11.1514923,0.0295013288
4141500205408,1.26971192e+14,0.9813213,1.0501934,1.68668465,2.096144,1.88030155,69,7,62,5.36680613,9.66666667,7,21.403986,0.0295013288
4141500205408,1.26971192e+14,0.9813213,1.0501934,2.096144,2.60500365,2.33676331,89,1,88,8.28877502,18.75,5,41.082449,0.0295013288
4141500205408,1.26971192e+14,0.9813213,1.0501934,2.60500365,3.23739401,2.90403568,93,0,93,12.801616,27.6666667,11,78.8529584,0.0295013288
4141500205408,1.26971192e+14,0.9813213,1.0501934,3.23739401,4.02330338,3.60901902,98,0,98,19.7714828,35,13,151.349036,0.0295013288
4141500205408,1.26971192e+14,0.9813213,1.0501934,4.02330338,5,4.48514402,143,0,143,30.5361083,53.75,29,290.496783,0.0295013288
4240500336357,1.54477488e+14,0.98750156,1.1156256,0.1,0.124275987,0.11147914,3,3,0,0.0212885703,0,0,0.00534737377,0.0292660603
4240500336357,1.54477488e+14,0.98750156,1.1156256,0.124275987,0.15444521,0.138541802,3,3,0,0.0328791773,0,0,0.0102636589,0.0292660603
4240500336357,1.54477488e+14,0.98750156,1.1156256,0.15444521,0.19193831,0.172174193,1,0,1,0.0507803145,0.166666667,0,0.0196998934,0.0292660603
4240500336357,1.54477488e+14,0.98750156,1.1156256,0.19193831,0.23853323,0.213971178,5,5,0,0.0784277637,0.0833333333,0,0.0378116425,0.0292660603
4240500336357,1.54477488e+14,0.98750156,1.1156256,0.23853323,0.296439527,0.265914795,3,3,0,0.121127925,0.0833333333,0,0.0725750278,0.0292660603
4240500336357,1.54477488e+14,0.98750156,1.1156256,0.296439527,0.36840315,0.330468237,8,7,1,0.187076278,0.0833333333,0,0.139299282,0.0292660603
4240500336357,1.54477488e+14,0.98750156,1.1156256,0.36840315,0.457836652,0.410692665,9,7,2,0.288930352,0.916666667,0,0.267368689,0.0292660603
4240500336357,1.54477488e+14,0.98750156,1.1156256,0.457836652,0.56898102,0.510392364,19,14,5,0.44623909,0.833333333,0,0.513182943,0.0292660603
4240500336357,1.54477488e+14,0.98750156,1.1156256,0.56898102,0.707106781,0.63429515,14,10,4,0.689194902,2,0,0.98499467,0.0292660603
4240500336357,1.54477488e+14,0.98750156,1.1156256,0.707106781,0.878763934,0.788276561,17,10,7,1.06442852,1.66666667,0,1.89058213,0.0292660603
4240500336357,1.54477488e+14,0.98750156,1.1156256,0.878763934,1.09209256,0.97963848,24,13,11,1.64395886,3,0,3.62875139,0.0292660603
4240500336357,1.54477488e+14,0.98750156,1.1156256,1.09209256,1.35720881,1.21745539,26,10,16,2.53901573,3.41666667,0,6.96496411,0.0292660603
4240500336357,1.54477488e+14,0.98750156,1.1156256,1.35720881,1.68668465,1.51300471,35,10,25,3.92138818,6.83333333,4,13.3684344,0.0292660603
4240500336357,1.54477488e+14,0.98750156,1.1156256,1.68668465,2.096144,1.88030155,36,5,31,6.05639623,12,0,25.6591472,0.0292660603
4240500336357,1.54477488e+14,0.98750156,1.1156256,2.096144,2.60500365,2.33676331,43,4,39,9.35381391,19.25,7,49.2497335,0.0292660603
4240500336357,1.54477488e+14,0.98750156,1.1156256,2.60500365,3.23739401,2.90403568,37,0,37,14.4465176,30.75,9,94.5291064,0.0292660603
4240500336357,1.54477488e+14,0.98750156,1.1156256,3.23739401,4.02330338,3.60901902,90,0,90,22.3119545,45.5833333,16,181.43757,0.0292660603
4240500336357,1.54477488e+14,0.98750156,1.1156256,4.02330338,5,4.48514402,119,0,119,34.4597451,61.1666667,34,348.248205,0.0292660603
4240500348359,1.14001403e+14,0.99484795,1.00718365,0.1,0.124275987,0.11147914,3,3,0,0.017351095,0.0833333333,0,0.0039346955,0.0292723962
4240500348359,1.14001403e+14,0.99484795,1.00718365,0.124275987,0.15444521,0.138541802,6,6,0,0.0267979352,0.0833333333,0,0.00755218806,0.0292723962
4240500348359,1.14001403e+14,0.99484795,1.00718365,0.15444521,0.19193831,0.172174193,1,1,0,0.0413881275,0.0833333333,0,0.0144955422,0.0292723962
4240500348359,1.14001403e+14,0.99484795,1.00718365,0.19193831,0.23853323,0.213971178,6,5,1,0.0639219806,0.0833333333,0,0.0278224987,0.0292723962
4240500348359,1.14001403e+14,0.99484795,1.00718365,0.23853323,0.296439527,0.265914795,3,3,0,0.0987244375,0.166666667,0,0.0534020339,0.0292723962
4240500348359,1.14001403e+14,0.99484795,1.00718365,0.296439527,0.36840315,0.330468237,3,2,1,0.152475165,0.916666667,0,0.102498962,0.0292723962
4240500348359,1.14001403e+14,0.99484795,1.00718365,0.36840315,0.457836652,0.410692665,2,2,0,0.23549059,0.75,0,0.196734775,0.0292723962
4240500348359,1.14001403e+14,0.99484795,1.00718365,0.457836652,0.56898102,0.510392364,7,6,1,0.363703937,1.58333333,0,0.377609403,0.0292723962
4240500348359,1.14001403e+14,0.99484795,1.00718365,0.56898102,0.707106781,0.63429515,4,4,0,0.561723312,1.08333333,0,0.724777108,0.0292723962
4240500348359,1.14001403e+14,0.99484795,1.00718365,0.707106781,0.878763934,0.788276561,7,6,1,0.867554751,2.08333333,0,1.39112494,0.0292723962
4240500348359,1.14001403e+14,0.99484795,1.00718365,0.878763934,1.09209256,0.97963848,15,10,5,1.33989676,3.08333333,3,2.6701017,0.0292723962
4240500348359,1.14001403e+14,0.99484795,1.00718365,1.09209256,1.35720881,1.21745539,17,11,6,2.06940637,4.25,4,5.12494808,0.0292723962
4240500348359,1.14001403e+14,0.99484795,1.00718365,1.35720881,1.68668465,1.51300471,17,9,8,3.19609903,7.66666667,2,9.83673875,0.0292723962
4240500348359,1.14001403e+14,0.99484795,1.00718365,1.68668465,2.096144,1.88030155,20,6,14,4.93622187,12.0833333,3,18.8804702,0.0292723962
4240500348359,1.14001403e+14,0.99484795,1.00718365,2.096144,2.60500365,2.33676331,21,0,21,7.62375826,21.6666667,5,36.2388554,0.0292723962
4240500348359,1.14001403e+14,0.99484795,1.00718365,2.60500365,3.23739401,2.90403568,54,0,54,11.7745295,28.5833333,5,69.5562468,0.0292723962
4240500348359,1.14001403e+14,0.99484795,1.00718365,3.23739401,4.02330338,3.60901902,73,0,73,18.1851969,47.4166667,12,133.505085,0.0292723962
4240500348359,1.14001403e+14,0.99484795,1.00718365,4.02330338,5,4.48514402,102,0,102,28.0861656,78.8333333,10,256.247404,0.0292723962
4240500837724,1.02583426e+14,0.98559594,0.9729405,0.1,0.124275987,0.11147914,3,2,1,0.0161913148,0,0,0.0035468594,0.0292896703
4240500837724,1.02583426e+14,0.98559594,0.9729405,0.124275987,0.15444521,0.138541802,4,2,2,0.0250067103,0,0,0.006807782,0.0292896703
4240500837724,1.02583426e+14,0.98559594,0.9729405,0.15444521,0.19193831,0.172174193,4,3,1,0.0386216663,0,0,0.0130667417,0.0292896703
4240500837724,1.02583426e+14,0.98559594,0.9729405,0.19193831,0.23853323,0.213971178,5,4,1,0.0596493139,0.166666667,0,0.0250800833,0.0292896703
4240500837724,1.02583426e+14,0.98559594,0.9729405,0.23853323,0.296439527,0.265914795,5,2,3,0.0921255084,0.333333333,0,0.0481382882,0.0292896703
4240500837724,1.02583426e+14,0.98559594,0.9729405,0.296439527,0.36840315,0.330468237,6,4,2,0.142283435,0.333333333,0,0.092395817,0.0292896703
4240500837724,1.02583426e+14,0.98559594,0.9729405,0.36840315,0.457836652,0.410692665,6,5,1,0.219749951,0.416666667,0,0.17734297,0.0292896703
4240500837724,1.02583426e+14,0.98559594,0.9729405,0.457836652,0.56898102,0.510392364,15,7,8,0.339393275,0.666666667,0,0.3403891,0.0292896703
4240500837724,1.02583426e+14,0.98559594,0.9729405,0.56898102,0.707106781,0.63429515,12,3,9,0.524176657,0.916666667,0,0.653337087,0.0292896703
4240500837724,1.02583426e+14,0.98559594,0.9729405,0.707106781,0.878763934,0.788276561,11,3,8,0.809565742,1.41666667,0,1.25400417,0.0292896703
4240500837724,1.02583426e+14,0.98559594,0.9729405,0.878763934,1.09209256,0.97963848,21,5,16,1.25033551,2.08333333,0,2.40691441,0.0292896703
4240500837724,1.02583426e+14,0.98559594,0.9729405,1.09209256,1.35720881,1.21745539,24,7,17,1.93108332,2.33333333,2,4.61979085,0.0292896703
4240500837724,1.02583426e+14,0.98559594,0.9729405,1.35720881,1.68668465,1.51300471,18,6,12,2.98246569,4.16666667,4,8.8671485,0.0292896703
4240500837724,1.02583426e+14,0.98559594,0.9729405,1.68668465,2.096144,1.88030155,25,4,21,4.60627542,7.08333333,6,17.019455,0.0292896703
4240500837724,1.02583426e+14,0.98559594,0.9729405,2.096144,2.60500365,2.33676331,29,4,25,7.11417177,12.4166667,10,32.6668544,0.0292896703
4240500837724,1.02583426e+14,0.98559594,0.9729405,2.60500365,3.23739401,2.90403568,36,0,36,10.9874976,18.8333333,11,62.7002083,0.0292896703
4240500837724,1.02583426e+14,0.98559594,0.9729405,3.23739401,4.02330338,3.60901902,71,0,71,16.9696637,31.8333333,13,120.34572,0.0292896703
4240500837724,1.02583426e+14,0.98559594,0.9729405,4.02330338,5,4.48514402,133,0,133,26.2088329,43.0833333,33,230.989542,0.0292896703
4240500838895,1.47850636e+14,0.99234337,1.0982651,0.1,0.124275987,0.11147914,2,1,1,0.020631173,0,0,0.0051016032,0.0292479314
4240500838895,1.47850636e+14,0.99234337,1.0982651,0.124275987,0.15444521,0.138541802,7,7,0,0.0318638585,0.0833333333,0,0.00979193099,0.0292479314
4240500838895,1.47850636e+14,0.99234337,1.0982651,0.15444521,0.19193831,0.172174193,1,1,0,0.0492122034,0,0,0.0187944669,0.0292479314
4240500838895,1.47850636e+14,0.99234337,1.0982651,0.19193831,0.23853323,0.213971178,4,4,0,0.0760058911,0.0833333333,0,0.0360737822,0.0292479314
4240500838895,1.47850636e+14,0.99234337,1.0982651,0.23853323,0.296439527,0.265914795,5,5,0,0.117387458,0.333333333,0,0.069239408,0.0292479314
4240500838895,1.47850636e+14,0.99234337,1.0982651,0.296439527,0.36840315,0.330468237,8,8,0,0.181299307,0.25,0,0.13289695,0.0292479314
4240500838895,1.47850636e+14,0.99234337,1.0982651,0.36840315,0.457836652,0.410692665,4,4,0,0.280008097,0.25,0,0.25508016,0.0292479314
4240500838895,1.47850636e+14,0.99234337,1.0982651,0.457836652,0.56898102,0.510392364,13,11,2,0.432459094,0.666666667,0,0.489596549,0.0292479314
4240500838895,1.47850636e+14,0.99234337,1.0982651,0.56898102,0.707106781,0.63429515,14,13,1,0.667912359,1.83333333,0,0.939723345,0.0292479314
4240500838895,1.47850636e+14,0.99234337,1.0982651,0.707106781,0.878763934,0.788276561,16,9,7,1.03155865,2.83333333,0,1.80368911,0.0292479314
4240500838895,1.47850636e+14,0.99234337,1.0982651,0.878763934,1.09209256,0.97963848,30,11,19,1.59319293,4.58333333,0,3.4619704,0.0292479314
4240500838895,1.47850636e+14,0.99234337,1.0982651,1.09209256,1.35720881,1.21745539,26,5,21,2.46061017,7.08333333,3,6.64484749,0.0292479314
4240500838895,1.47850636e+14,0.99234337,1.0982651,1.35720881,1.68668465,1.51300471,23,5,18,3.80029455,10.0833333,3,12.754008,0.0292479314
4240500838895,1.47850636e+14,0.99234337,1.0982651,1.68668465,2.096144,1.88030155,23,2,21,5.86937292,17.5833333,5,24.4798275,0.0292479314
4240500838895,1.47850636e+14,0.99234337,1.0982651,2.096144,2.60500365,2.33676331,38,1,37,9.06496536,28.6666667,12,46.9861672,0.0292479314
4240500838895,1.47850636e+14,0.99234337,1.0982651,2.60500365,3.23739401,2.90403568,66,0,66,14.0004048,37,12,90.1844555,0.0292479314
4240500838895,1.47850636e+14,0.99234337,1.0982651,3.23739401,4.02330338,3.60901902,103,0,103,21.6229547,50.75,22,173.09852,0.0292479314
4240500838895,1.47850636e+14,0.99234337,1.0982651,4.02330338,5,4.48514402,157,0,157,33.3956179,90.5,22,332.242375,0.0292479314
4241500259164,2.20895159e+14,0.980841,1.2570791,0.1,0.124275987,0.11147914,1,1,0,0.027029298,0.0833333333,0,0.00765020275,0.0294907231
4241500259164,2.20895159e+14,0.980841,1.2570791,0.124275987,0.15444521,0.138541802,5,5,0,0.0417454561,0.166666667,0,0.0146836699,0.0294907231
4241500259164,2.20895159e+14,0.980841,1.2570791,0.15444521,0.19193831,0.172174193,8,8,0,0.0644738576,0.166666667,0,0.0281835879,0.0294907231
4241500259164,2.20895159e+14,0.980841,1.2570791,0.19193831,0.23853323,0.213971178,7,7,0,0.0995767851,0.166666667,0,0.0540951024,0.0294907231
4241500259164,2.20895159e+14,0.980841,1.2570791,0.23853323,0.296439527,0.265914795,10,10,0,0.153791575,0.166666667,0,0.103829226,0.0294907231
4241500259164,2.20895159e+14,0.980841,1.2570791,0.296439527,0.36840315,0.330468237,14,10,4,0.237523722,0.583333333,0,0.199288061,0.0294907231
4241500259164,2.20895159e+14,0.980841,1.2570791,0.36840315,0.457836652,0.410692665,7,7,0,0.366844013,1.08333333,0,0.382510137,0.0294907231
4241500259164,2.20895159e+14,0.980841,1.2570791,0.457836652,0.56898102,0.510392364,14,9,5,0.566573008,1.08333333,0,0.734183495,0.0294907231
4241500259164,2.20895159e+14,0.980841,1.2570791,0.56898102,0.707106781,0.63429515,20,16,4,0.875044874,2,0,1.40917939,0.0294907231
4241500259164,2.20895159e+14,0.980841,1.2570791,0.707106781,0.878763934,0.788276561,19,14,5,1.3514649,1.75,0,2.70475512,0.0294907231
4241500259164,2.20895159e+14,0.980841,1.2570791,0.878763934,1.09209256,0.97963848,17,4,13,2.08727281,6,1,5.19146128,0.0294907231
4241500259164,2.20895159e+14,0.980841,1.2570791,1.09209256,1.35720881,1.21745539,38,14,24,3.22369288,7.91666667,4,9.96440306,0.0294907231
4241500259164,2.20895159e+14,0.980841,1.2570791,1.35720881,1.68668465,1.51300471,41,11,30,4.97883925,10.75,10,19.1255069,0.0294907231
4241500259164,2.20895159e+14,0.980841,1.2570791,1.68668465,2.096144,1.88030155,61,12,49,7.68957877,15.4166667,4,36.7091747,0.0294907231
4241500259164,2.20895159e+14,0.980841,1.2570791,2.096144,2.60500365,2.33676331,70,4,66,11.8761861,20.0833333,17,70.4589697,0.0294907231
4241500259164,2.20895159e+14,0.980841,1.2570791,2.60500365,3.23739401,2.90403568,91,0,91,18.3422006,32.0833333,19,135.237756,0.0294907231
4241500259164,2.20895159e+14,0.980841,1.2570791,3.23739401,4.02330338,3.60901902,146,0,146,28.3286504,49.3333333,28,259.573064,0.0294907231
4241500259164,2.20895159e+14,0.980841,1.2570791,4.02330338,5,4.48514402,138,0,138,43.7522437,91.6666667,40,498.220153,0.0294907231
