source_row,halo_id,galaxy_id,kind,ra_gal,dec_gal,observed_redshift_gal,true_redshift_halo,x_arcmin,y_arcmin,h_ab
331,3838430805922,4,1,189.62819,59.77336,0.49406558,0.4931205,-1.80391595,4.0956,21.7221352
717,3939440132894,0,0,189.54222,59.650272,0.5539963,0.55259764,-4.40597391,-3.28968,21.1110403
898,3939460910111,5,1,189.61494,59.659676,0.6938367,0.6959811,-2.20495431,-2.72544,21.5583613
1025,3939460851998,0,0,189.52176,59.652206,0.66771483,0.66939914,-5.02523767,-3.17364,19.4499369
2239,4444580582420,205,1,189.49419,59.69523,1.7903848,1.7875959,-5.85970014,-0.5922,22.0573615
2782,4444570237411,0,0,189.64357,59.66513,1.7463542,1.7445658,-1.33840878,-2.3982,21.6872544
2911,3939450216156,0,0,189.49985,59.757446,0.60660696,0.6072383,-5.68838866,3.14076,21.6228903
2912,3939450216395,32,1,189.61827,59.69301,0.6058242,0.6081184,-2.10416505,-0.7254,21.3374028
3062,3939460881166,0,0,189.78973,59.74123,0.6711941,0.67191756,3.08542269,2.1678,22.4661537
3142,3939460656031,29,1,189.71649,59.642117,0.6304382,0.6310914,0.868664225,-3.77898,21.2882519
3263,4343550822215,81,1,189.74501,59.723293,1.4746944,1.4759779,1.73188038,1.09158,22.4326477
3322,4444570690732,22,1,189.51175,59.641144,1.7432483,1.7398599,-5.32821081,-3.83736,22.1994637
3542,4444570703454,28,1,189.54599,59.644444,1.7469585,1.7453464,-4.29186715,-3.63936,21.630438
3596,4545600058355,0,0,189.74977,59.65351,2.0666473,2.068752,1.87595152,-3.0954,21.1763267
3802,3939450210320,0,0,189.7309,59.75273,0.6015728,0.60291857,1.30481236,2.8578,21.9795279
4133,3938440374239,376,1,189.52156,59.665253,0.5408203,0.53923064,-5.03129108,-2.39082,20.1779512
4142,3939440126191,4,1,189.70293,59.76361,0.5510552,0.54855424,0.458243079,3.5106,21.2464298
4513,3636370208738,493,1,189.6561,59.746796,0.14791724,0.14851473,-0.959162693,2.50176,21.3877334
5218,3939460884823,12,1,189.7605,59.710373,0.67657727,0.67822665,2.20071693,0.31638,21.5932417
5226,3938440373950,0,0,189.66107,59.665436,0.5415034,0.5387173,-0.808735474,-2.37984,18.0606295
5596,3938440372378,0,0,189.61156,59.80216,0.5416345,0.54069614,-2.30725693,5.8236,21.3534622
5742,3939460885643,0,0,189.75377,59.616856,0.6787409,0.6823403,1.99701971,-5.29464,20.1173187
6731,3939460884772,0,0,189.83423,59.78779,0.6764051,0.6787712,4.43230624,4.9614,18.6840089
6745,3939440132902,2,1,189.589,59.638176,0.5518726,0.5530343,-2.99008149,-4.01544,21.9105075
6829,3939440132913,0,0,189.60368,59.60803,0.55289745,0.55255157,-2.54576125,-5.8242,19.9005775
6918,3939450061860,0,0,189.50525,59.77427,0.5718272,0.57133937,-5.52494661,4.1502,17.5175696
7576,3939450642577,0,0,189.77269,59.722103,0.62100816,0.6206662,2.56967222,1.02018,20.5711378
7713,3938440374239,269,1,189.52345,59.61052,0.54034334,0.53923064,-4.97408637,-5.6748,21.7157338
7748,3939460734635,0,0,189.79362,59.6288,0.65882105,0.6581067,3.2031615,-4.578,21.6165055
7760,3939460885157,0,0,189.5137,59.650383,0.6801636,0.6807797,-5.26919007,-3.28302,22.2300966
8177,4040470062983,1392,1,189.79468,59.68568,0.734806,0.7255272,3.23524456,-1.1652,21.5774318
8343,4141510387596,0,0,189.85506,59.77897,1.0419967,1.0416923,5.06276881,4.4322,20.4590677
8961,4140490755987,413,1,189.65154,59.75566,0.90402514,0.9001972,-1.09718042,3.0336,20.5535762
9015,3837420286878,18,1,189.70435,59.701416,0.39237133,0.389914,0.501222285,-0.22104,22.32785
9115,3838440755520,0,0,189.62648,59.65132,0.51925087,0.5198659,-1.8556726,-3.2268,21.6681186
9149,3939450642502,0,0,189.78642,59.624054,0.6189551,0.6187121,2.98523876,-4.86276,20.5811207
9178,3939440126274,0,0,189.77734,59.61581,0.5510844,0.5501187,2.71041398,-5.3574,22.2640572
9180,3939440132750,0,0,189.53325,59.72458,0.5503394,0.5512942,-4.67746931,1.1688,18.2383579
9226,3939440132701,0,0,189.64932,59.62986,0.5519175,0.55062705,-1.16437327,-4.5144,21.4167342
9423,4141510915151,23,1,189.79929,59.636696,1.0706134,1.0668379,3.37477565,-4.10424,20.7674908
9537,4444580764359,0,0,189.5304,59.62613,1.7949446,1.7918628,-4.7637304,-4.7382,22.228479
9780,3535360807401,1,1,189.72493,59.706863,0.09532481,0.09490941,1.12411809,0.10578,20.8878124
9843,4444580831066,0,0,189.61755,59.65409,1.8096383,1.8091938,-2.12595732,-3.0606,21.8023534
10711,3938440373521,4,1,189.79572,59.668335,0.5400826,0.53816384,3.26672229,-2.2059,21.8539345
10720,3939440132724,0,0,189.6825,59.653946,0.55068505,0.55112326,-0.160112674,-3.06924,19.9174579
10773,3939450216395,80,1,189.60495,59.710304,0.60656905,0.6081184,-2.5073221,0.31224,21.9930372
10924,4444570223063,21,1,189.68196,59.784508,1.7276148,1.7272663,-0.176456879,4.76448,22.0674082
11439,3535360047875,0,0,189.67052,59.73401,0.052179426,0.05264566,-0.522711887,1.7346,18.9423792
11449,3535370693115,126,1,189.80037,59.660866,0.09985332,0.09945768,3.40746406,-2.65404,21.9636623
11475,3535360758733,0,0,189.73708,59.76346,0.09075289,0.088784695,1.49186271,3.5016,21.6636736
11532,3939460892177,0,0,189.52821,59.62294,0.6797205,0.68113875,-4.83001523,-4.9296,21.348271
11605,4444580923037,5,1,189.52222,59.719475,1.8634322,1.862163,-5.01131483,0.8625,22.3326997
11787,4444580756428,0,0,189.70291,59.708073,1.7916796,1.7881727,0.457637738,0.17838,21.4731128
12306,3938440374205,0,0,189.51953,59.624264,0.5428011,0.53932333,-5.09273319,-4.85016,20.4552601
12335,3939460733345,0,0,189.87068,59.616814,0.65141946,0.65130526,5.53554007,-5.29716,20.7103195
12504,4444580985620,0,0,189.69588,59.78823,1.8722985,1.8726647,0.244860403,4.9878,22.2873408
12572,4140490303224,0,0,189.7702,59.626316,0.89376867,0.88952947,2.49430727,-4.72704,19.9883011
12977,3939440131846,3,1,189.58276,59.767715,0.5494436,0.55004895,-3.17894786,3.7569,21.0560199
13023,4443560676368,0,0,189.61064,59.741226,1.607037,1.6093553,-2.33510261,2.16756,22.2472909
13098,3737410803625,1,1,189.64952,59.774887,0.3432448,0.34495473,-1.15831986,4.18722,22.4097859
13181,4444580578056,0,0,189.6283,59.766724,1.7905705,1.7896849,-1.80058658,3.69744,22.3514176
13206,4443560675154,0,0,189.68257,59.757824,1.6056756,1.6077315,-0.157993981,3.16344,22.0297675
13686,4140490756057,0,0,189.63284,59.74402,0.90402097,0.8999475,-1.66317419,2.3352,19.0104229
13763,4444580582349,11,1,189.49419,59.71225,1.7950319,1.7871976,-5.85970014,0.429,22.3865977
14396,3939460735223,0,0,189.7068,59.79389,0.6619542,0.66131765,0.575376548,5.3274,19.5465227
14590,3939450216303,0,0,189.5312,59.775852,0.60681045,0.6075881,-4.73951676,4.24512,20.6228407
14601,3939460850038,105,1,189.51125,59.72439,0.6647005,0.6636428,-5.34334433,1.1574,19.4648094
15038,3939460667034,0,0,189.57582,59.728718,0.6394674,0.6400672,-3.38900116,1.41708,20.8687978
15482,4242531009843,0,0,189.63345,59.632473,1.290599,1.2912906,-1.64471129,-4.35762,21.6680436
16010,3939460881157,0,0,189.8397,59.707523,0.67096853,0.67150295,4.59786698,0.14538,22.4109071
16230,4040470062983,1934,1,189.74844,59.739807,0.7333883,0.7255272,1.83569635,2.08242,20.6797993
16253,4040480676610,0,0,189.85727,59.645653,0.80923307,0.81003165,5.12965898,-3.56682,21.7480221
16527,3535370696976,0,0,189.68631,59.65004,0.10102026,0.10459657,-0.0447952283,-3.3036,18.1788371
16919,3535370693115,1337,1,189.77927,59.63266,0.10290107,0.09945768,2.76882938,-4.3464,18.6658534
17361,3939450099833,39,1,189.83037,59.79117,0.588953,0.5858521,4.31547544,5.1642,22.3593147
17483,3938440369540,0,0,189.69212,59.641846,0.5382435,0.5353403,0.13105631,-3.79524,21.191971
17583,4444580922442,0,0,189.67377,59.75747,1.8651046,1.8627955,-0.424343987,3.1422,21.88329
17828,4444580575702,0,0,189.58147,59.778984,1.7827405,1.7792743,-3.21799235,4.43304,21.8830191
18322,3938440373950,126,1,189.68454,59.675404,0.53945404,0.5387173,-0.0983679,-1.78176,20.58427
19008,3939450644569,9,1,189.63225,59.773354,0.6213177,0.6228503,-1.68103174,4.09524,21.8109817
19613,4040470486536,15,1,189.59319,59.66293,0.7339159,0.7370395,-2.86326257,-2.5302,20.1973754
19664,3939440131846,490,1,189.5211,59.715813,0.55066633,0.55004895,-5.04521393,0.64278,20.1942453
19820,4141510945021,0,0,189.71008,59.6904,1.0886335,1.0883636,0.674652459,-0.882,20.1172821
20122,3939460884784,79,1,189.73369,59.78553,0.67663044,0.679202,1.38925742,4.8258,19.8875497
20773,3838420219812,0,0,189.61835,59.68361,0.43255958,0.4294363,-2.10174369,-1.2894,21.5893289
20787,3838430133628,93,1,189.82254,59.658546,0.4513054,0.45556587,4.07848447,-2.79324,21.068409
20846,3838440746343,82,1,189.5147,59.703938,0.5135298,0.5126503,-5.23892302,-0.06972,21.6909883
21012,3939460884622,0,0,189.52394,59.684845,0.6749682,0.6759624,-4.95925551,-1.2153,21.7948179
21169,3838430099911,0,0,189.78282,59.7837,0.4355726,0.43235788,2.8762774,4.716,17.9056148
21992,3939450216395,64,1,189.55205,59.675117,0.60652256,0.6081184,-4.10844885,-1.79898,20.6945099
22063,3939460655649,0,0,189.75586,59.607513,0.6295199,0.6304076,2.06027783,-5.85522,21.5760855
22188,3737410329174,0,0,189.71579,59.73775,0.3223765,0.32227072,0.847477293,1.959,17.9032331
22203,3737410803616,0,0,189.59534,59.789574,0.3438448,0.34495372,-2.79818842,5.06844,21.3633439
22641,4040470056898,0,0,189.51689,59.69773,0.72532487,0.7271256,-5.17263819,-0.4422,21.6654832
22951,4040470064477,260,1,189.78304,59.65896,0.7282248,0.7312106,2.88293615,-2.7684,20.4704956
23120,4040470487732,0,0,189.87515,59.692863,0.7349145,0.73863405,5.67083377,-0.73422,19.7780635
23963,4040470043341,0,0,189.56142,59.760067,0.7170647,0.71548814,-3.82484662,3.29802,21.8671761
24030,3838430113908,0,0,189.54555,59.612816,0.43831202,0.44175774,-4.30518465,-5.53704,20.9633661
24057,3939440131756,0,0,189.61482,59.742325,0.5513608,0.54970473,-2.20858636,2.2335,21.2519773
24148,3838420219862,15,1,189.72499,59.713512,0.43186456,0.42982814,1.12593412,0.50472,19.9574995
24180,4545590075856,0,0,189.87756,59.619507,1.9736898,1.9723611,5.74377735,-5.13558,21.3457263
24327,3939460733411,0,0,189.57356,59.642334,0.65467286,0.6539286,-3.45740468,-3.76596,20.4361297
24444,4343560851850,0,0,189.69958,59.781807,1.5514787,1.5483549,0.356848474,4.60242,21.682747
24890,4242540405913,0,0,189.74788,59.747097,1.3132002,1.3136908,1.8187468,2.51982,21.9818947
25058,4545590562342,0,0,189.53062,59.614784,2.0001886,2.0012302,-4.75707165,-5.41896,22.2341397
25091,3838420011991,0,0,189.69472,59.751083,0.392747,0.39107862,0.20975063,2.75898,18.7894376
25227,3939460884752,0,0,189.83707,59.766685,0.6770825,0.6784721,4.51826465,3.6951,19.4723315
25668,4040470063291,49,1,189.58156,59.620636,0.7254137,0.72861695,-3.21526831,-5.06784,21.5347835
25675,4040470556302,31,1,189.79929,59.67621,0.7466792,0.75089127,3.37477565,-1.7334,22.33415
25751,4343560872156,0,0,189.72177,59.694508,1.5654851,1.5680116,1.02847423,-0.63552,22.2395706
26107,4141510924526,0,0,189.71114,59.630196,1.0761895,1.0741496,0.706735528,-4.49424,20.8657028
26617,3939450228092,0,0,189.78851,59.790688,0.61964995,0.6198706,3.04849689,5.13528,21.3081361
26647,3535360355818,0,0,189.8287,59.712345,0.072919376,0.07283867,4.26492948,0.4347,21.8982704
26649,3535370693115,403,1,189.79106,59.737328,0.099478304,0.09945768,3.12567786,1.93368,21.9715872
26695,3838430130139,0,0,189.7313,59.759712,0.44667032,0.4480316,1.31691918,3.27672,21.9231802
27152,3939440126473,6,1,189.84795,59.7915,0.5491264,0.54980946,4.84757011,5.184,22.1597515
27531,3939460851998,16,1,189.55403,59.652096,0.6687747,0.66939914,-4.0485201,-3.18024,20.0822254
27579,3939460734430,40,1,189.62154,59.801807,0.65617424,0.656202,-2.00519181,5.80242,18.9594826
28122,4444580923667,0,0,189.585,59.68136,1.8648198,1.8643506,-3.11114968,-1.4244,21.3682279
28260,3939450216446,7,1,189.73831,59.62642,0.60715616,0.6084238,1.52909117,-4.7208,20.732903
28749,4444570704739,0,0,189.86198,59.62631,1.7578585,1.7565563,5.27221677,-4.7274,20.9664719
28815,4444580923037,0,0,189.52258,59.71935,1.8643941,1.862163,-5.0004187,0.855,22.0054596
29301,3939450644508,0,0,189.75566,59.80104,0.6222603,0.62224805,2.05422442,5.7564,21.1306575
29660,3939460666543,0,0,189.51813,59.644493,0.6394985,0.6395377,-5.13510705,-3.63642,19.7219182
29846,3838420127256,0,0,189.81113,59.762726,0.41435796,0.4145953,3.73313747,3.45756,22.4443481
30022,3737410400106,0,0,189.8212,59.692543,0.3406221,0.33994228,4.03792663,-0.75342,16.4006552
30402,4444570223063,0,0,189.68074,59.785076,1.728694,1.7272663,-0.213382675,4.79856,21.1554923
30605,3838440746343,100,1,189.50224,59.705982,0.5110994,0.5126503,-5.61605042,0.05292,18.8540435
30635,4040470062983,1523,1,189.76654,59.714966,0.72948325,0.7255272,2.38352989,0.59196,22.4947483
30741,4141510335536,0,0,189.50935,59.767643,1.0241724,1.0239321,-5.40085172,3.75258,22.4616725
30820,4342540228705,0,0,189.59465,59.64285,1.3476391,1.3458112,-2.81907268,-3.735,21.4780874
31227,3838440746343,78,1,189.51318,59.704643,0.51182806,0.5126503,-5.28492893,-0.02742,21.7530553
31445,4444580923285,0,0,189.53297,59.80147,1.8686677,1.8678168,-4.68594409,5.7822,22.3962376
31479,4444570091842,0,0,189.57368,59.68614,1.6813316,1.6834308,-3.45377264,-1.1376,22.2021789
31755,3838420125910,0,0,189.57643,59.785435,0.41362634,0.41271928,-3.37053826,4.8201,22.2488009
31783,3838440745997,13,1,189.75159,59.716446,0.51282066,0.51308733,1.93103755,0.68076,19.6787358
31939,4343550822215,6,1,189.7257,59.71733,1.4756392,1.4759779,1.14742372,0.7338,21.5118192
32024,3636370208738,425,1,189.7972,59.79574,0.14845785,0.14851473,3.31151752,5.4384,16.9774277
32285,3535350061729,7,1,189.74178,59.671906,0.016669454,0.016269865,1.63411782,-1.99164,18.8305293
32350,4242520194794,11,1,189.66393,59.71053,1.1590682,1.1603545,-0.722171722,0.3258,20.6917036
32553,4141510944645,87,1,189.86867,59.642475,1.0909128,1.0877839,5.47470331,-3.7575,20.0997581
32652,3535350061729,17,1,189.76,59.80008,0.016643872,0.016269865,2.1855834,5.6988,19.3622774
32676,3535370696987,0,0,189.51968,59.606102,0.10092094,0.10471359,-5.08819313,-5.93988,19.7495391
32686,4040470054868,0,0,189.57394,59.694237,0.7316021,0.7246405,-3.44590321,-0.65178,21.3728498
33034,4040480783391,0,0,189.50345,59.60727,0.8198441,0.8198812,-5.57942729,-5.8698,22.37557
33175,4141510914882,28,1,189.8411,59.67433,1.0670618,1.0652438,4.64024085,-1.8462,22.1069752
33295,4646620708216,0,0,189.63385,59.791557,2.5241237,2.5274863,-1.63260447,5.18742,22.2488213
33551,3636390389459,90,1,189.62746,59.624783,0.21193612,0.21353468,-1.8260109,-4.81902,19.834339
33681,4040480864231,0,0,189.73643,59.739006,0.8442793,0.84484327,1.47218913,2.03436,21.76596
33705,3939450204577,0,0,189.75609,59.61161,0.601008,0.59820676,2.06723925,-5.6094,19.5853351
33797,3939440126264,0,0,189.75508,59.709244,0.54973704,0.5493588,2.03666954,0.24864,21.7728684
34082,3939460663704,7,1,189.5756,59.698547,0.63589424,0.6359029,-3.39565991,-0.39318,21.690784
34099,3636370208738,10,1,189.68727,59.801834,0.14798096,0.14851473,-0.015738864,5.80404,21.323363
34323,4141500224693,5,1,189.61334,59.803276,0.9777101,0.97842693,-2.25338159,5.89056,21.4805756
34325,4141500226402,0,0,189.76465,59.743095,0.9749327,0.9749668,2.32632517,2.2797,20.5833662
34649,3939460884772,15,1,189.84885,59.797104,0.67644554,0.6787712,4.87481046,5.52024,21.3222022
34806,4040470062983,638,1,189.66681,59.700226,0.7338392,0.7255272,-0.635002629,-0.29244,20.1865943
34809,4040470064718,0,0,189.73236,59.62311,0.73091626,0.73451614,1.34900225,-4.9194,21.2938208
35108,4646620131245,0,0,189.55795,59.725098,2.4465039,2.4485588,-3.92987327,1.19988,21.3094503
35140,3939440126194,0,0,189.76529,59.738785,0.5497416,0.54862493,2.34569608,2.0211,20.4346598
35222,3939440132750,28,1,189.52736,59.725266,0.5504542,0.5512942,-4.85574222,1.20996,21.950887
35346,3939450205135,0,0,189.87996,59.78447,0.6013239,0.6012953,5.81641826,4.7622,19.8113022
35461,3939460884784,5,1,189.83197,59.80242,0.6772505,0.679202,4.36390272,5.8392,21.5732411
35811,3939450644594,1,1,189.66516,59.709286,0.6209939,0.6221899,-0.684943255,0.25116,21.6520476
35955,3535370694446,317,1,189.88326,59.651207,0.10024598,0.103598036,5.91629951,-3.23358,22.0430531
35962,4443560675334,0,0,189.839,59.70683,1.6119852,1.6130666,4.57668005,0.1038,21.9373803
36146,4040470062983,2029,1,189.68356,59.71731,0.72639847,0.7255272,-0.128029605,0.7326,19.4076517
36161,4040470556963,157,1,189.72548,59.6409,0.74761224,0.7514124,1.14076497,-3.852,21.9337747
36162,4040470556963,165,1,189.72267,59.63459,0.7478367,0.7514124,1.05571457,-4.2306,22.0261624
36260,4141510945021,22,1,189.71085,59.688347,1.0883079,1.0883636,0.697958085,-1.00518,22.2999986
36511,4343560784676,0,0,189.55034,59.61522,1.5272944,1.5254985,-4.1602055,-5.3928,21.5799986
36651,4343540496674,0,0,189.73134,59.623207,1.3753616,1.3746115,1.31812986,-4.91358,21.7687455
36884,3939450099833,91,1,189.84927,59.79398,0.5869351,0.5858521,4.88752261,5.3328,18.7378787
37069,3838420219862,100,1,189.63042,59.67344,0.4314337,0.42982814,-1.73642044,-1.8996,20.1650655
37163,3938440371949,0,0,189.64548,59.754337,0.5409507,0.5377597,-1.28059872,2.95422,22.2418102
37164,3938440374927,0,0,189.5038,59.67379,0.5454312,0.5442523,-5.56883382,-1.8786,20.806997
37191,3939450210308,0,0,189.8852,59.60531,0.60106725,0.60257715,5.97501758,-5.9874,22.3400599
37236,3838430133510,17,1,189.8727,59.736427,0.44972536,0.45556566,5.59667951,1.87962,19.0931159
37291,4444580577785,0,0,189.69254,59.739502,1.7898142,1.788085,0.143768469,2.06412,22.1446558
37403,3939450644577,20,1,189.72168,59.784363,0.6215791,0.6228257,1.02575019,4.75578,21.5956515
37673,3939460733417,0,0,189.61331,59.60528,0.65463316,0.65440553,-2.2542896,-5.9892,20.5857259
37847,3838420015445,0,0,189.65552,59.754387,0.39745033,0.3952968,-0.97671758,2.95722,20.0688272
37879,3838440746994,0,0,189.50055,59.784817,0.5164263,0.5161928,-5.66720172,4.78302,19.3724004
38366,4242520029333,0,0,189.8706,59.750397,1.1397549,1.1398596,5.53311871,2.71782,21.3984836
38418,4040470062983,939,1,189.69551,59.73732,0.72613513,0.7255272,0.233661596,1.9332,19.9788131
38711,3938440373793,14,1,189.87949,59.606785,0.53908366,0.538623,5.80219275,-5.8989,21.3211754
38880,4444580831459,0,0,189.56627,59.66548,1.814465,1.8149581,-3.67805145,-2.3772,21.7088268
39500,3938440373950,101,1,189.64632,59.699684,0.5418574,0.5387173,-1.2551744,-0.32496,22.3338839
39779,3939460884823,0,0,189.76212,59.718437,0.6771115,0.67822665,2.24974954,0.80022,19.5347178
39807,4444570237411,17,1,189.64842,59.66484,1.7458396,1.7445658,-1.19161361,-2.4156,22.2448132
39903,3939440131846,491,1,189.60555,59.789047,0.54951876,0.55004895,-2.48916188,5.03682,20.4883051
40003,4444570223130,0,0,189.68184,59.75972,1.7276963,1.7278147,-0.180088925,3.2772,21.6532659
40222,3939460851932,0,0,189.67216,59.734337,0.67122585,0.67171067,-0.473073932,1.75422,22.1375578
40280,3939460734244,0,0,189.49675,59.80419,0.6549856,0.6538228,-5.7822165,5.9454,21.3136805
40342,4444580833786,0,0,189.61662,59.775116,1.8261954,1.82728,-2.15410568,4.20096,21.4627111
41512,3636370020003,57,1,189.64917,59.637436,0.124187134,0.12308383,-1.16891332,-4.05984,18.7584922
41695,4242520240927,0,0,189.58243,59.761093,1.1933179,1.1934559,-3.18893598,3.35958,22.2294991
42149,4343560852269,28,1,189.76582,59.72248,1.5523709,1.5495684,2.36173761,1.0428,22.0596592
42508,4040480788524,1,1,189.51814,59.802124,0.82886124,0.83021,-5.13480438,5.82144,21.9405579
42959,4443560672801,0,0,189.60213,59.789604,1.6042765,1.6047211,-2.59267517,5.07024,21.8121846
43054,3737400512269,0,0,189.57805,59.801514,0.28567633,0.2864405,-3.32150565,5.78484,21.5792038
43140,4140490755611,0,0,189.60968,59.76566,0.9024753,0.89857954,-2.36415898,3.6336,20.9961227
43592,4040470062983,2349,1,189.75441,59.741356,0.73546714,0.7255272,2.01639062,2.17536,20.8907022
43593,4040470062983,2678,1,189.55469,59.766434,0.7319527,0.7255272,-4.02854384,3.68004,21.6542027
43613,3535360050219,0,0,189.86018,59.674644,0.053849075,0.054300133,5.21773609,-1.82736,20.5371809
43680,3636390389459,21,1,189.77362,59.772594,0.21365488,0.21353468,2.59782057,4.04964,21.1834366
43776,4444580756205,5,1,189.69075,59.678726,1.788016,1.7850916,0.0895904567,-1.58244,22.3422005
44086,3939460884572,0,0,189.59055,59.608604,0.67440754,0.67579216,-2.94316757,-5.78976,21.5355131
44304,4444570011186,0,0,189.8288,59.625854,1.6641543,1.6623642,4.26795618,-4.75476,22.2486814
44512,3838420219862,40,1,189.5683,59.632645,0.4288191,0.42982814,-3.61660935,-4.3473,22.4580973
44663,4040480494410,1,1,189.61873,59.619476,0.7887711,0.7899533,-2.09024221,-5.13744,21.5652546
44666,4040480782872,1,1,189.62485,59.64734,0.8156742,0.8157556,-1.90500789,-3.4656,22.1003397
44762,4242530120977,0,0,189.7822,59.786354,1.2084315,1.2106119,2.85751183,4.87524,21.0012282
45124,3939450099833,98,1,189.82779,59.79968,0.5894225,0.5858521,4.23738646,5.6748,22.3393801
45652,4141500115721,7,1,189.65314,59.782173,0.9644988,0.9652814,-1.04875315,4.62438,21.6481851
45825,4140490302773,0,0,189.68733,59.686424,0.89420193,0.8900081,-0.0139228412,-1.12056,21.4002463
45845,3535360355805,0,0,189.87198,59.67298,0.07273261,0.07247602,5.57488723,-1.9272,20.9166648
45895,3939460734430,25,1,189.63596,59.796097,0.6562635,0.656202,-1.568741,5.45982,22.3200949
46031,3939460849944,9,1,189.61415,59.664978,0.66599566,0.664789,-2.22886528,-2.40732,22.4895622
46310,3939440131846,251,1,189.49243,59.69494,0.54851824,0.55004895,-5.91297014,-0.6096,21.37803
46495,4443560669671,0,0,189.49506,59.634247,1.5944777,1.5950574,-5.83336781,-4.25118,22.148746
46571,3939440132712,0,0,189.64459,59.613983,0.5518794,0.550695,-1.30753639,-5.46702,20.9357385
46604,3939460907306,0,0,189.50621,59.697445,0.6951974,0.696786,-5.49589024,-0.4593,22.001654
46713,3939440132750,26,1,189.51851,59.719727,0.55046237,0.5512942,-5.12360557,0.87762,21.6067454
47063,4040480676664,0,0,189.49483,59.652683,0.8071989,0.80691195,-5.84032923,-3.14502,21.1361728
48076,4040470056865,0,0,189.75467,59.770794,0.7241942,0.72714114,2.02426005,3.94164,20.335752
48240,4040470533229,0,0,189.56169,59.719223,0.73843896,0.74208385,-3.81667452,0.84738,22.4481895
48245,4040470565710,0,0,189.54546,59.792305,0.76046103,0.7630709,-4.30790868,5.2323,21.0477098
48309,4343560854163,0,0,189.67743,59.742054,1.5644923,1.5634402,-0.313566598,2.21724,22.332563
48542,3838440745812,0,0,189.49336,59.66401,0.5125621,0.5111447,-5.88482179,-2.4654,20.3885611
48560,4141490519126,0,0,189.73592,59.678032,0.9009286,0.9031598,1.45675293,-1.62408,21.0886214
48632,3535370693763,0,0,189.80516,59.65549,0.10009736,0.101748474,3.55244321,-2.9766,21.8347329
48835,4141500687902,2,1,189.55606,59.63147,0.9978285,0.99907744,-3.98707799,-4.4178,21.3479275
48847,4141510407293,0,0,189.49864,59.68538,1.0520107,1.0494307,-5.72501178,-1.1832,22.4285096
49006,4141500063557,0,0,189.65709,59.793198,0.94395465,0.94277954,-0.929198317,5.28588,22.1257395
49041,4141510914796,0,0,189.5835,59.679024,1.0704863,1.0668424,-3.15655024,-1.56456,21.8003021
49067,3636390913796,0,0,189.86789,59.735664,0.23472485,0.23524345,5.45109501,1.83384,19.0030821
49211,4040470556326,23,1,189.83301,59.63298,0.74748164,0.75103533,4.39538044,-4.3272,21.6924063
49229,4040480864282,0,0,189.5978,59.744217,0.84456414,0.84558755,-2.72373148,2.34702,21.497543
49236,4040490447089,0,0,189.58243,59.78407,0.8850231,0.8823598,-3.18893598,4.7382,22.2557499
49339,3636370138644,0,0,189.4901,59.73098,0.14843318,0.14776382,-5.98349236,1.5528,21.9731545
49485,3939440131846,525,1,189.49559,59.779312,0.550693,0.55004895,-5.81732627,4.45272,18.3789935
49586,3939460883113,0,0,189.72412,59.80271,0.67367226,0.67418164,1.09960179,5.8566,21.6383612
49755,4040470062405,13,1,189.60355,59.74768,0.7263139,0.72514576,-2.54969597,2.5548,21.1500465
49852,4040470005221,0,0,189.70345,59.622635,0.71169364,0.71100014,0.473981943,-4.9479,22.0498816
50030,3939460666556,0,0,189.51509,59.6147,0.6396253,0.63948554,-5.22711887,-5.424,20.9893056
50047,3939450010679,0,0,189.86562,59.801064,0.57127833,0.5698841,5.38238882,5.75784,22.3323667
50095,4444570224352,0,0,189.50085,59.66255,1.738934,1.7389628,-5.65812161,-2.553,22.0863187
50392,4141510924394,0,0,189.81026,59.677814,1.074051,1.0720907,3.70680514,-1.63716,19.0502235
50851,3939450205197,9,1,189.4918,59.74371,0.59969896,0.6015232,-5.93203838,2.3166,22.0712493
50946,4443560669824,0,0,189.56549,59.66951,1.5958568,1.595684,-3.70165975,-2.1354,22.369565
51218,3939440131846,492,1,189.49709,59.748497,0.54864806,0.55004895,-5.7719257,2.60382,20.1331552
51440,4040470063130,133,1,189.61275,59.68409,0.72341985,0.7268023,-2.27123914,-1.2606,20.4989116
51448,4040470556963,150,1,189.73627,59.618736,0.7501676,0.7514124,1.4673464,-5.18184,19.7905199
51570,4040470062405,6,1,189.60786,59.728767,0.7262702,0.72514576,-2.419245,1.42002,19.3562659
51737,3939440126719,0,0,189.88376,59.703697,0.5515563,0.5524017,5.93143304,-0.08418,19.2655316
51784,3838420010574,0,0,189.8351,59.634552,0.39146438,0.38859636,4.45863857,-4.23288,17.2293763
51805,3838430133527,0,0,189.79782,59.731728,0.45015302,0.45569313,3.33028309,1.59768,20.7683192
51891,4444580993984,0,0,189.69693,59.640263,1.8794001,1.8816684,0.276640802,-3.89022,22.1947644
52113,4444570703537,0,0,189.63371,59.63817,1.7468144,1.7448269,-1.63684186,-4.0158,21.3742506
52566,3535370693744,406,1,189.6533,59.606297,0.099949464,0.10098765,-1.04391042,-5.92818,19.7215717
52854,4141510944645,171,1,189.86687,59.60739,1.0938059,1.0877839,5.42022263,-5.8626,21.5540292
53264,4343560872058,0,0,189.77904,59.73501,1.5644779,1.5664674,2.76186796,1.7946,20.1437245
53395,3636390389459,115,1,189.70782,59.707188,0.2139901,0.21353468,0.606248935,0.12528,20.4340238
54484,4242530912902,0,0,189.52806,59.80459,1.2659587,1.2669433,-4.83455528,5.9694,22.0954883
54957,3838440746312,0,0,189.57281,59.68409,0.512063,0.51310825,-3.48010497,-1.2606,21.9760397
55232,3737410803615,0,0,189.55576,59.80007,0.34319666,0.34485757,-3.99615811,5.6982,21.3460585
55497,3838440746697,13,1,189.49884,59.756042,0.51314884,0.51418394,-5.71895837,3.05652,22.3260305
55857,4040470064477,481,1,189.72292,59.666794,0.7283558,0.7312106,1.06328133,-2.29836,22.4766119
56243,3838430099911,48,1,189.78113,59.78185,0.43541524,0.43235788,2.82512609,4.605,22.1255163
56319,4343550822215,51,1,189.75279,59.72042,1.4784368,1.4759779,1.967358,0.9192,21.4338589
56593,3535370696976,1,1,189.5562,59.656464,0.10113873,0.10459657,-3.9828406,-2.91816,21.5061874
56689,3535370691164,0,0,189.57925,59.767555,0.09956809,0.10008583,-3.28518519,3.7473,19.6652521
56755,4443560673630,0,0,189.671,59.61038,1.5984318,1.598795,-0.508183705,-5.6832,21.660903
57025,4443560692063,0,0,189.85493,59.74946,1.6205562,1.6223611,5.0588341,2.6616,21.8671794
57421,3938440373954,0,0,189.71463,59.679047,0.5431925,0.5387576,0.812367519,-1.56318,22.4158073
57746,3535350061806,167,1,189.73158,59.79621,0.015880015,0.016511193,1.32539395,5.4666,19.3445427
57878,3535370693744,48,1,189.79324,59.7847,0.0996824,0.10098765,3.19166002,4.776,17.9665677
57942,4040470064477,366,1,189.70322,59.668427,0.7271711,0.7312106,0.467020522,-2.20038,21.8539585
58126,3838430100284,0,0,189.73726,59.675095,0.4353503,0.43465218,1.49731077,-1.8003,21.50684
58428,4242530917188,0,0,189.60411,59.782906,1.2711815,1.2726974,-2.53274642,4.66836,21.9330005
58648,4343540490731,0,0,189.5539,59.736767,1.362397,1.3608763,-4.05245481,1.90002,21.5030427
58710,4040470062983,817,1,189.66716,59.728313,0.7264203,0.7255272,-0.624409162,1.39278,21.0409209
58797,4343560880960,0,0,189.52489,59.728786,1.5684568,1.5735923,-4.93050182,1.42116,22.2650875
58844,3838420219724,0,0,189.61412,59.678696,0.43129292,0.4290956,-2.22977329,-1.58424,19.4092504
58871,3838440658786,4,1,189.68295,59.65899,0.49659678,0.49663827,-0.146492503,-2.7666,21.6953282
58985,4343560791581,0,0,189.69653,59.7129,1.5515848,1.5479271,0.264533983,0.468,22.1673125
59161,4747640173106,0,0,189.67122,59.761436,2.868602,2.863144,-0.501524955,3.38016,21.974645
59584,3838430099943,126,1,189.7885,59.762352,0.43504387,0.4328983,3.04819422,3.43512,21.9813074
59776,3535350068273,0,0,189.81206,59.76347,0.02217903,0.022618493,3.76128583,3.5022,20.9196723
59854,3535370691165,0,0,189.49548,59.705345,0.10004964,0.10030462,-5.82065565,0.0147,22.0709096
59889,3838440745968,0,0,189.67155,59.71362,0.51360005,0.5129329,-0.49153683,0.5112,21.3735678
59894,3535370693744,235,1,189.61305,59.61664,0.10116421,0.10098765,-2.26215903,-5.3076,16.3287645
59989,3535360047888,0,0,189.81038,59.72867,0.05249967,0.053029664,3.71043719,1.4142,21.4103828
60040,4444580832154,0,0,189.6038,59.795517,1.816099,1.8174146,-2.54212921,5.42502,22.3708576
60141,3535370696897,2,1,189.73897,59.65683,0.10077681,0.10384789,1.54906742,-2.8962,22.2728772
60411,3535370693744,263,1,189.53587,59.745285,0.09736024,0.10098765,-4.59816965,2.4111,22.2829071
60591,3535370693115,1180,1,189.72014,59.773434,0.09717631,0.09945768,0.979138943,4.10004,21.2433659
60774,4141510410810,2,1,189.71596,59.769848,1.0569508,1.0529618,0.85262269,3.88488,21.5174345
60883,3939450644577,31,1,189.70575,59.79899,0.621086,0.6228257,0.543596149,5.6334,19.9107663
60997,3535370696977,0,0,189.76993,59.637093,0.100763105,0.1045831,2.48613517,-4.08042,21.9095745
61113,4242520194794,6,1,189.66167,59.710644,1.1596756,1.1603545,-0.790575246,0.33264,21.1464926
61468,4141510922592,0,0,189.52972,59.652466,1.0733991,1.0684512,-4.78431199,-3.15804,20.1689002
61542,3535370693744,140,1,189.80573,59.785065,0.100202225,0.10098765,3.56969542,4.7979,22.3660844
61566,3535370693115,698,1,189.85304,59.683327,0.100060895,0.09945768,5.00162938,-1.30638,21.0990497
61612,3535370693744,359,1,189.52599,59.678375,0.10042557,0.10098765,-4.89720807,-1.6035,20.1824329
61614,3535370693867,0,0,189.70323,59.764767,0.101261236,0.10360253,0.467323193,3.58002,17.8945811
61667,4040470062983,1518,1,189.72118,59.74865,0.7369449,0.7255272,1.01061667,2.613,20.0821941
61669,4040470062983,2161,1,189.67552,59.668106,0.73477066,0.7255272,-0.371376656,-2.21964,22.1528475
61670,4040470063130,132,1,189.62434,59.653534,0.7258992,0.7268023,-1.92044408,-3.09396,22.3649642
61942,4040470533471,0,0,189.56656,59.61008,0.7408272,0.74431837,-3.66927401,-5.7012,21.8388535
61944,4040470535801,0,0,189.50145,59.645042,0.74943775,0.753386,-5.63996138,-3.60348,22.0403574
62263,4141490518915,0,0,189.63739,59.782272,0.905249,0.9066161,-1.52545913,4.63032,21.2839797
62347,4343550882298,0,0,189.77817,59.7052,1.5000385,1.499888,2.73553563,0.006,22.1995883
62369,4343560977357,1,1,189.84789,59.694855,1.5802547,1.5826999,4.84575409,-0.6147,22.2950594
62546,3837420286878,45,1,189.64963,59.6942,0.39224976,0.389914,-1.15499048,-0.654,22.4708577
62561,3838420219862,258,1,189.65363,59.661697,0.4304119,0.42982814,-1.0339223,-2.60418,18.2623722
62764,3938440371958,0,0,189.59833,59.7622,0.54124624,0.5380054,-2.70768995,3.426,20.6991726
62766,3938440374239,345,1,189.55295,59.63595,0.5418024,0.53923064,-4.08120851,-4.149,21.9190343
63330,3939460734430,5,1,189.59726,59.773285,0.65705454,0.656202,-2.74007569,4.0911,20.1387683
63387,3939460905410,1,1,189.49959,59.608284,0.69108963,0.69219685,-5.69625809,-5.80896,21.9713245
63573,3939460734639,0,0,189.83234,59.624123,0.6591395,0.6583896,4.37510152,-4.85862,22.474504
63794,4343550822215,0,0,189.74442,59.719727,1.4758905,1.4759779,1.71402282,0.87762,20.4766891
63900,4040480676590,0,0,189.83147,59.61898,0.8086587,0.80892944,4.34876919,-5.1672,22.195502
63963,4141510942294,0,0,189.53542,59.722973,1.089315,1.0879009,-4.61178982,1.07238,21.3385354
64126,4747640174859,0,0,189.54402,59.67269,2.8879697,2.8791313,-4.35149323,-1.9446,21.9503895
64209,4242520238352,0,0,189.4905,59.64956,1.184474,1.1826645,-5.97138554,-3.3324,22.1554598
64374,3939450099817,0,0,189.77026,59.792015,0.58877575,0.5856631,2.4961233,5.2149,19.9328108
65374,3939460663712,0,0,189.59131,59.626854,0.63503146,0.6358611,-2.92016461,-4.69476,21.1204526
65420,4444580765353,26,1,189.51321,59.615112,1.7968796,1.7944475,-5.28402092,-5.39928,21.7263263
65486,3939460884752,22,1,189.85104,59.777134,0.6776285,0.6784721,4.94109529,4.32204,20.6430555
66000,3535360050414,0,0,189.7282,59.676807,0.055861242,0.056463107,1.22309134,-1.69758,22.4990323
66369,4343550890813,0,0,189.7342,59.706577,1.5139652,1.5127009,1.40469361,0.08862,21.3470873
66480,4141500115721,0,0,189.68044,59.785305,0.9651682,0.9652814,-0.222462789,4.8123,19.667775
66519,3838420219744,0,0,189.49922,59.757595,0.43143064,0.43009067,-5.7074569,3.1497,21.8378007
66591,3838430132250,61,1,189.59856,59.637352,0.45100018,0.45302883,-2.70072853,-4.06488,18.3292998
66608,3838440658786,25,1,189.65907,59.669174,0.49657378,0.49663827,-0.869269566,-2.15556,21.3515589
67167,4140490755542,0,0,189.75212,59.732822,0.90278023,0.8981443,1.94707908,1.66332,21.138266
67273,4141500062425,0,0,189.5924,59.753483,0.93868464,0.93736315,-2.88717353,2.90298,22.283691
67563,3838430133520,0,0,189.8402,59.707863,0.4511936,0.455606,4.61300051,0.16578,21.1088569
67735,4040470062983,1454,1,189.73022,59.67271,0.73380506,0.7255272,1.28423077,-1.9434,19.8722102
67782,3838430099911,11,1,189.77318,59.779774,0.4367767,0.43235788,2.58450307,4.48044,20.2115799
69377,3939460892280,35,1,189.60844,59.628372,0.67926866,0.68218845,-2.40169011,-4.60368,20.8215501
70196,3737410400305,0,0,189.81625,59.65261,0.3419571,0.3418843,3.88810475,-3.1494,19.2351315
70295,4040480788207,8,1,189.58281,59.760784,0.82783145,0.8287689,-3.17743451,3.34104,21.9973061
70554,4040470064523,0,0,189.65239,59.706867,0.72846544,0.73322743,-1.07145343,0.10602,20.2263934
70563,4040480796162,0,0,189.83386,59.619114,0.82761025,0.828893,4.42110743,-5.15916,20.8382186
70825,3939460656031,28,1,189.72443,59.630363,0.62966543,0.6310914,1.10898457,-4.48422,21.5465391
70916,4444570028658,0,0,189.74986,59.776093,1.6724275,1.6710826,1.87867556,4.25958,22.1787456
71139,4444580582454,0,0,189.59335,59.692345,1.7901982,1.788981,-2.85841984,-0.7653,22.0853292
71405,4444580765240,0,0,189.65178,59.657997,1.7959887,1.7943897,-1.08991633,-2.82618,22.3766594
71417,4444580923554,0,0,189.75487,59.61419,1.8615943,1.8598945,2.03031346,-5.4546,21.9656333
71427,4443560690870,0,0,189.79778,59.746845,1.6120245,1.6139457,3.32907241,2.5047,22.0331865
71468,4444580993892,0,0,189.68457,59.615852,1.8787959,1.8814585,-0.0974598887,-5.35488,22.4488991
71850,3939440131846,361,1,189.49454,59.780106,0.5514335,0.55004895,-5.84910667,4.50036,20.8451098
72250,3939440132902,0,0,189.57875,59.637444,0.5519418,0.5530343,-3.30031871,-4.05936,21.7899188
72400,4444580923646,0,0,189.58977,59.666855,1.8664911,1.8640469,-2.96677587,-2.2947,22.3300401
72557,3939460849941,0,0,189.54436,59.673378,0.6650869,0.6648644,-4.34120243,-1.90332,20.8295705
72621,3939440132896,0,0,189.50378,59.63339,0.55306137,0.55248135,-5.56943916,-4.3026,19.8748978
72744,3535370694446,200,1,189.63284,59.615395,0.100229174,0.103598036,-1.66317419,-5.3823,15.5409671
72853,4141500115721,84,1,189.69153,59.78857,0.96405435,0.9652814,0.113198753,5.0082,21.0898814
72900,3838430133516,0,0,189.79146,59.733837,0.4502161,0.45544487,3.13778468,1.72422,19.5549459
73019,4545600323786,0,0,189.61371,59.646996,2.1008856,2.0986462,-2.24218278,-3.48624,22.1327918
73409,4343560869559,0,0,189.82407,59.63782,1.5651814,1.564876,4.12479305,-4.0368,22.0414994
73475,4343560880954,0,0,189.52687,59.731567,1.5705143,1.5733595,-4.87057307,1.58802,21.4725155
73683,3535370693115,1499,1,189.80011,59.699757,0.09880141,0.09945768,3.39959463,-0.32058,22.3601742
73758,3939440126226,43,1,189.86188,59.72062,0.5512272,0.54826325,5.26919007,0.9312,21.9560259
73843,3939460852098,0,0,189.49902,59.672894,0.670002,0.67130685,-5.7135103,-1.93236,19.7516009
73960,3939460892280,0,0,189.61034,59.63016,0.6787308,0.68218845,-2.34418273,-4.4964,18.6168049
73985,3939450204534,2,1,189.76347,59.74032,0.599339,0.5976905,2.29061005,2.1132,21.9953108
74321,3939450061860,80,1,189.50342,59.773552,0.57025385,0.57133937,-5.5803353,4.10712,21.1420829
74445,4040470062983,1928,1,189.73149,59.69789,0.72723264,0.7255272,1.32266992,-0.4326,21.7027875
74609,3939460667051,0,0,189.56693,59.763344,0.639267,0.64055514,-3.6580752,3.49464,21.0401586
74679,4040470062983,1958,1,189.81194,59.762848,0.72463256,0.7255272,3.75765378,3.46488,21.8368623
74697,4040480783402,0,0,189.54161,59.676147,0.81916815,0.8196494,-4.42443681,-1.73718,21.7588995
74981,3939440126587,4,1,189.87225,59.633186,0.5511202,0.55161285,5.58305934,-4.31484,21.80937
74995,3939450216329,0,0,189.613,59.77866,0.60630095,0.6083926,-2.26367238,4.4136,22.1014109
75098,3939450205246,0,0,189.6579,59.790394,0.60100657,0.60176873,-0.90468201,5.11764,19.6375054
75384,3939450642581,0,0,189.76642,59.709915,0.6204584,0.6208405,2.37989784,0.2889,20.8733587
75562,3939440133168,0,0,189.48958,59.65892,0.5545033,0.5529993,-5.99923122,-2.7708,21.1706252
75780,4140490755533,0,0,189.68126,59.74008,0.90236956,0.8982479,-0.197643811,2.0988,21.8855993
75788,3535360050219,1,1,189.87022,59.67527,0.05375022,0.054300133,5.52161723,-1.7898,22.2814521
75799,3535350061719,0,0,189.80301,59.6983,0.015980113,0.016177617,3.48736906,-0.408,19.7109613
76116,3939450642581,1,1,189.76463,59.711456,0.62073964,0.6208405,2.32571983,0.38136,22.0748612
76260,4040470062405,41,1,189.62735,59.75904,0.72726095,0.72514576,-1.82934027,3.2364,20.318742
76261,4040470062983,1078,1,189.6303,59.725044,0.7194231,0.7255272,-1.74005248,1.19664,18.8241036
76262,4040470062983,2236,1,189.70187,59.719925,0.7264681,0.7255272,0.42616001,0.8895,20.0243493
76283,4040490443249,2,1,189.85757,59.65222,0.876097,0.87429345,5.1387391,-3.1728,20.2054482
77264,3737400013519,0,0,189.79451,59.747566,0.26351732,0.2633664,3.23009917,2.54796,19.601704
77354,3938440373950,105,1,189.66888,59.66767,0.54240245,0.5387173,-0.572349843,-2.2458,21.9925868
77437,3939460884828,0,0,189.71112,59.71609,0.67724496,0.6786208,0.706130187,0.6594,20.1651166
77594,4140490754770,0,0,189.55786,59.75038,0.8971036,0.892698,-3.93259731,2.7168,21.3994704
77595,4140490755090,12,1,189.56235,59.738914,0.9023964,0.8965286,-3.79669827,2.02884,21.348428
77649,4141510926750,0,0,189.86868,59.682205,1.0861409,1.083341,5.47500598,-1.3737,21.602061
77664,3838430099911,99,1,189.70534,59.75079,0.43553194,0.43235788,0.53118666,2.7414,21.7956235
77665,3838430099967,0,0,189.86797,59.803978,0.4347066,0.43348664,5.45351638,5.93268,22.3482483
77681,3838430132016,0,0,189.65584,59.64823,0.45054254,0.4515291,-0.967032125,-3.4122,21.9931885
77810,4343560872058,94,1,189.77814,59.734924,1.5665307,1.5664674,2.73462762,1.78944,20.8760599
77852,4141510914642,0,0,189.582,59.60985,1.0691785,1.0646921,-3.20195081,-5.715,22.0606175
77945,4242520091878,0,0,189.72911,59.619003,1.145662,1.1467092,1.25063435,-5.16582,21.9174348
78088,3838420219787,6,1,189.50826,59.61615,0.43077558,0.42996413,-5.4338428,-5.337,21.9270967
78152,3636380638454,0,0,189.79082,59.68815,0.18329105,0.18292257,3.11841377,-1.017,17.2988103
78235,3939440126191,0,0,189.71379,59.760723,0.5509425,0.54855424,0.7869432,3.33738,20.3100025
78397,3535370696897,0,0,189.70973,59.641495,0.10066457,0.10384789,0.664058993,-3.8163,17.3960236
78452,4140490767094,44,1,189.51595,59.702156,0.9014845,0.90190434,-5.20108921,-0.17664,21.607386
78682,3939450009408,0,0,189.55165,59.696968,0.57105786,0.56964713,-4.12055567,-0.48792,20.2757324
78932,4141500687902,4,1,189.56772,59.643356,0.99977887,0.99907744,-3.63416423,-3.70464,19.8190157
78944,4141510923173,10,1,189.60315,59.663887,1.0761274,1.0732515,-2.56180279,-2.47278,22.2241393
79191,3939440131768,0,0,189.62106,59.755085,0.5498955,0.5497536,-2.01971999,2.9991,21.7440853
79362,3838430131514,0,0,189.74786,59.620148,0.4497739,0.45064062,1.81814146,-5.09712,19.7922027
79367,3838430135975,0,0,189.81966,59.621445,0.4508012,0.45677328,3.99131538,-5.0193,19.2361606
79628,3535360705917,0,0,189.70642,59.622982,0.074521646,0.075178646,0.56387507,-4.92708,22.4043874
79703,3535370693867,1,1,189.69205,59.772163,0.10118486,0.10360253,0.128937617,4.02378,21.9490272
79875,4444570238128,0,0,189.8586,59.63732,1.7534826,1.7519076,5.16991416,-4.0668,22.3955496
79970,3939450008466,1,1,189.88155,59.613876,0.5630368,0.56373566,5.86454287,-5.47344,22.3631087
80171,3939460664006,0,0,189.87228,59.614086,0.6374725,0.63785386,5.58396735,-5.46084,20.0339316
80452,3535350061729,21,1,189.73497,59.684586,0.01643057,0.016269865,1.42799924,-1.23084,15.7137579
80766,3838430132620,0,0,189.85286,59.648727,0.45143464,0.45339245,4.99618131,-3.38238,22.03158
80914,4141510944645,259,1,189.87196,59.651714,1.0928434,1.0877839,5.57428189,-3.20316,22.248888
80969,4141510944645,182,1,189.87808,59.651352,1.0878572,1.0877839,5.75951621,-3.22488,21.2195121
81136,4040470063132,0,0,189.61507,59.63348,0.72411305,0.72713035,-2.2010196,-4.2972,20.2090597
81174,3535360047887,0,0,189.69835,59.79896,0.052417237,0.05300534,0.319620008,5.6316,22.0482971
81487,4140490766986,0,0,189.49625,59.710583,0.9004235,0.90159774,-5.79735002,0.32898,22.1040341
81813,3939460884784,0,0,189.76697,59.793846,0.67666775,0.679202,2.39654472,5.32476,19.3687515
81847,4444580756232,15,1,189.6476,59.647675,1.7881423,1.7843226,-1.21643259,-3.4455,22.306029
81938,3939450216409,0,0,189.65573,59.677525,0.605598,0.6083173,-0.9703615,-1.6545,19.7287922
81946,3939460663671,0,0,189.53328,59.802334,0.6356966,0.6355048,-4.6765613,5.83404,21.0329972
82044,3535350555699,0,0,189.77994,59.69058,0.04899057,0.048750143,2.7891083,-0.8712,21.1529181
82130,4444580756232,0,0,189.65094,59.64997,1.7895576,1.7843226,-1.11534065,-3.3078,21.6553165
82431,4444580985775,0,0,189.6812,59.765762,1.8753567,1.877234,-0.199459834,3.63972,21.9714624
82922,4141500061892,8,1,189.61217,59.77565,0.9338654,0.93305135,-2.28879403,4.233,22.4475857
83303,4040470062983,1567,1,189.82326,59.649387,0.72457373,0.7255272,4.10027674,-3.34278,19.7329476
83534,4040470062983,140,1,189.6868,59.645645,0.73191077,0.7255272,-0.0299643757,-3.5673,18.7407729
83699,3535370691014,0,0,189.77466,59.7715,0.09863622,0.10002295,2.6292983,3.984,19.822993
83800,3636390389459,143,1,189.67712,59.72753,0.21198864,0.21353468,-0.322949383,1.3458,21.13274
83819,3838430113491,884,1,189.50986,59.642605,0.4373421,0.43987277,-5.38541552,-3.7497,22.0457809
84062,4040470062983,1039,1,189.69666,59.706505,0.72253096,0.7255272,0.268468699,0.0843,20.1917027
84229,4040470062983,1451,1,189.74037,59.69297,0.72803795,0.7255272,1.59144129,-0.7278,17.7414161
84317,3838420220104,7,1,189.7473,59.76635,0.43353114,0.4312724,1.80119192,3.675,22.2322654
84324,3838430133628,45,1,189.78496,59.60919,0.45272753,0.45556587,2.94104888,-5.7546,21.2493291
84372,3838420219862,221,1,189.62245,59.648705,0.43039122,0.42982814,-1.9776488,-3.3837,22.3950639
84375,3838430100627,167,1,189.85614,59.628456,0.43771073,0.4379401,5.09545722,-4.59864,19.5212623
84472,3636370208673,6,1,189.71103,59.711205,0.14971887,0.14846638,0.703406153,0.3663,20.3544697
84520,4141510917813,0,0,189.86723,59.656937,1.0757434,1.0753473,5.43111876,-2.88978,22.3442565
84522,4141510924394,80,1,189.81691,59.67964,1.0735452,1.0720907,3.908081,-1.5276,19.6547881
84621,3535360047848,0,0,189.8762,59.7106,0.05081926,0.051560484,5.70261417,0.33,21.0370991
84857,4545600117538,0,0,189.58923,59.784977,2.0950787,2.0925536,-2.98312007,4.79262,21.6053425
85023,3535370693711,1,1,189.49792,59.627083,0.09783066,0.10096498,-5.74680406,-4.68102,21.3709865
85176,4242520009011,17,1,189.62886,59.725395,1.1140987,1.1142042,-1.78363703,1.2177,20.3852712
85276,4141510924463,66,1,189.67276,59.677406,1.0729135,1.0727961,-0.454913704,-1.66164,20.9087511
85311,3838440685670,0,0,189.54575,59.668556,0.49910438,0.49841362,-4.29913124,-2.19264,18.6236321
85508,3535360047888,1,1,189.81726,59.735107,0.052540112,0.053029664,3.91867447,1.80042,21.4315477
85518,3535350508657,1,1,189.75514,59.70539,0.0049928213,0.0053510796,2.03848556,0.0174,17.5813057
85607,4140490753376,0,0,189.59502,59.793064,0.8968215,0.89234024,-2.80787387,5.27784,21.9010184
85679,4040470486483,3,1,189.67554,59.678764,0.73293364,0.73673576,-0.370771316,-1.58016,22.249036
85966,3838420219618,0,0,189.53264,59.704597,0.42956963,0.42823532,-4.69593221,-0.03018,19.3891597
86241,3636370019649,3,1,189.78195,59.792946,0.12463191,0.12254663,2.84994507,5.27076,20.9794263
86719,3938440373799,0,0,189.82808,59.63841,0.53987134,0.53863835,4.24616391,-4.0014,21.0853662
86790,3939460883154,0,0,189.76137,59.78367,0.67389995,0.6746211,2.22704926,4.7142,21.06482
87139,3939450642562,0,0,189.77322,59.76716,0.6200903,0.62070566,2.58571375,3.7236,20.2630091
87158,3939460892280,14,1,189.62283,59.624218,0.67864746,0.68218845,-1.96614732,-4.85292,18.0585782
87651,4140490767019,80,1,189.5133,59.694904,0.90547556,0.9013224,-5.28129689,-0.61176,18.9255382
87662,4040470062983,2560,1,189.69809,59.70169,0.7371008,0.7255272,0.311750576,-0.2046,20.0770023
87735,4545590573005,0,0,189.70206,59.718323,2.0295625,2.0292323,0.431910749,0.79338,21.8754535
87785,4646620251746,4,1,189.56633,59.70331,2.4849336,2.482292,-3.67623543,-0.1074,22.4313342
88161,4141500115803,0,0,189.56407,59.704628,0.9675902,0.96808094,-3.74463895,-0.02832,22.3953706
88546,3838420219862,142,1,189.66507,59.676697,0.42973828,0.42982814,-0.687667289,-1.70418,18.8250123
88708,4343560854271,0,0,189.49948,59.74697,1.5643424,1.5614043,-5.69958746,2.5122,22.1355072
88991,4646620131264,0,0,189.5555,59.71679,2.4447162,2.4503734,-4.00402754,0.7014,21.7529187
89087,3838420219608,0,0,189.57253,59.644337,0.4281429,0.42734522,-3.48857974,-3.64578,21.6530374
89088,3838420219862,37,1,189.66513,59.63183,0.43103534,0.42982814,-0.685851266,-4.3962,21.128777
89194,4040470063253,3,1,189.57019,59.629845,0.72351235,0.7279366,-3.55940463,-4.5153,21.3810829
89420,3838440745744,0,0,189.51625,59.709206,0.5117181,0.5107346,-5.1920091,0.24636,22.4540148
89497,3838420219719,0,0,189.5948,59.64497,0.43095285,0.4287482,-2.81453262,-3.6078,20.0652014
89845,3939440132742,0,0,189.5248,59.716652,0.54967827,0.55080473,-4.93322585,0.69312,22.1844788
89944,3938440374239,368,1,189.50562,59.6659,0.5415443,0.53923064,-5.5137478,-2.352,21.0046042
90044,4444580893706,0,0,189.79398,59.76277,1.8415432,1.841153,3.21405763,3.4602,22.4996692
90166,3939450061841,0,0,189.51173,59.75193,0.57297325,0.5710762,-5.32881615,2.8098,19.7348916
90244,4444580756457,0,0,189.65427,59.661926,1.7908694,1.78927,-1.01455139,-2.59044,22.3758482
90455,3938440374303,0,0,189.54457,59.62403,0.53968817,0.54012316,-4.33484635,-4.8642,22.1264013
91102,4141500661054,0,0,189.71535,59.67183,0.991335,0.9902936,0.834159792,-1.9962,21.1759767
91105,4141500687873,0,0,189.61844,59.611076,0.99871236,0.9991152,-2.09901965,-5.64144,20.4903677
91139,4040470062983,2216,1,189.69945,59.693314,0.72632354,0.7255272,0.352913758,-0.70716,18.988959
91142,4040470064567,1,1,189.69118,59.695152,0.72652143,0.7325644,0.102605287,-0.59688,21.277055
91472,4242520217240,3,1,189.75346,59.783363,1.167281,1.1665916,1.98763692,4.69578,22.416288
92288,4444570091458,0,0,189.64293,59.69803,1.6793005,1.6838025,-1.35777969,-0.4242,21.4114761
92343,4141490519573,0,0,189.8801,59.702812,0.90402615,0.9078323,5.82065565,-0.13728,21.7074967
92377,4141510407310,0,0,189.59662,59.608437,1.0511847,1.0489619,-2.7594466,-5.79978,22.4189236
92788,3939450642546,0,0,189.78633,59.75086,0.6194502,0.6195646,2.98251473,2.7456,20.9743461
93106,3939460910111,0,0,189.62788,59.669853,0.69400924,0.6959811,-1.81329874,-2.11482,20.7192118
93676,4444570011178,0,0,189.79683,59.626656,1.6644717,1.6617169,3.30031871,-4.70664,22.2385175
93742,3938440371945,0,0,189.7214,59.743965,0.54090816,0.5376999,1.01727542,2.3319,21.7173696
94033,4141510944645,95,1,189.87396,59.64529,1.0868979,1.0877839,5.63481598,-3.5886,22.1591366
94165,4645610419599,0,0,189.52763,59.779587,2.3448348,2.3417883,-4.84757011,4.46922,22.1847081
94453,3737400093579,0,0,189.57782,59.725136,0.28492454,0.28486234,-3.32846707,1.20216,22.1156917
94476,4040470062983,1162,1,189.62762,59.786713,0.73098326,0.7255272,-1.82116817,4.89678,22.4658113
94562,3636370020003,28,1,189.60591,59.65776,0.12406992,0.12308383,-2.47826574,-2.8404,20.6047039
94586,3737410400016,0,0,189.50601,59.677113,0.3403881,0.33935618,-5.50194365,-1.67922,22.3260953
94602,4040470063194,25,1,189.57822,59.669224,0.71903396,0.72735864,-3.31636025,-2.15256,19.5882163
94603,4040470063223,0,0,189.54857,59.635704,0.72538173,0.72826916,-4.21377817,-4.16376,21.0764582
94907,3737410886921,0,0,189.80315,59.66326,0.3690922,0.371027,3.49160645,-2.5104,20.7846784
94930,3838430133628,114,1,189.82443,59.64375,0.45030597,0.45556587,4.13568919,-3.681,19.9172157
94949,3838440746842,0,0,189.67056,59.658237,0.5161109,0.51598835,-0.521501205,-2.81178,20.687805
94957,3737390417536,0,0,189.56084,59.623386,0.25223216,0.2517873,-3.84240151,-4.90284,22.0066576
95085,4040470062983,2552,1,189.62532,59.70192,0.7298012,0.7255272,-1.89078237,-0.1908,20.7454721
95481,4242520239354,1,1,189.65488,59.696857,1.1928883,1.1901613,-0.996088489,-0.49458,21.6317636
95708,4141500661548,0,0,189.87587,59.6816,0.9938295,0.9932143,5.69262604,-1.41,21.8863522
95843,4242530994718,0,0,189.49794,59.639412,1.296704,1.2967244,-5.74619871,-3.94128,21.8694476
95858,4040470057621,0,0,189.6571,59.798325,0.7290664,0.7317667,-0.928895647,5.5935,21.5025197
96172,4040470005520,0,0,189.795,59.739998,0.71209973,0.71156496,3.24493002,2.09388,21.5846326
96220,3838420218007,0,0,189.55168,59.62081,0.4274046,0.42623216,-4.11964765,-5.0574,19.3398589
96302,4343550890016,0,0,189.63387,59.72769,1.5127444,1.5099956,-1.63199913,1.3554,21.8964638
96331,4040470062308,6,1,189.84564,59.735703,0.728783,0.7249875,4.77765324,1.83618,22.4456128
96332,4040470062983,2112,1,189.67305,59.70615,0.7276974,0.7255272,-0.44613626,0.063,19.4478453
96357,4040480796040,0,0,189.7749,59.67829,0.8248868,0.8257069,2.63656239,-1.6086,19.1324677
96829,3938440373550,0,0,189.86554,59.675797,0.5393985,0.5384375,5.37996746,-1.75818,19.4525561
96984,4444570028716,0,0,189.77492,59.74818,1.6732719,1.6725825,2.63716773,2.5848,22.0735233
97281,3939460663710,0,0,189.6059,59.628098,0.6351098,0.63587946,-2.47856841,-4.62012,20.998933
97354,3939460666545,0,0,189.51443,59.63504,0.6387143,0.6396501,-5.24709512,-4.2036,21.0148629
97417,3939460884784,20,1,189.75938,59.78612,0.67616117,0.679202,2.16681784,4.8612,20.2011241
97845,4040470063194,128,1,189.53925,59.65838,0.7206027,0.72735864,-4.49586704,-2.8032,21.414598
97872,4040480864295,0,0,189.6293,59.746773,0.8461137,0.84594315,-1.77031953,2.50038,21.9320589
98078,4040470064407,73,1,189.74673,59.67274,0.7286436,0.7305422,1.7839397,-1.9416,21.6049934
98428,4141490516210,0,0,189.58894,59.69356,0.9018316,0.901488,-2.99189751,-0.6924,22.4575883
98650,4040470064264,108,1,189.49539,59.679752,0.72596824,0.7310335,-5.82337968,-1.52088,22.4245356
98731,4444580582349,0,0,189.50587,59.700424,1.7926381,1.7871976,-5.50618104,-0.28056,21.4731216
99215,3939460656031,0,0,189.72708,59.634026,0.6300361,0.6310914,1.18919224,-4.26444,18.4453244
99533,3737400013708,0,0,189.61595,59.652153,0.26581842,0.26584384,-2.1743846,-3.17682,19.0334329
99738,4242520240987,0,0,189.55345,59.724663,1.1945921,1.194128,-4.06607498,1.17378,22.3256125
99741,4242520245689,0,0,189.72131,59.62953,1.20043,1.200038,1.01455139,-4.5342,20.9212845
99831,4040470054671,96,1,189.51265,59.67336,0.7290053,0.72477835,-5.30097047,-1.9044,20.2535114
99836,4040470534669,0,0,189.52759,59.69397,0.7475005,0.749514,-4.8487808,-0.6678,22.3345068
99892,3838430805912,0,0,189.68756,59.7961,0.4953217,0.49308383,-0.00696142062,5.46,21.031464
100045,4141500115985,0,0,189.7595,59.798622,0.9688973,0.96993315,2.17044988,5.61132,21.0429186
100400,4141510342953,0,0,189.61191,59.80031,1.0321703,1.030851,-2.29666346,5.7126,22.270664
100824,4040480099012,0,0,189.53992,59.766106,0.78045696,0.7811144,-4.47558812,3.66036,20.366209
100952,4141510915205,0,0,189.67459,59.630043,1.0705204,1.0680693,-0.399525009,-4.50342,22.3681772
100957,4141510942308,0,0,189.5951,59.706825,1.0895598,1.0879544,-2.80545251,0.1035,20.652823
100979,3939450216425,0,0,189.6621,59.666874,0.60646605,0.6084116,-0.777560416,-2.29356,21.4057224
101374,3838430784601,46,1,189.52118,59.638596,0.46781522,0.46781418,-5.04279256,-3.99024,20.9935572
101668,4242520239246,0,0,189.70589,59.68882,1.1903778,1.1895021,0.547833536,-0.9768,21.947674
101791,3838420127252,0,0,189.82243,59.73172,0.41564572,0.4145783,4.0751551,1.5972,18.0764891
101857,4242520238649,0,0,189.67969,59.62723,1.1877048,1.1855341,-0.245163074,-4.6722,21.4768742
101931,4444570703454,0,0,189.54355,59.641487,1.7469229,1.7453464,-4.36571874,-3.81678,21.2608355
102174,3737400013695,0,0,189.66199,59.63314,0.26565546,0.2656688,-0.780889791,-4.3176,21.7882305
103627,3838420012018,0,0,189.77444,59.726227,0.394394,0.39199188,2.62263955,1.26762,21.5647372
103728,4444570028667,0,0,189.76688,59.769157,1.673475,1.671281,2.39382068,3.84342,22.3469672
103783,4040470062983,111,1,189.70888,59.705833,0.7379659,0.7255272,0.638332004,0.04398,22.0404681
103991,3939460883140,0,0,189.8027,59.76786,0.6738591,0.6747088,3.47798627,3.7656,19.5932593
104006,3939440126473,0,0,189.85667,59.79606,0.5498486,0.54980946,5.11149876,5.4576,19.8092968
104101,3939440125641,0,0,189.6644,59.773834,0.5509121,0.5486137,-0.70794621,4.12404,20.2039373
104375,3939460884823,15,1,189.77322,59.712807,0.6770278,0.67822665,2.58571375,0.46242,21.3923112
104704,3939440126492,0,0,189.68088,59.70028,0.5507604,0.5499552,-0.209145289,-0.2892,19.7456784
105178,4545590601566,0,0,189.75948,59.615402,2.043678,2.0409737,2.16984454,-5.38188,22.4295849
105193,4545600865003,0,0,189.86816,59.664734,2.1998236,2.2006333,5.45926712,-2.42196,22.3510531
105648,4040470062983,2796,1,189.57848,59.646263,0.7297107,0.7255272,-3.30849082,-3.53022,22.0215661
105673,4040480864319,0,0,189.71068,59.754395,0.84716547,0.84686273,0.692812687,2.9577,22.4849038
106643,4039470168095,11,1,189.64693,59.63321,0.69714564,0.7001348,-1.23671151,-4.3134,21.7527867
106650,4040470062983,1235,1,189.84879,59.707764,0.72604287,0.7255272,4.87299443,0.15984,21.6962481
106651,4040470063291,65,1,189.60384,59.62422,0.7275183,0.72861695,-2.54091853,-4.8528,20.9882786
106728,4343550821363,0,0,189.64389,59.781242,1.4702303,1.4711075,-1.32872333,4.56852,22.3698277
106766,4040470005548,0,0,189.73297,59.67343,0.71228176,0.71118283,1.36746515,-1.9002,20.7472952
107046,4646630819517,0,0,189.77539,59.641205,2.659493,2.662084,2.65139324,-3.8337,22.0902742
107352,4646620709732,0,0,189.58784,59.70028,2.5313137,2.5338438,-3.02519126,-0.2892,21.3401747
107491,4242520033069,0,0,189.77037,59.73921,1.1475286,1.1480002,2.49945267,2.0466,21.6895328
107661,4242530929435,0,0,189.73941,59.784225,1.278265,1.2783022,1.56238492,4.7475,20.3234394
107735,3838430135468,0,0,189.54108,59.80266,0.452639,0.45514655,-4.44047834,5.8536,21.4034306
107743,3838430805622,0,0,189.54982,59.633816,0.49361786,0.49208108,-4.17594436,-4.27704,19.454819
107762,4040470062983,223,1,189.72528,59.68238,0.72580665,0.7255272,1.13471156,-1.3632,21.052821
108084,3838430132250,72,1,189.55458,59.63041,0.45183071,0.45302883,-4.03187322,-4.4814,18.9402451
108165,4040470062983,2525,1,189.68536,59.63115,0.7317025,0.7255272,-0.0735489222,-4.437,22.1011125
108178,4040470556287,0,0,189.72772,59.607063,0.74808514,0.7505771,1.20856315,-5.88222,20.7069885
108579,3939440131846,110,1,189.63962,59.73318,0.5507931,0.55004895,-1.45796361,1.6848,21.2062591
108639,3939440131776,0,0,189.59671,59.766586,0.5520519,0.549892,-2.75672256,3.68916,21.937429
108759,3939450205219,0,0,189.62572,59.80108,0.59988713,0.60187554,-1.87867556,5.7588,20.9900924
109016,3939440126226,0,0,189.85509,59.72357,0.54987067,0.54826325,5.06367682,1.1082,18.8975146
109777,3838430131514,3,1,189.7436,59.62622,0.45010385,0.45064062,1.68920385,-4.7328,22.2384824
109878,3636380064784,4,1,189.87146,59.72883,0.15466088,0.1565229,5.55914837,1.4238,22.2789542
110134,3737390417576,0,0,189.84384,59.667892,0.25222477,0.25252745,4.72317255,-2.23248,20.9020078
110175,3838430783979,0,0,189.52736,59.754658,0.46617627,0.4688381,-4.85574222,2.97348,21.934679
110660,4343560852482,0,0,189.74396,59.69588,1.551248,1.5501741,1.70009998,-0.5532,22.3605609
110774,4040470054342,0,0,189.48996,59.665527,0.7270797,0.72269684,-5.98772974,-2.37438,21.0480107
110809,4141490516223,0,0,189.73337,59.657215,0.9040071,0.9006103,1.37957196,-2.8731,22.0960276
111286,4141510915127,0,0,189.6353,59.630325,1.0705756,1.0678505,-1.58871725,-4.4865,21.7395252
111792,3938440374231,3,1,189.50475,59.645847,0.53833526,0.5395855,-5.54008013,-3.55518,21.5706769
111901,3939450099833,73,1,189.83447,59.804607,0.58803326,0.5858521,4.43957033,5.97042,20.9904891
112049,3939450102492,0,0,189.67487,59.617172,0.5935387,0.5918763,-0.391050236,-5.27568,20.7100418
112127,3939460663730,0,0,189.55345,59.73697,0.6368011,0.6377577,-4.06607498,1.9122,22.3650648
112652,3939450644577,27,1,189.68466,59.777126,0.6223797,0.6228257,-0.0947358545,4.32156,21.2541148
112667,3939460850357,0,0,189.83144,59.704727,0.6668479,0.66699874,4.34786118,-0.02238,20.2505092
112671,3939460905410,13,1,189.5198,59.60517,0.690841,0.69219685,-5.08456109,-5.9958,21.5271028
112917,4444580922153,0,0,189.62823,59.79811,1.8684907,1.8658112,-1.80270527,5.5806,22.3966721
113002,3939450101746,0,0,189.7273,59.627224,0.5879774,0.58582985,1.19585099,-4.67256,20.9072471
113073,4444580582349,16,1,189.49638,59.694695,1.7922292,1.7871976,-5.79341531,-0.6243,21.885789
113416,3939460906214,0,0,189.65065,59.700584,0.69386685,0.69539195,-1.12411809,-0.27096,22.3674948
114044,3939460851804,0,0,189.58182,59.65101,0.66745895,0.6690186,-3.20739888,-3.2454,19.5628369
114089,3939450204515,0,0,189.5318,59.78878,0.599102,0.5973907,-4.72135653,5.0208,21.6958547
114106,3939460733365,0,0,189.78262,59.643227,0.65261275,0.6524991,2.87022399,-3.71238,20.6360416
114228,4747640173028,80,1,189.5668,59.800514,2.8634088,2.8626254,-3.66200992,5.72484,22.2105415
114325,3838440658799,0,0,189.70023,59.646965,0.4970497,0.49706727,0.376522054,-3.4881,22.079487
114673,3636390389437,0,0,189.58434,59.757195,0.21353018,0.21358459,-3.13112593,3.1257,22.0563535
114984,3939460884784,59,1,189.71739,59.802193,0.67682016,0.679202,0.895904567,5.82558,22.1656355
115326,3737410886690,0,0,189.82724,59.63742,0.36657184,0.3681992,4.22073959,-4.0608,19.6712049
115397,4545600058253,34,1,189.58598,59.669884,2.073037,2.0719771,-3.08148797,-2.11296,22.3055998
115446,3838430784461,0,0,189.51123,59.63136,0.46605825,0.4671819,-5.34394967,-4.4244,21.2573005
115457,3838440754632,16,1,189.58553,59.626385,0.5195706,0.5183723,-3.09510814,-4.7229,19.2022928
115574,4343560872035,0,0,189.77138,59.738926,1.5666454,1.565892,2.53002239,2.02956,22.1379488
115631,3838430133510,25,1,189.83853,59.74322,0.45034593,0.45556566,4.56245454,2.2872,20.4595183
115846,4040470064238,0,0,189.54967,59.72165,0.7268381,0.7313743,-4.18048442,0.993,21.9161338
115888,4040470062983,528,1,189.58327,59.67985,0.7331337,0.7255272,-3.16351167,-1.515,21.3927783
115990,3838420220116,0,0,189.84111,59.76831,0.43353865,0.43144044,4.64054352,3.7926,22.3669544
116347,3838420219307,14,1,189.73695,59.77155,0.42955032,0.42865527,1.48792799,3.987,21.8460849
116450,3636380638456,4,1,189.74112,59.70269,0.1831329,0.1828885,1.61414157,-0.1446,22.3256826
116710,3838440686786,29,1,189.69525,59.68254,0.50606567,0.50434506,0.225792164,-1.3536,21.6734439
116804,4140490755987,329,1,189.78568,59.772034,0.900802,0.9001972,2.96284115,4.01604,21.5743781
116845,4040470053476,0,0,189.61711,59.645573,0.7196972,0.7170879,-2.13927482,-3.57162,21.9975905
116848,4040470063299,0,0,189.612,59.613014,0.7263994,0.729206,-2.29393943,-5.52516,22.1308844
116892,3737390417573,3,1,189.8193,59.69055,0.25144336,0.25249183,3.98041924,-0.873,22.339477
117050,4040470486500,0,0,189.7037,59.634693,0.7327266,0.73676234,0.481548704,-4.22442,19.5914856
117056,4040480100004,0,0,189.807,59.694584,0.7788754,0.7801266,3.60813457,-0.63096,22.0773207
117079,4040490447340,0,0,189.88373,59.69253,0.8839336,0.88118446,5.93052503,-0.7542,18.7657688
117318,4141510924394,22,1,189.81076,59.678284,1.0734603,1.0720907,3.72193867,-1.60896,22.3566077
117652,4444580831544,0,0,189.55821,59.702827,1.8163556,1.8157219,-3.92200384,-0.13638,21.8120001
117708,3939450644770,0,0,189.52174,59.783554,0.6229786,0.623857,-5.02584302,4.70724,21.1911927
118098,3939460850506,11,1,189.56369,59.66681,0.6648582,0.6667459,-3.75614043,-2.2974,21.4834838
118218,3939460667033,0,0,189.57666,59.73992,0.63925475,0.6401735,-3.36357684,2.0892,21.4703807
118234,3939460892280,40,1,189.612,59.64848,0.68039656,0.68218845,-2.29393943,-3.3972,20.8463922
118325,4141500062420,0,0,189.62593,59.7714,0.93879694,0.93714166,-1.87231948,3.978,22.0621817
118543,4040470062983,1055,1,189.63675,59.72588,0.726601,0.7255272,-1.54483004,1.2468,20.1278652
118553,4040470571683,0,0,189.54823,59.638023,0.76817495,0.76875204,-4.22406896,-4.02462,21.8922996
118923,4242520239572,0,0,189.61359,59.74674,1.1921107,1.1916921,-2.24581483,2.4984,22.3490882
119076,4040470062983,2594,1,189.7653,59.6884,0.7273403,0.7255272,2.34599875,-1.002,18.8126829
119571,3838430133628,117,1,189.78415,59.67192,0.45260698,0.45556587,2.91653257,-1.9908,19.0682358
119581,3838430784601,97,1,189.52927,59.658043,0.46655554,0.46781418,-4.79793216,-2.82342,18.8364961
119615,4040470062210,0,0,189.78656,59.719463,0.7264226,0.7249908,2.98947615,0.86178,21.6969657
119616,4040470062983,65,1,189.67809,59.687023,0.73848724,0.7255272,-0.293590348,-1.08462,22.234166
119731,4040470062983,226,1,189.7779,59.668877,0.7302137,0.7255272,2.72736353,-2.17338,20.7011053
119732,4040470062983,2614,1,189.74014,59.73362,0.73491704,0.7255272,1.58447987,1.7112,22.2671751
119738,4040470565410,0,0,189.61229,59.763504,0.7532291,0.75639474,-2.28516199,3.50424,20.5509448
119960,4242520029203,0,0,189.85162,59.727524,1.1367183,1.1371657,4.95865017,1.34544,21.0960673
120718,4040470064572,0,0,189.66257,59.72139,0.7284619,0.73307556,-0.763334904,0.9774,20.1979399
121138,4242530805626,0,0,189.58975,59.622833,1.2324896,1.2347453,-2.96738121,-4.93602,22.4591835
121573,4040480676351,0,0,189.72424,59.634663,0.80740917,0.80582863,1.10323383,-4.22622,21.4549551
121723,3939460663896,9,1,189.64336,59.672142,0.6350707,0.63612056,-1.34476486,-1.97748,22.2697669
121763,4242520240662,0,0,189.69531,59.778362,1.1920995,1.1932279,0.227608187,4.39572,22.0935077
121817,4040480676802,47,1,189.63979,59.60544,0.8046182,0.8074371,-1.45281822,-5.9796,19.280491
122089,3838420219862,86,1,189.73064,59.623386,0.43144006,0.42982814,1.29694293,-4.90284,19.0266445
122172,3939460850469,0,0,189.67271,59.64543,0.66630834,0.6663583,-0.456427056,-3.5802,19.9648273
122538,4040470062251,71,1,189.80138,59.738533,0.7275859,0.7251441,3.43803377,2.00598,21.6115687
122571,3838420127238,0,0,189.84016,59.785652,0.41465434,0.4145616,4.61178982,4.83312,19.0927944
122808,4040470062983,752,1,189.85854,59.68176,0.7292022,0.7255272,5.16809813,-1.4004,22.1887449
123002,4140490766963,0,0,189.52197,59.709454,0.9053318,0.9007249,-5.0188816,0.26124,22.4340107
123220,3838440686858,0,0,189.56151,59.681557,0.5058853,0.5046233,-3.82212259,-1.41258,20.9046612
123475,4646630819527,0,0,189.73886,59.63806,2.6627204,2.6618924,1.54573805,-4.0224,22.4265051
124211,3636390389459,105,1,189.87341,59.783478,0.21156377,0.21353468,5.61816911,4.70268,22.225514
124242,3838440746684,0,0,189.53372,59.758503,0.5136523,0.5138667,-4.6632438,3.20418,18.5188102
124282,4140490755506,14,1,189.61946,59.773804,0.89983386,0.89750576,-2.06814726,4.12224,22.2961393
124284,4140490767019,85,1,189.51633,59.703476,0.90202546,0.9013224,-5.18958774,-0.09744,19.98293
124331,4141510344436,0,0,189.71219,59.756134,1.0347108,1.033995,0.738515926,3.06204,22.0821912
124670,3838420219319,0,0,189.71623,59.70589,0.43072176,0.4289495,0.860794793,0.0474,21.2148563
124782,4039470168095,9,1,189.64095,59.6312,0.6998685,0.7001348,-1.41770844,-4.434,21.5908933
124793,4040470062983,1283,1,189.77376,59.659702,0.72888386,0.7255272,2.60205796,-2.72388,19.5427175
124888,3939460850272,0,0,189.53467,59.78077,0.66502684,0.66613334,-4.63449011,4.5402,21.4457507
124889,3939460850520,7,1,189.52917,59.6329,0.66308266,0.6671814,-4.80095886,-4.332,22.4645066
124989,3939460884752,16,1,189.81783,59.753517,0.67703176,0.6784721,3.93592668,2.90502,22.1564588
125250,3838430805928,9,1,189.57664,59.728767,0.4933699,0.49288848,-3.36418218,1.42002,21.5310168
125269,3939440126262,0,0,189.74947,59.735493,0.55136484,0.54931325,1.86687141,1.82358,19.8080914
125342,3737400013670,5,1,189.49826,59.657345,0.26425332,0.26433396,-5.73651326,-2.8653,21.6562756
125832,4040470062983,254,1,189.5306,59.701168,0.72436744,0.7255272,-4.75767699,-0.23592,19.6511165
126543,4141510944626,48,1,189.83113,59.657482,1.0895779,1.0871482,4.3384784,-2.85708,22.2494164
126727,4242530980522,0,0,189.57343,59.61848,1.2740088,1.274605,-3.4613394,-5.1972,22.3508772
126966,4040470534877,0,0,189.83559,59.745205,0.74793494,0.7507544,4.47346942,2.4063,20.1461225
126978,4040480783432,0,0,189.67435,59.627434,0.8190475,0.8195987,-0.4067891,-4.65996,22.1815913
127645,3939460734493,0,0,189.6142,59.688583,0.6561197,0.6555399,-2.22735193,-0.99102,21.7733759
127812,4242530786704,0,0,189.8237,59.606903,1.2191076,1.2231274,4.11359424,-5.89182,20.1568063
127908,4040480780809,3,1,189.66028,59.747795,0.81426406,0.8146332,-0.83264644,2.5617,22.3873893
127953,4040480102282,7,1,189.56525,59.775864,0.7898819,0.7890918,-3.70892384,4.24584,22.2556593
128165,3737410399948,0,0,189.81444,59.78805,0.34071434,0.33950078,3.8333214,4.977,21.9634708
128442,4141500687902,0,0,189.56573,59.630737,0.9994685,0.99907744,-3.69439566,-4.46178,19.2839245
128488,4141500224742,4,1,189.58417,59.802208,0.9784918,0.9791785,-3.13627132,5.82648,22.2013488
128507,4141510410433,10,1,189.52165,59.742023,1.053152,1.049636,-5.02856705,2.21538,21.3902602
128508,4141510410713,0,0,189.78961,59.63113,1.0547951,1.0515817,3.08179064,-4.4382,21.4187452
128584,4040470064264,154,1,189.50522,59.733902,0.72708744,0.7310335,-5.52585462,1.72812,19.5558755
128702,4343550891640,0,0,189.70018,59.65384,1.516955,1.5157384,0.375008702,-3.0756,22.3639547
128723,4343560983944,0,0,189.82266,59.661705,1.6013677,1.6025077,4.08211652,-2.6037,20.6014525
129895,3939450642571,0,0,189.7584,59.738747,0.61999977,0.6207588,2.13715613,2.01882,20.7141107
130057,4444580919225,0,0,189.69826,59.73895,1.8545861,1.85304,0.316895973,2.031,22.1879684
130114,3939460891723,0,0,189.51323,59.651955,0.67851335,0.6816723,-5.28341558,-3.1887,20.8343037
130471,4140490755987,256,1,189.62802,59.728928,0.9051972,0.9001972,-1.80906135,1.42968,22.3760348
130526,4039460402340,0,0,189.53874,59.629417,0.69596297,0.69888115,-4.51130323,-4.54098,21.7716801
130844,4141510926140,0,0,189.70834,59.71088,1.0767504,1.0762734,0.621987799,0.3468,22.4213283
130897,4141510922871,0,0,189.5469,59.664856,1.072249,1.0690204,-4.26432413,-2.41464,20.6851466
131011,4040470054182,0,0,189.5918,59.756714,0.729965,0.7237854,-2.90533376,3.09684,21.1714001
131036,4040480783386,0,0,189.50397,59.627644,0.8193828,0.8197484,-5.56368843,-4.64736,21.6535004
131115,3636380638456,1,1,189.82484,59.720673,0.18414392,0.1828885,4.14809868,0.93438,22.105931
131603,3838420125056,0,0,189.8458,59.661835,0.40142977,0.40263075,4.78249596,-2.5959,21.932501
131730,4040480796457,0,0,189.75064,59.666023,0.82951987,0.830495,1.90228385,-2.34462,20.7502301
131996,4545600323727,0,0,189.6308,59.665558,2.098245,2.0978909,-1.72491896,-2.37252,21.5534669
132261,3939440126263,0,0,189.73872,59.721558,0.5496645,0.54935294,1.54150066,0.98748,21.2939115
132423,4141510410621,0,0,189.75754,59.71273,1.054347,1.0526912,2.11112647,0.4578,21.6068557
132429,4141510914682,0,0,189.62045,59.763344,1.0676577,1.0649554,-2.03818289,3.49464,22.2348355
132498,3938440373950,113,1,189.59438,59.68866,0.54314756,0.5387173,-2.82724478,-0.9864,18.5697387
132689,4545600058253,0,0,189.59703,59.672314,2.0726526,2.0719771,-2.74703711,-1.96716,21.0911783
132822,4343550891582,0,0,189.52193,59.69481,1.5138658,1.5122368,-5.02009228,-0.6174,22.0947351
132859,3838420011991,10,1,189.68703,59.723858,0.39257005,0.39107862,-0.0230029551,1.12548,22.0990999
133088,3939460850520,0,0,189.52882,59.630478,0.66376984,0.6671814,-4.81155233,-4.47732,20.9801591
133125,4444580582096,157,1,189.49423,59.70009,1.7921462,1.784089,-5.85848946,-0.3006,21.4154973
133212,3838440746343,40,1,189.59447,59.721954,0.5119904,0.5126503,-2.82452075,1.01124,21.5547309
133694,4343560852269,0,0,189.7292,59.731552,1.5515373,1.5495684,1.25335838,1.58712,20.8328111
133716,4040470486443,0,0,189.81242,59.79346,0.73577136,0.738914,3.77218196,5.3016,19.991928
133795,3939440131763,0,0,189.59323,59.79444,0.551002,0.5497836,-2.86205189,5.3604,22.377322
134417,3939440132734,0,0,189.49153,59.710163,0.5495559,0.5509645,-5.94021048,0.30378,22.2849049
134924,3636370208699,0,0,189.85094,59.7894,0.14894654,0.14859834,4.93806858,5.058,20.8953223
135051,4141490516203,0,0,189.59854,59.678825,0.89995354,0.90139353,-2.70133387,-1.5765,22.3905437
135052,4141490516213,0,0,189.60957,59.686707,0.90107614,0.90151453,-2.36748835,-1.10358,21.2189281
135491,4040470063194,71,1,189.52467,59.65529,0.7213442,0.72735864,-4.93716057,-2.9886,19.4678306
135796,4141510914935,0,0,189.8405,59.718925,1.0704073,1.0671003,4.62208062,0.8295,21.2787861
136008,3838420122801,0,0,189.7132,59.768967,0.40202066,0.40307564,0.769085643,3.83202,20.4975897
136412,3636370113994,0,0,189.69499,59.661617,0.13423988,0.13241139,0.217922732,-2.60898,19.7742254
136610,4343560854057,0,0,189.70734,59.749702,1.5618677,1.5606775,0.591720753,2.67612,20.8313228
136673,4646630874673,0,0,189.77216,59.725807,2.7161467,2.717321,2.55363069,1.24242,21.9334382
136724,4040470062983,296,1,189.5197,59.707077,0.722685,0.7255272,-5.08758779,0.11862,19.9825955
137137,4141500115820,0,0,189.82513,59.785473,0.9669046,0.96730447,4.15687612,4.82238,20.7548659
138153,4443560691898,0,0,189.72075,59.793648,1.6246108,1.6254152,0.997601842,5.31288,22.1291838
138410,4343540065280,0,0,189.53941,59.629257,1.3571335,1.3565431,-4.49102431,-4.55058,21.7238015
138543,4141490516865,0,0,189.84851,59.611275,0.9005122,0.90171945,4.86451966,-5.6295,20.2979032
138824,4040470064477,183,1,189.70018,59.646626,0.72691274,0.7312106,0.375008702,-3.50844,22.2498927
138975,3838430133430,0,0,189.85223,59.762554,0.45063633,0.45530945,4.97711307,3.44724,21.1923247
139344,4040470062983,1161,1,189.86266,59.661263,0.73318875,0.7255272,5.29279836,-2.63022,18.5450209
139391,3636390389459,58,1,189.82649,59.80493,0.2126459,0.21353468,4.1980393,5.9898,17.231748
139473,4343560872172,0,0,189.56813,59.669586,1.564278,1.5669281,-3.62175474,-2.13084,22.2501474
139494,3838430133510,32,1,189.80876,59.774147,0.45165822,0.45556566,3.66140457,4.14282,21.8838252
139506,3838440745997,16,1,189.77249,59.69581,0.5137483,0.51308733,2.56361881,-0.5574,22.1474698
140667,3939460884752,18,1,189.8414,59.764816,0.6767031,0.6784721,4.64932096,3.58296,21.068364
140778,3939450216446,0,0,189.73772,59.627274,0.6070869,0.6084238,1.51123362,-4.66956,19.1091274
141218,4040470062341,115,1,189.75208,59.743294,0.72908354,0.72494054,1.9458684,2.29164,19.643963
141350,3838440745885,40,1,189.69269,59.623528,0.51180756,0.5113964,0.148308526,-4.89432,22.3609008
141466,4040470063392,0,0,189.53032,59.628635,0.728379,0.73104936,-4.76615176,-4.5879,21.1199828
141568,4141500911269,0,0,189.74796,59.78692,1.0147228,1.0157232,1.82116817,4.9092,21.5192851
141579,4141510923173,0,0,189.6002,59.671757,1.0761026,1.0732515,-2.65109057,-2.00058,21.2532522
141627,4343560977384,0,0,189.88106,59.715675,1.580538,1.5844252,5.84971201,0.6345,22.4040163
141682,3636390389459,42,1,189.73656,59.727024,0.21312912,0.21353468,1.47612384,1.31544,20.8631078
141785,3838430783965,0,0,189.63426,59.803413,0.4668235,0.468718,-1.62019498,5.89878,21.9092276
141975,3939460733349,0,0,189.85965,59.63077,0.6514129,0.65145636,5.20169455,-4.4598,21.9628322
142192,4444570091458,32,1,189.62154,59.687252,1.679732,1.6838025,-2.00519181,-1.07088,22.0771165
142239,3939440131846,350,1,189.494,59.76146,0.5489948,0.55004895,-5.86545088,3.3816,21.3154401
142280,3938440374004,0,0,189.6085,59.62828,0.5402356,0.539924,-2.39987409,-4.6092,22.3293687
142770,3939450061860,42,1,189.52052,59.797813,0.5716094,0.57133937,-5.06276881,5.56278,19.7305195
142776,3939450204534,0,0,189.76118,59.74068,0.59957933,0.5976905,2.22129852,2.1348,20.6761606
142934,3939440126267,0,0,189.78769,59.711887,0.5500416,0.54935044,3.02367791,0.40722,20.3729496
142963,3939460883078,0,0,189.76068,59.7884,0.6723218,0.6722223,2.206165,4.998,20.9239256
143234,3636370208738,412,1,189.54851,59.783012,0.15084562,0.14851473,-4.21559419,4.67472,20.7254719
143683,4242530805629,0,0,189.60693,59.61264,1.2320962,1.2349415,-2.44739335,-5.5476,21.0095483
143751,3838430099943,29,1,189.82817,59.774582,0.43470886,0.4328983,4.24888794,4.16892,22.3737686
143755,3838430113652,0,0,189.63374,59.684246,0.4393212,0.44152948,-1.63593385,-1.25124,20.1933052
143969,4443560672290,0,0,189.50671,59.744743,1.5976517,1.5986394,-5.48075672,2.37858,21.3840518
144041,4443560672816,0,0,189.62576,59.760853,1.6038057,1.6042651,-1.87746487,3.34518,21.5226919
144688,3939460850307,0,0,189.49985,59.769367,0.66502607,0.6664372,-5.68838866,3.85602,20.5261963
144704,3939440126492,4,1,189.6724,59.695877,0.5511205,0.5499552,-0.46580984,-0.55338,22.338343
145065,4646620102853,0,0,189.5167,59.7162,2.4463549,2.4501908,-5.17838893,0.666,22.3242171
145311,4343550075637,3,1,189.81396,59.619194,1.429056,1.4324031,3.81879321,-5.15436,21.9555891
145339,4343560872235,0,0,189.7545,59.66648,1.5661755,1.5675527,2.01911465,-2.3172,21.0294044
145534,4141500115721,31,1,189.6695,59.762627,0.9663957,0.9652814,-0.553584274,3.45162,20.7161603
145535,4141500115773,0,0,189.74858,59.787506,0.9663957,0.96733505,1.83993374,4.94436,21.8060619
145644,3838440686752,0,0,189.80772,59.65956,0.50583375,0.5036242,3.62992685,-2.7324,20.8293754
145903,4343540596577,0,0,189.66457,59.606636,1.4109627,1.4100369,-0.702800812,-5.90784,22.0756941
146676,3939460849680,0,0,189.4942,59.79422,0.66413873,0.66271836,-5.85939747,5.3472,21.5005476
146993,3938440374231,0,0,189.4977,59.636425,0.5385927,0.5395855,-5.75346281,-4.1205,20.4064106
147027,3939460849911,0,0,189.49803,59.718613,0.664396,0.6632347,-5.74347468,0.81078,22.4845497
147266,4444570690732,0,0,189.51865,59.63685,1.7405258,1.7398599,-5.11936819,-4.095,21.2110531
147364,3939460655980,0,0,189.60185,59.714027,0.6300173,0.6309482,-2.60114995,0.53562,22.0780045
147380,3939460885032,0,0,189.58484,59.78714,0.67943054,0.67995805,-3.1159924,4.9224,21.8632663
147890,3838440745997,0,0,189.74512,59.704872,0.5127544,0.51308733,1.73520976,-0.01368,19.9008201
148409,4544590222224,0,0,189.58768,59.77102,1.9575018,1.9523981,-3.03003399,3.9552,21.9226369
148587,3737400005350,7,1,189.81386,59.744873,0.26080605,0.26148584,3.81576651,2.38638,22.3103145
148603,4140490755506,0,0,189.59215,59.786537,0.9013783,0.89750576,-2.8947403,4.88622,18.9369119
148740,3838440843445,0,0,189.88242,59.617798,0.53830296,0.53565896,5.8908752,-5.23812,22.466669
148979,4242530593225,0,0,189.83704,59.68273,1.21319,1.2170715,4.51735664,-1.3422,21.8470276
149872,4141510407014,0,0,189.53223,59.7732,1.0506197,1.0484147,-4.7083417,4.086,22.1088625
149873,4141510410457,34,1,189.51097,59.76326,1.0521832,1.0504302,-5.3518191,3.4896,22.2940783
150413,3939450216417,0,0,189.6188,59.681084,0.605861,0.60836196,-2.08812351,-1.44096,22.3748871
150588,4040470062983,0,0,189.68779,59.7051,0.729337,0.7255272,0,0,17.439489
150589,4040470062983,1007,1,189.66112,59.723732,0.7253206,0.7255272,-0.807222121,1.11792,22.0680853
150590,4040470062983,1908,1,189.7124,59.692505,0.73223096,0.7255272,0.744872006,-0.7557,20.703759
151422,4141500687836,0,0,189.54538,59.660713,0.998967,0.99876016,-4.31033004,-2.66322,20.171218
151434,4141510410752,7,1,189.78064,59.660652,1.054926,1.0523282,2.81029524,-2.66688,21.7572717
151603,4242520240982,0,0,189.55307,59.737267,1.1944287,1.1940348,-4.07757646,1.93002,21.2589765
151869,4545600058301,152,1,189.74106,59.655266,2.0645518,2.0680645,1.61232555,-2.99004,21.5315681
151995,4141510342957,3,1,189.60002,59.794735,1.03221,1.0308429,-2.65653864,5.3781,21.4972554
152088,4040470486423,0,0,189.86996,59.730022,0.7353982,0.7382811,5.5137478,1.49532,21.9314295
152313,4545600058253,108,1,189.60901,59.67525,2.0743763,2.0719771,-2.3844379,-1.791,22.4340627
152372,4646620257945,0,0,189.88263,59.772263,2.493152,2.4980037,5.89723127,4.02978,21.3320286
152590,4040470062251,107,1,189.81119,59.73787,0.7277117,0.7251441,3.7349535,1.9662,21.6507924
152591,4040470063130,62,1,189.62799,59.650253,0.7263149,0.7268023,-1.80996936,-3.29082,18.4395273
152592,4040470064477,347,1,189.57503,59.646717,0.72636884,0.7312106,-3.41291213,-3.50298,21.4650544
152662,3939450644767,31,1,189.5905,59.78875,0.6230562,0.62358284,-2.94468092,5.019,21.7307509
152729,4141510342698,0,0,189.56381,59.63514,1.0287931,1.0277344,-3.75250838,-4.1976,21.8424704
152741,4141510924389,13,1,189.88501,59.682545,1.0748341,1.0714246,5.96926684,-1.3533,20.6560358
152743,4141510924526,2,1,189.71135,59.63224,1.0758481,1.0741496,0.713091608,-4.3716,22.4060472
152784,3838440746343,169,1,189.56386,59.736088,0.5131043,0.5126503,-3.75099503,1.85928,19.6283621
153475,3838420012040,7,1,189.80804,59.796757,0.3957937,0.39220434,3.6396123,5.49942,21.6034969
153537,3838430130247,6,1,189.85623,59.7731,0.448597,0.44950536,5.09818126,4.08,21.7248883
153991,3838440746343,227,1,189.5849,59.69824,0.51261574,0.5126503,-3.11417638,-0.4116,21.3378989
154127,3737410803449,0,0,189.68732,59.779964,0.34397045,0.3439589,-0.0142255117,4.49184,19.7525517
154736,4444580919157,0,0,189.49649,59.790073,1.8512534,1.850482,-5.79008593,5.09838,21.7639652
154937,3736390702423,0,0,189.53235,59.68001,0.25161707,0.25092337,-4.70470966,-1.5054,20.6812427
154963,4242520011926,0,0,189.52058,59.75612,1.1211742,1.1212192,-5.06095279,3.0612,22.1156816
155578,3838420012058,0,0,189.88467,59.789734,0.3973016,0.39288995,5.95897605,5.07804,19.8204238
155988,4040470062311,6,1,189.8593,59.730404,0.7281533,0.7250021,5.19110109,1.51824,21.9208245
156145,4242530807731,0,0,189.62424,59.74106,1.2466227,1.2489634,-1.92347078,2.1576,21.6985636
156171,3737400005350,0,0,189.81793,59.739986,0.2613832,0.26148584,3.93895339,2.09316,19.0885732
156435,4646620882656,0,0,189.82886,59.657333,2.5350323,2.5394058,4.2697722,-2.86602,21.7498654
156883,3838430099943,110,1,189.81566,59.777016,0.4327801,0.4328983,3.87024719,4.31496,20.6634081
156959,4343560852238,41,1,189.7125,59.755272,1.5522727,1.5494992,0.747898711,3.01032,21.5978769
157148,3737410886679,23,1,189.74825,59.61299,0.3652322,0.3678108,1.82994561,-5.5266,22.2460263
157209,4141510944645,0,0,189.87688,59.646877,1.0906992,1.0877839,5.72319576,-3.49338,19.1411496
158188,4141510944645,141,1,189.87662,59.64634,1.0878689,1.0877839,5.71532633,-3.5256,20.765032
158578,3838440746283,0,0,189.56064,59.714832,0.5121232,0.5124558,-3.84845492,0.58392,20.50431
158610,3838430133469,76,1,189.78796,59.789337,0.45139182,0.45543867,3.03185001,5.05422,18.9135638
158631,3838440746697,21,1,189.49725,59.759796,0.51531136,0.51418394,-5.76708298,3.28176,21.5838012
159394,3938440373545,0,0,189.8418,59.701355,0.54082954,0.5383443,4.66142778,-0.2247,18.1115284
159441,3938440373799,3,1,189.81857,59.640797,0.5394359,0.53863835,3.9583243,-3.85818,21.8964111
160001,3938440373793,112,1,189.8718,59.621655,0.5382113,0.538623,5.56943916,-5.0067,20.7166699
160005,3939440132724,1,1,189.68423,59.65571,0.55167675,0.55112326,-0.107750684,-2.9634,22.0514503
160022,3939450216406,0,0,189.64851,59.69404,0.60563725,0.60816455,-1.18888957,-0.6636,21.0197696
160305,3636370208738,297,1,189.64163,59.78108,0.14899637,0.14851473,-1.39712685,4.5588,20.2908915
160345,4040480787594,0,0,189.61877,59.696247,0.8260179,0.8270681,-2.08903153,-0.53118,20.6767049
160410,4141510335632,0,0,189.78941,59.66954,1.0230112,1.023168,3.07573723,-2.1336,19.6701767
161035,4040470063339,0,0,189.53806,59.61621,0.7263512,0.7294116,-4.53188482,-5.3334,21.8774598
161107,3838430113491,4563,1,189.49982,59.614693,0.4356084,0.43987277,-5.68929667,-5.42442,21.4545099
161491,4646620709732,88,1,189.60127,59.693542,2.534997,2.5338438,-2.61870483,-0.69348,22.4990136
161599,4242530590473,0,0,189.59862,59.612022,1.2097586,1.212854,-2.69891251,-5.58468,21.1205758
161950,4040470534694,0,0,189.66304,59.645767,0.74771905,0.74939966,-0.749109393,-3.55998,20.9751141
162120,4039470168095,0,0,189.64767,59.635063,0.6978914,0.7001348,-1.21431389,-4.20222,19.9207183
162128,4040470062983,1984,1,189.68477,59.7437,0.72613806,0.7255272,-0.0914064794,2.316,17.7837529
162179,4242520012217,0,0,189.49529,59.77948,1.120522,1.1215441,-5.82640639,4.4628,21.6677801
162884,4040470062983,782,1,189.7334,59.70893,0.7334225,0.7255272,1.38047998,0.2298,19.6079938
162930,4343550071373,0,0,189.80501,59.765263,1.4280304,1.4309676,3.54790315,3.60978,21.5961443
162975,4343560977357,0,0,189.86559,59.70185,1.5794194,1.5826999,5.38148081,-0.195,21.0715721
162981,4141490516967,116,1,189.76843,59.615875,0.8998998,0.9015272,2.4407346,-5.3535,21.3304851
163029,4141510411980,0,0,189.62135,59.715023,1.066023,1.0612011,-2.01094255,0.59538,20.9585674
163830,3938440374239,371,1,189.49475,59.608566,0.5454879,0.53923064,-5.84275059,-5.79204,21.1541035
163862,3939460663965,0,0,189.78737,59.614494,0.6370297,0.6379863,3.01399246,-5.43636,19.6577367
163945,3939440126193,0,0,189.72977,59.752377,0.550957,0.54863626,1.2706106,2.83662,20.6887089
164275,4444580923667,19,1,189.58345,59.67889,1.8626934,1.8643506,-3.1580636,-1.5726,21.9720797
164429,4141510410475,0,0,189.49495,59.797432,1.052528,1.0511016,-5.83669718,5.53992,22.1979015
164673,4242520239365,0,0,189.64267,59.76258,1.192429,1.1920407,-1.36564912,3.4488,20.8196778
164868,3838420219292,0,0,189.88014,59.637886,0.4300045,0.42838874,5.82186633,-4.03284,22.1823644
164943,4040480788421,0,0,189.58017,59.729324,0.8269308,0.82799435,-3.25733951,1.45344,21.6965505
165017,4747640174896,0,0,189.54692,59.670273,2.884184,2.8797212,-4.26371879,-2.08962,22.4203438
165148,4141510336906,0,0,189.83252,59.637764,1.02394,1.0236433,4.38054959,-4.04016,22.1823679
165465,4545600058355,81,1,189.75342,59.653717,2.068929,2.068752,1.98642624,-3.08298,22.2465763
165506,4242520238596,0,0,189.86806,59.67582,1.1884772,1.1851856,5.45624041,-1.7568,21.7132182
165929,4141510914882,49,1,189.80896,59.682472,1.0720354,1.0652438,3.66745798,-1.35768,21.9424544
166726,4040480783318,0,0,189.6087,59.75907,0.819364,0.8191786,-2.39382068,3.2382,20.0360355
166784,4444580990494,0,0,189.8194,59.780174,1.8813051,1.8827251,3.98344595,4.50444,22.34448
166889,3939450828263,0,0,189.8794,59.654564,0.6263555,0.6279288,5.79946872,-3.03216,21.7421085
167366,4242520011937,0,0,189.49382,59.740025,1.1200368,1.1220376,-5.87089894,2.0955,21.2665165
167489,3838420217990,0,0,189.54565,59.637592,0.4265406,0.42555463,-4.30215794,-4.05048,21.3745954
167857,3838420219307,1,1,189.70116,59.767654,0.43091336,0.42865527,0.404670407,3.75324,22.1804683
168015,4646630429394,0,0,189.51353,59.68184,2.6307452,2.632505,-5.27433546,-1.3956,21.98046
168341,4646620098042,0,0,189.73216,59.759365,2.4176102,2.4236877,1.34294884,3.2559,21.4675622
168412,3838420010574,28,1,189.83917,59.630424,0.39158574,0.38859636,4.58182545,-4.48056,22.171542
168484,4444580582265,0,0,189.53314,59.63504,1.7897884,1.786087,-4.68079869,-4.2036,22.0658952
168593,4040480097039,0,0,189.72386,59.79657,0.77306294,0.77279836,1.09173236,5.4882,22.2594447
169403,4343560977397,0,0,189.77124,59.66481,1.5824478,1.5839683,2.525785,-2.4174,22.0819611
169693,4040470063130,31,1,189.68672,59.640778,0.72332335,0.7268023,-0.0323857394,-3.85932,21.3946997
169697,4040470534498,0,0,189.65273,59.751656,0.74487936,0.7472473,-1.06116264,2.79336,22.4496384
170105,4141510926164,0,0,189.71729,59.659866,1.0759015,1.0751121,0.892877862,-2.71404,20.4437921
170325,3838420219862,174,1,189.7229,59.679337,0.42932126,0.42982814,1.06267599,-1.54578,18.6074341
170450,4040470062983,110,1,189.70276,59.672443,0.7252137,0.7255272,0.453097681,-1.95942,18.6519708
170612,3636370208738,287,1,189.55566,59.786674,0.14985949,0.14851473,-3.99918481,4.89444,20.3565516
170699,4343560872058,82,1,189.78006,59.72165,1.567147,1.5664674,2.79274035,0.993,22.4958592
171071,3636390389459,11,1,189.70735,59.674484,0.21151394,0.21353468,0.592023423,-1.83696,19.191199
171276,3838420015442,0,0,189.68579,59.76064,0.39677092,0.39537963,-0.0605340923,3.3324,21.1338808
171928,3636380830699,0,0,189.50433,59.795815,0.18834119,0.1884361,-5.55279229,5.4429,20.0476556
172116,4343550075213,0,0,189.67749,59.749084,1.4301496,1.4306409,-0.311750576,2.63904,21.3243569
172271,3838430132250,54,1,189.62901,59.627773,0.45109603,0.45302883,-1.77909697,-4.63962,21.2135277
172803,3838430099943,210,1,189.86443,59.79137,0.43569043,0.4328983,5.34637103,5.1762,22.0467904
172899,4040470057948,0,0,189.50526,59.76403,0.72995114,0.73045385,-5.52464394,3.5358,21.8875161
173080,3737410803451,0,0,189.68787,59.753853,0.34372437,0.34393728,0.00242136369,2.92518,21.9788732
173410,4343560853023,0,0,189.74852,59.759365,1.5608971,1.558265,1.83811771,3.2559,21.623566
173493,4141490541482,0,0,189.55182,59.78022,0.9158413,0.9179398,-4.11541027,4.5072,21.7413846
173828,4040470063194,0,0,189.58537,59.66626,0.7212238,0.72735864,-3.09995087,-2.3304,18.6163883
173851,4040480864282,4,1,189.60005,59.74335,0.845115,0.84558755,-2.65563063,2.295,21.9589942
174970,3838420194308,1,1,189.55937,59.70923,0.424127,0.42400458,-3.88689407,0.2478,21.8877589
176145,4343550075596,0,0,189.68468,59.608658,1.4313205,1.4327463,-0.0941305136,-5.78652,22.4264675
176187,4040470043754,0,0,189.69783,59.805035,0.7228392,0.7197282,0.303881144,5.9961,22.2051191
176468,4242530593023,0,0,189.6796,59.680523,1.2116333,1.215804,-0.247887108,-1.47462,21.4985529
176599,3838430099943,98,1,189.81429,59.7711,0.43261084,0.4328983,3.82878134,3.96,20.2283301
176714,4040470064264,246,1,189.56073,59.731968,0.72885895,0.7310335,-3.84573089,1.61208,21.2320796
176812,4141510944645,166,1,189.87193,59.63733,1.0895373,1.0877839,5.57337388,-4.0662,20.5573555
176895,4444570223063,34,1,189.6862,59.784847,1.7278714,1.7272663,-0.0481246034,4.78482,22.3823446
176938,3939450061860,60,1,189.49767,59.776566,0.5717818,0.57133937,-5.75437082,4.28796,19.237932
177032,4646630429394,12,1,189.5119,59.68112,2.634189,2.632505,-5.32367075,-1.4388,22.4888839
177284,4040470064477,467,1,189.64775,59.664253,0.73084265,0.7312106,-1.21189253,-2.45082,20.7125046
177323,4040470062983,336,1,189.68835,59.711517,0.73265284,0.7255272,0.0169495459,0.38502,20.001714
177518,4444580993935,0,0,189.63458,59.614094,1.8794158,1.8806083,-1.61050953,-5.46036,22.1596011
178150,3737410887340,0,0,189.8248,59.717674,0.36898613,0.37137017,4.146888,0.75444,20.4145468
178159,3838420127238,7,1,189.8412,59.802845,0.4144138,0.4145616,4.64326755,5.8647,20.2717579
178240,4141510915172,0,0,189.79967,59.617893,1.0700792,1.0671303,3.38627713,-5.23242,20.5509038
178506,4646620709732,160,1,189.57077,59.698753,2.5332165,2.5338438,-3.54184974,-0.38082,22.3152819
178590,4040470062983,218,1,189.78049,59.710304,0.73406845,0.7255272,2.80575518,0.31224,18.171047
178802,4545590071475,0,0,189.88087,59.658234,1.9710449,1.9674615,5.84396127,-2.81196,22.3059915
179371,4242520239502,0,0,189.68582,59.630356,1.1908395,1.190757,-0.0596260809,-4.48464,22.185829
179384,4242530807821,0,0,189.87048,59.754635,1.2468184,1.2492392,5.52948666,2.9721,21.8281466
180838,4343560857401,13,1,189.6618,59.769814,1.5618508,1.5640552,-0.78664053,3.88284,21.6474376
181271,3838430133510,28,1,189.79494,59.759163,0.45187512,0.45556566,3.243114,3.24378,20.6619726
181295,4040470063291,10,1,189.61482,59.624084,0.7254038,0.72861695,-2.20858636,-4.86096,19.8509274
181367,4343550146416,0,0,189.77261,59.783173,1.4322673,1.4356782,2.56725086,4.68438,22.4687947
181404,4343560873087,0,0,189.84964,59.62207,1.570659,1.5737914,4.89872142,-4.9818,21.5041044
181526,4343560872025,0,0,189.77162,59.74308,1.5642372,1.5644951,2.53728648,2.2788,21.5010653
181701,4040470062983,1402,1,189.70227,59.703415,0.7319821,0.7255272,0.438266828,-0.1011,19.4108202
181703,4040470062983,1881,1,189.67708,59.690887,0.72732854,0.7255272,-0.324160064,-0.85278,20.105887
181818,4141500686046,0,0,189.57182,59.791073,0.99830455,0.9979751,-3.51006934,5.15838,20.6670011
182058,4343550891309,0,0,189.74068,59.80317,1.5177644,1.5176389,1.60082407,5.8842,21.338758
182382,4343560853913,0,0,189.53047,59.647163,1.558901,1.5564398,-4.7616117,-3.47622,21.8261561
182628,4242520237726,0,0,189.59167,59.786552,1.187041,1.185254,-2.90926848,4.88712,22.2189175
182737,4646620709787,0,0,189.62317,59.682854,2.5302691,2.5334582,-1.95585652,-1.33476,21.6194353
182765,4343540491233,0,0,189.81264,59.644913,1.365341,1.3637607,3.77884071,-3.61122,21.5286112
182973,4141510924394,101,1,189.76146,59.67524,1.0744779,1.0720907,2.22977329,-1.7916,20.428885
183015,4040480099015,0,0,189.55864,59.77562,0.7802734,0.7814881,-3.90898901,4.2312,20.8393202
183086,4141490516232,0,0,189.72176,59.678658,0.90295404,0.9006095,1.02817156,-1.58652,21.6875736
183128,4141510927049,0,0,189.59476,59.66046,1.0877904,1.084933,-2.8157433,-2.6784,22.0767322
183286,4646620017883,0,0,189.81306,59.796104,2.3809626,2.380572,3.79155287,5.46024,21.5364637
183413,4040480676500,0,0,189.54,59.75524,0.8055568,0.8071241,-4.47316675,3.0084,21.9717836
183991,4040470062983,2198,1,189.59818,59.738785,0.7290241,0.7255272,-2.71223001,2.0211,20.0014016
184135,3838440746190,0,0,189.74335,59.78364,0.5133338,0.5127821,1.68163708,4.7124,22.3552306
184287,4040470063130,26,1,189.62518,59.641087,0.7268772,0.7268023,-1.89501976,-3.84078,19.4491136
184379,4343560872137,14,1,189.74203,59.70983,1.5650527,1.5682571,1.64168458,0.2838,22.2810811
184468,4241520601596,0,0,189.60446,59.704636,1.1135918,1.1115961,-2.52215296,-0.02784,22.3079201
184513,4242530990078,0,0,189.5752,59.774685,1.279179,1.2809117,-3.40776673,4.1751,21.8185328
184645,4040470062983,1741,1,189.74022,59.705788,0.72768664,0.7255272,1.58690123,0.04128,18.3493317
184839,4242520029357,0,0,189.79517,59.73578,1.1404984,1.14061,3.25007542,1.8408,21.5559346
184995,4342540225803,0,0,189.54402,59.70852,1.3420299,1.3390297,-4.35149323,0.2052,21.0052671
185203,4040470062983,731,1,189.63377,59.76751,0.7281944,0.7255272,-1.63502583,3.7446,22.1436145
185311,4141490516227,0,0,189.68394,59.689636,0.9010292,0.9008509,-0.116528128,-0.92784,21.8870665
185443,4343550059865,0,0,189.81844,59.752834,1.4176441,1.4166157,3.95438958,2.86404,21.7004064
185528,3838430805646,3,1,189.59882,59.66874,0.49333814,0.49270886,-2.6928591,-2.1816,22.4355042
185652,4141490518928,0,0,189.71136,59.76877,0.90554446,0.90694386,0.713394278,3.8202,20.9772022
185783,3838430783337,0,0,189.79108,59.72985,0.46247783,0.46542567,3.1262832,1.485,20.0931807
185846,4040470064298,0,0,189.62427,59.728363,0.7274541,0.7321739,-1.92256277,1.39578,20.0699443
186005,4040470062983,1141,1,189.6299,59.70156,0.7259745,0.7255272,-1.7521593,-0.2124,22.2101656
186037,4040490446998,0,0,189.6119,59.728935,0.8849401,0.8817041,-2.29696613,1.4301,22.0016529
186078,4343560791617,11,1,189.7852,59.68422,1.5534414,1.5487198,2.94831297,-1.2528,22.3339669
186275,4141510915631,1,1,189.86,59.640762,1.0727127,1.067913,5.21228802,-3.86028,22.1642306
186363,3737410803453,0,0,189.69516,59.719704,0.34375298,0.34392816,0.22306813,0.87624,21.550595
186461,4141500224693,6,1,189.61906,59.793297,0.9772301,0.97842693,-2.08025408,5.29182,21.9798097
186590,4040480675250,0,0,189.87558,59.735203,0.80589825,0.8057493,5.6838486,1.80618,22.1547898
186608,3737400005353,0,0,189.6489,59.699116,0.26185757,0.26179603,-1.17708543,-0.35904,22.2272842
186884,4040480796192,0,0,189.82764,59.694458,0.8295018,0.83100694,4.23284641,-0.63852,22.1108432
186920,4444570091338,0,0,189.67719,59.68787,1.6792766,1.6818064,-0.320830689,-1.0338,21.6669053
186983,3838430562644,0,0,189.7462,59.629913,0.45839378,0.4616992,1.76789817,-4.51122,19.6302078
187146,3636380228726,33,1,189.56602,59.792465,0.17790255,0.17745657,-3.68561821,5.2419,18.6649015
187190,3939440126267,1,1,189.7869,59.71159,0.5511866,0.54935044,2.99976695,0.3894,21.2506242
187856,4444570011078,0,0,189.85376,59.68046,1.6652325,1.6623282,5.02342165,-1.4784,21.8239012
188176,4443560672832,0,0,189.6212,59.791878,1.604438,1.6059611,-2.0154826,5.20668,22.3590628
188272,3939450828226,0,0,189.68741,59.778748,0.6250705,0.6270057,-0.0115014775,4.41888,21.1843756
188548,3939450061854,0,0,189.55301,59.78355,0.57132065,0.5714779,-4.07939248,4.707,20.7442538
188565,3939450642611,0,0,189.77202,59.616367,0.6210622,0.62128276,2.5493933,-5.32398,21.7661537
189014,3938440374239,186,1,189.52776,59.632523,0.54119587,0.53923064,-4.8436354,-4.35462,19.1200377
189161,4343560972220,0,0,189.86862,59.724277,1.5800223,1.5818219,5.47318996,1.15062,21.0888648
189210,4242530911015,0,0,189.62735,59.6167,1.25214,1.254205,-1.82934027,-5.304,22.3216468
189425,3636390495310,4,1,189.64685,59.60534,0.21976039,0.22057655,-1.23913287,-5.9856,19.8171778
189821,4040480788524,26,1,189.53976,59.80166,0.82922864,0.83021,-4.48043084,5.7936,20.0866195
190094,3838420220074,0,0,189.68114,59.799488,0.43230546,0.43080276,-0.201275857,5.66328,21.3706673
190175,3737400013670,0,0,189.51802,59.66337,0.26425627,0.26433396,-5.13843643,-2.5038,18.442795
190394,3939450642571,5,1,189.74559,59.755676,0.6197424,0.6207588,1.74943527,3.03456,20.3516983
190409,3939460763675,0,0,189.55588,59.784996,0.66317344,0.6620938,-3.99252606,4.79376,21.5836243
190757,4141510342670,0,0,189.51353,59.6503,1.0284053,1.0279999,-5.27433546,-3.288,21.8701591
190770,4141510914541,0,0,189.60965,59.737976,1.0651288,1.0628941,-2.36506699,1.97256,21.5589803
190875,4141500224693,0,0,189.61996,59.804657,0.97818637,0.97842693,-2.05301374,5.97342,20.4696952
191159,4343550075637,0,0,189.8196,59.618362,1.4298702,1.4324031,3.98949936,-5.20428,20.8287709
191185,4343550891315,0,0,189.74512,59.794327,1.517539,1.517978,1.73520976,5.35362,21.9115081
191660,4242520193635,1,1,189.76096,59.62831,1.1553607,1.1562463,2.21463977,-4.6074,21.5612672
191719,4040470064264,177,1,189.57622,59.725403,0.72769344,0.7310335,-3.37689434,1.21818,19.4415806
191970,4040470062983,911,1,189.7137,59.65345,0.7293112,0.7255272,0.784219166,-3.099,22.1075205
191972,4040470064477,420,1,189.75172,59.656464,0.72793627,0.7312106,1.93497226,-2.91816,21.5938815
192270,4646630880968,4,1,189.88211,59.779533,2.7365966,2.7357047,5.88149241,4.46598,22.4664263
192432,3838430133628,65,1,189.81914,59.65201,0.44952577,0.45556587,3.97557651,-3.1854,22.0397194
193088,4242530980611,0,0,189.64626,59.726578,1.2779775,1.2779893,-1.25699043,1.28868,22.3050203
193306,3737400005352,4,1,189.62505,59.692383,0.26195097,0.26181787,-1.89895448,-0.76302,22.2671101
193823,4040470062983,1680,1,189.66412,59.68857,0.73392516,0.7255272,-0.716420983,-0.9918,18.6867132
194141,4040470062983,1142,1,189.73836,59.694252,0.7346927,0.7255272,1.53060452,-0.65088,18.0983777
194147,4040470533451,0,0,189.68591,59.74514,0.7421119,0.7451219,-0.0569020468,2.4024,22.0888515
194418,4040470062983,2574,1,189.77205,59.67605,0.7305285,0.7255272,2.55030131,-1.743,21.1425861
194465,4040470062983,680,1,189.68852,59.704468,0.7303524,0.7255272,0.0220949437,-0.03792,21.4160523
194994,3737410400177,0,0,189.70944,59.685158,0.3414961,0.34136066,0.655281549,-1.19652,22.364485
195042,4141510944645,137,1,189.87639,59.646706,1.0900898,1.0877839,5.70836491,-3.50364,21.0482699
195194,4040470064956,0,0,189.58163,59.642815,0.7319782,0.73575807,-3.21314962,-3.7371,21.7168853
195198,4040470487738,0,0,189.84024,59.64097,0.7350063,0.73879075,4.61421119,-3.8478,20.6693588
195204,4040480099934,0,0,189.78435,59.659786,0.7761075,0.77648747,2.92258598,-2.71884,22.4601441
195645,4646620124019,0,0,189.82904,59.620224,2.4167097,2.4219763,4.27522027,-5.09256,22.1303942
195770,4646620101172,0,0,189.50854,59.747494,2.4323545,2.4359767,-5.42536803,2.54364,22.4007889
196168,3737410057728,0,0,189.75017,59.766262,0.3155468,0.3156481,1.88805834,3.66972,22.3204911
196200,4545600325490,0,0,189.8616,59.74431,2.1182864,2.1167579,5.26071529,2.3526,22.0030281
196457,3838430133510,0,0,189.83983,59.74897,0.4508734,0.45556566,4.6018017,2.6322,16.8147249
196585,4242530808004,0,0,189.75404,59.70362,1.2497874,1.2524985,2.00519181,-0.0888,21.9618582
196762,3636390389462,0,0,189.70374,59.74157,0.21284539,0.21347825,0.482759386,2.1882,18.612584
196841,4040470064581,0,0,189.71138,59.79071,0.73056227,0.73440886,0.713999619,5.1366,22.1439484
196851,4040470565607,0,0,189.65166,59.615814,0.7559596,0.75893587,-1.09354838,-5.35716,21.5807955
196982,4040470556312,0,0,189.78383,59.64848,0.7493118,0.7508174,2.90684711,-3.3972,22.105875
197426,4040470063291,6,1,189.60757,59.624756,0.7257533,0.72861695,-2.42802244,-4.82064,20.5934321
197611,3737400093555,0,0,189.52856,59.697773,0.28490132,0.28483805,-4.81942176,-0.43962,22.4663956
198379,4040480864512,0,0,189.71452,59.783638,0.84643555,0.8481208,0.809038144,4.71228,21.0732068
198518,4040470005550,0,0,189.72806,59.67901,0.7114944,0.7112628,1.21885395,-1.5654,21.7290233
198720,4342540235903,0,0,189.55507,59.621628,1.3516704,1.3499024,-4.01704237,-5.00832,21.3259411
198760,4343550822030,0,0,189.78885,59.694374,1.4740856,1.4731742,3.05878769,-0.64356,22.2295354
198971,4646630338398,0,0,189.63698,59.72029,2.5533285,2.5578372,-1.53786862,0.9114,22.2740405
199117,4141490515964,0,0,189.84744,59.73793,0.90121907,0.9003802,4.83213392,1.9698,21.9965479
199432,4646620708869,0,0,189.57127,59.734226,2.527271,2.529491,-3.52671622,1.74756,22.1790141
199466,4040470062983,2784,1,189.7088,59.685673,0.7278572,0.7255272,0.63591064,-1.16562,21.8092389
199679,3838420012031,0,0,189.88092,59.71807,0.39492133,0.3921702,5.84547463,0.7782,21.4750946
199879,4040470062983,2008,1,189.72745,59.644943,0.7440295,0.7255272,1.20039105,-3.60942,22.1586214
200108,4343560852238,0,0,189.71964,59.74687,1.5513372,1.5494992,0.96400542,2.5062,20.6192678
200146,4040470064337,0,0,189.8267,59.699635,0.72862566,0.7304125,4.20439538,-0.3279,19.1892413
200420,4242531011862,0,0,189.70258,59.65423,1.2982318,1.2980537,0.447649613,-3.0522,22.3311711
200460,3838420219307,13,1,189.7517,59.756935,0.4305272,0.42865527,1.93436692,3.1101,22.0151777
200739,4545600862613,0,0,189.75389,59.729362,2.1911452,2.1891212,2.00065175,1.45572,22.1101208
200754,3636370208673,8,1,189.70241,59.665413,0.14966923,0.14846638,0.442504215,-2.38122,20.2451988
200841,4040470062341,105,1,189.7552,59.72989,0.72860616,0.72494054,2.04030158,1.4874,19.7083389
200842,4040470062983,455,1,189.70366,59.70704,0.72911286,0.7255272,0.480338023,0.1164,18.9815471
200868,4040480806965,10,1,189.5051,59.678886,0.834212,0.83564246,-5.52948666,-1.57284,21.7917305
201049,4040470062983,1065,1,189.6667,59.696396,0.7259196,0.7255272,-0.638332004,-0.52224,20.0656837
201087,4040480863781,0,0,189.71895,59.704666,0.8416948,0.8427816,0.943121159,-0.02604,21.2486808
201135,4343550893720,0,0,189.85233,59.634262,1.5171336,1.5155095,4.98013978,-4.25028,21.0470206
201149,4343560983908,0,0,189.8678,59.672974,1.6015298,1.6021887,5.44837098,-1.92756,21.2765831
202292,3636370120363,0,0,189.87718,59.795006,0.13471796,0.13528724,5.73227587,5.39436,21.0458222
202294,3636370138661,0,0,189.58894,59.80487,0.14905542,0.14807536,-2.99189751,5.9862,21.8722741
202315,3636390495310,0,0,189.6086,59.617737,0.21980385,0.22057655,-2.39684739,-5.24178,18.4856441
202937,4242530115219,4,1,189.57704,59.800415,1.203052,1.2026395,-3.35207536,5.7189,22.3915136
203118,4040470486513,6,1,189.73447,59.605186,0.7323218,0.73691803,1.41286572,-5.99484,22.2240241
203148,3837420286878,48,1,189.62767,59.674423,0.3918893,0.389914,-1.81965482,-1.84062,21.9878127
203219,3838440658786,0,0,189.67087,59.66942,0.4969348,0.49663827,-0.512118421,-2.1408,18.1676908
203347,4040470062983,2551,1,189.52458,59.694603,0.7319067,0.7255272,-4.9398846,-0.62982,19.6244776
203536,3838430100320,0,0,189.75885,59.6559,0.43796116,0.43682432,2.1507763,-2.952,20.7692352
203619,4343560873091,0,0,189.84897,59.63259,1.569622,1.5740404,4.8784425,-4.3506,21.8802209
203996,4040470534494,0,0,189.63924,59.782654,0.7444912,0.7468394,-1.46946509,4.65324,21.7855972
204148,4040470063130,0,0,189.62881,59.648277,0.72410524,0.7268023,-1.78515038,-3.40938,18.7058657
204342,3838420015440,0,0,189.70384,59.769566,0.39667913,0.39542088,0.485786091,3.86796,21.3102729
204550,3636370020003,0,0,189.64697,59.624714,0.12408634,0.12308383,-1.23550082,-4.82316,15.0807782
204571,4242520029419,0,0,189.76349,59.65793,1.1396229,1.1406028,2.29121539,-2.8302,20.6326133
205086,3737410400207,0,0,189.60564,59.75158,0.34269524,0.3426757,-2.48643784,2.7888,21.6391594
205238,3737400062186,0,0,189.71126,59.70602,0.27204365,0.27242514,0.710367574,0.0552,21.7215993
205441,4141500686141,0,0,189.83705,59.73831,0.9970003,0.9977398,4.51765931,1.9926,21.6159371
206477,4040470487744,0,0,189.83977,59.648808,0.735942,0.74030256,4.59998568,-3.37752,21.8160164
206701,3838440686786,0,0,189.68631,59.68144,0.5060173,0.50434506,-0.0447952283,-1.4196,18.3137661
207480,3838430117481,0,0,189.59462,59.73425,0.44442418,0.4467125,-2.81998069,1.749,21.2354637
207841,4343540491361,0,0,189.76118,59.63771,1.3660557,1.3646666,2.22129852,-4.0434,21.9387645
208076,4040470064477,119,1,189.72792,59.623413,0.72696465,0.7312106,1.21461656,-4.90122,18.9425318
208088,4040480101213,12,1,189.7975,59.640213,0.77915585,0.780225,3.32059763,-3.89322,22.1439677
208235,4343560972220,48,1,189.86618,59.724167,1.5835835,1.5818219,5.39933837,1.14402,21.6517907
208285,4141510914882,0,0,189.81332,59.672394,1.0700526,1.0652438,3.79942231,-1.96236,19.9640599
208544,3838430112409,0,0,189.57484,59.736866,0.43808427,0.4408143,-3.41866286,1.90596,22.3898716
208801,3737410803620,0,0,189.59256,59.778526,0.3428677,0.34482682,-2.88233081,4.40556,17.2358506
209082,4544590215778,0,0,189.61499,59.780663,1.9456828,1.9419498,-2.20344096,4.53378,22.3768704
209143,3636390389459,157,1,189.77008,59.686256,0.2104669,0.21353468,2.49067523,-1.13064,20.3986798
209144,3636390389459,165,1,189.77417,59.699066,0.21133384,0.21353468,2.61446745,-0.36204,19.8051932
209234,4343550822215,3,1,189.74571,59.716644,1.4765177,1.4759779,1.75306731,0.69264,22.0943802
209271,4040470062983,1791,1,189.57906,59.718163,0.7284476,0.7255272,-3.29093593,0.78378,18.533635
209765,3636370208738,152,1,189.57191,59.77586,0.14708033,0.14851473,-3.50734531,4.2456,17.2754439
210308,4242520245474,0,0,189.5619,59.63524,1.1965442,1.1963232,-3.81031844,-4.1916,21.0748587
210583,4646630875137,0,0,189.78156,59.688194,2.7284539,2.7267106,2.83814092,-1.01436,22.3320852
210620,4040470062983,1074,1,189.69533,59.69216,0.7314643,0.7255272,0.228213528,-0.7764,20.6270631
210857,4141500688430,0,0,189.55974,59.737732,1.0038463,1.0046088,-3.87569526,1.95792,22.1779056
210912,4040480796491,13,1,189.72517,59.661514,0.8301898,0.83104163,1.13138219,-2.61516,21.9663104
211603,4040470064477,168,1,189.75876,59.629463,0.7278824,0.7312106,2.14805227,-4.53822,22.0744684
211612,4040470571762,0,0,189.821,59.611794,0.772186,0.77169746,4.03187322,-5.59836,22.3383076
211641,3636390389459,175,1,189.78558,59.69295,0.21331479,0.21353468,2.95981444,-0.729,18.2993925
212100,4040470062983,1256,1,189.85118,59.747814,0.7338873,0.7255272,4.94533267,2.56284,22.2316707
212452,4242520239248,0,0,189.68936,59.679688,1.1910099,1.1892054,0.0475192625,-1.52472,21.9939815
212666,4040480099999,0,0,189.80147,59.710373,0.7791313,0.77974707,3.44075781,0.31638,20.8209823
213193,4140490767019,52,1,189.51735,59.700424,0.904636,0.9013224,-5.15871535,-0.28056,21.9169086
213340,3838430099943,0,0,189.82045,59.77291,0.43437913,0.4328983,4.01522634,4.0686,17.0373689
213355,3838440748629,0,0,189.8184,59.64807,0.5211072,0.5207028,3.9531789,-3.4218,20.9252561
213590,4343550864705,0,0,189.85635,59.63481,1.4769654,1.477169,5.1018133,-4.2174,21.6209921
213849,4343550145612,0,0,189.60483,59.764957,1.4338069,1.4366137,-2.51095415,3.59142,21.9566924
213949,3636380229521,0,0,189.8429,59.770306,0.18341371,0.18325219,4.69472153,3.91236,20.1491138
214013,3837420286878,0,0,189.65,59.694206,0.39218795,0.389914,-1.14379167,-0.65364,18.611409
214070,3636370208738,51,1,189.7671,59.636276,0.14716612,0.14851473,2.40047943,-4.12944,22.2113364
214071,3636370208738,456,1,189.64893,59.734615,0.14749323,0.14851473,-1.17617741,1.7709,21.8243438
214541,4646620096276,0,0,189.87195,59.79415,2.4029574,2.4110434,5.57397922,5.343,22.2654703
214687,4140490753256,0,0,189.57185,59.780067,0.89546436,0.8908759,-3.50916133,4.49802,22.2675757
214689,4140490755987,11,1,189.73488,59.738472,0.902055,0.9001972,1.4252752,2.00232,20.2120412
214733,4141510945049,0,0,189.78297,59.621758,1.0876876,1.0888821,2.88081745,-5.00052,21.8133583
214771,3737400005347,0,0,189.8607,59.717163,0.26128712,0.26144058,5.23347495,0.72378,21.8716157
214796,4242520217456,0,0,189.79005,59.66361,1.1751215,1.1734332,3.09510814,-2.4894,22.4724682
214814,4242530786704,29,1,189.82176,59.606476,1.2200471,1.2231274,4.05487617,-5.91744,20.7668342
214879,4141510923143,0,0,189.51065,59.699318,1.0753074,1.0733814,-5.36150456,-0.34692,20.8195346
215595,4545590572105,0,0,189.49733,59.666447,2.024285,2.020794,-5.76466161,-2.31918,22.2792351
216084,4040470062251,36,1,189.80956,59.74866,0.72720444,0.7251441,3.68561821,2.6136,19.4766373
216122,4040470062233,0,0,189.8414,59.71289,0.73063487,0.72477067,4.64932096,0.4674,19.4301156
216128,4040470556963,99,1,189.72206,59.65322,0.74866545,0.7514124,1.03725167,-3.1128,19.3825163
216257,3838440747024,0,0,189.50262,59.742554,0.5170097,0.51710916,-5.60454894,2.24724,21.8663464
216448,4040470064477,283,1,189.6717,59.682922,0.72529197,0.7312106,-0.486996773,-1.33068,20.5712048
216642,4242540405904,0,0,189.75192,59.764175,1.3127192,1.3128496,1.94102567,3.5445,21.6706648
216658,4747640176470,0,0,189.56448,59.703247,2.8914425,2.890387,-3.73222946,-0.11118,22.4788113
216769,4545600058722,0,0,189.55908,59.63848,2.0721664,2.0749376,-3.89567151,-3.9972,21.8007911
216985,3838420220085,0,0,189.63737,59.77661,0.43210074,0.43095374,-1.52606447,4.2906,19.0847609
217111,4241510758158,0,0,189.54192,59.805008,1.0968289,1.0956535,-4.41505402,5.99448,22.1783113
217280,3838440841083,0,0,189.8754,59.754803,0.535297,0.53195363,5.67840053,2.98218,22.4403542
217381,4040470062225,0,0,189.73859,59.710533,0.72577477,0.7246793,1.53756595,0.32598,22.3554844
217540,4040470064477,372,1,189.69019,59.622124,0.7304093,0.7312106,0.0726409108,-4.97856,19.1841939
217878,3838430130101,0,0,189.6179,59.735382,0.44439653,0.44691515,-2.11536386,1.81692,21.6211695
218019,4040470064656,0,0,189.72623,59.631634,0.7290119,0.7331284,1.16346525,-4.40796,21.5452551
218217,4040470057180,0,0,189.54514,59.68331,0.726476,0.7290586,-4.31759414,-1.3074,22.1816025
218477,3838440746203,205,1,189.74652,59.779465,0.51320887,0.51248974,1.77758362,4.4619,18.3317105
218800,4646620085198,27,1,189.58165,59.630928,2.4083438,2.411173,-3.21254428,-4.45032,22.2568097
218937,4040470006135,0,0,189.7975,59.64032,0.7185361,0.71620333,3.32059763,-3.8868,22.092792
218944,4040470062910,39,1,189.71614,59.642475,0.7279979,0.72527695,0.858070759,-3.7575,19.3537288
218970,4040480864485,0,0,189.70418,59.640892,0.84843564,0.8491384,0.496076887,-3.85248,21.8343159
218998,4646620084467,0,0,189.65234,59.624718,2.3958821,2.397737,-1.07296679,-4.82292,22.2884006
219213,4040470062251,5,1,189.77158,59.755623,0.72856855,0.7251441,2.5360758,3.03138,20.1793396
219214,4040470062983,89,1,189.60884,59.70833,0.73147964,0.7255272,-2.38958329,0.1938,21.8202574
219317,4646620884268,0,0,189.87372,59.621895,2.5537708,2.557222,5.62755189,-4.9923,22.3854386
219564,3636380850904,0,0,189.76004,59.614586,0.20439734,0.20337579,2.18679409,-5.43084,20.7221328
219810,3838430099943,68,1,189.78073,59.77035,0.43380445,0.4328983,2.81301927,3.915,21.7330647
219842,3838430099925,0,0,189.85092,59.772945,0.43589464,0.4325829,4.93746324,4.0707,21.5737985
220307,3939450216451,0,0,189.71323,59.624443,0.606009,0.608553,0.769993654,-4.83942,19.1752205
220693,4040470062341,30,1,189.74149,59.732765,0.72854644,0.72494054,1.62534038,1.6599,21.8709914
220925,4140490754769,0,0,189.57605,59.745445,0.89661354,0.8920968,-3.38203974,2.4207,22.4572418
221071,4646620692046,0,0,189.7003,59.63047,2.4887896,2.4897137,0.378640748,-4.4778,21.6941331
221644,4040470054184,2,1,189.61208,59.76071,0.72958225,0.72383654,-2.29151807,3.3366,22.0486454
221648,4040470062341,131,1,189.74718,59.732716,0.7287677,0.72494054,1.79755987,1.65696,19.4160728
221649,4040470062341,186,1,189.74455,59.747772,0.72868097,0.72494054,1.71795754,2.56032,19.6360754
221668,4040480788207,23,1,189.59084,59.76832,0.82827115,0.8287689,-2.93439013,3.7932,21.164555
221693,4444570235058,23,1,189.5301,59.770737,1.741827,1.7438872,-4.77281051,3.93822,21.1524156
221762,4242520194779,0,0,189.6361,59.69928,1.1589167,1.1586432,-1.56450362,-0.3492,20.4879408
221794,4242530980087,0,0,189.55841,59.6058,1.2736048,1.2746494,-3.91595043,-5.958,22.2933202
222211,4343550071294,0,0,189.86084,59.77355,1.4299222,1.429683,5.23771234,4.107,21.2709149
222276,4242520239504,0,0,189.6823,59.626083,1.1902239,1.191053,-0.166166083,-4.74102,22.2430037
222330,4040470064477,87,1,189.71196,59.66185,0.7253955,0.7312106,0.731554506,-2.595,20.3359358
222352,4040480796040,1,1,189.76907,59.690926,0.8251055,0.8257069,2.46010551,-0.85044,21.4934748
222410,3737400534012,0,0,189.5096,59.61606,0.3016214,0.30212605,-5.39328496,-5.3424,21.1375525
222563,4040470005515,0,0,189.84625,59.75339,0.71240747,0.7114141,4.79611614,2.8974,21.0432944
222627,4242530800587,0,0,189.67088,59.696487,1.2279533,1.2311455,-0.511815751,-0.51678,22.0262677
222739,3838430784027,0,0,189.76825,59.647385,0.46590278,0.46870294,2.43528653,-3.4629,19.5433062
223060,3939440125585,0,0,189.66914,59.73351,0.54834807,0.54660964,-0.564480411,1.7046,21.7323462
223118,4141500115721,71,1,189.68192,59.787346,0.9640764,0.9652814,-0.177667561,4.93476,21.3453605
223131,4141510915070,0,0,189.73592,59.686665,1.070108,1.066436,1.45675293,-1.1061,22.2760404
223181,3737400013671,0,0,189.49886,59.68283,0.26424348,0.26451254,-5.71835303,-1.3362,19.707776
223519,3737410400505,0,0,189.50807,59.62245,0.3431654,0.34321183,-5.43959354,-4.959,19.327668
223626,4141500010477,0,0,189.87292,59.75911,0.9380427,0.9368838,5.60333826,3.2406,20.5368684
224172,3838430806027,7,1,189.69348,59.76799,0.4949905,0.4949488,0.172219493,3.7734,21.2328512
224482,4242530911006,0,0,189.66678,59.626564,1.2520809,1.2537574,-0.63591064,-4.71216,21.6468674
224617,4040470062910,11,1,189.69629,59.640587,0.7288349,0.72527695,0.257269892,-3.87078,21.5139073
224763,4040470062983,2327,1,189.8176,59.732464,0.73058224,0.7255272,3.92896526,1.64184,20.2940207
224771,4040470565476,8,1,189.55464,59.745354,0.75570756,0.7586334,-4.0300572,2.41524,22.2322604
224877,4040470063297,0,0,189.56963,59.631912,0.72660667,0.72925603,-3.57635417,-4.39128,20.4006451
224978,3838440747028,0,0,189.64069,59.67995,0.5173518,0.51701796,-1.42557787,-1.509,21.5000072
225146,3838430130127,0,0,189.52364,59.757286,0.44627026,0.44827062,-4.96833563,3.13116,21.8386342
225224,4040470062983,1299,1,189.66797,59.70906,0.7286856,0.7255272,-0.599892855,0.2376,18.102011
225256,4040480807020,0,0,189.54501,59.653313,0.8343401,0.8365191,-4.32152885,-3.10722,21.3169324
225257,4040480807830,5,1,189.78949,59.722225,0.84075946,0.84244436,3.0781586,1.0275,21.9759336
225552,4141510914539,23,1,189.61713,59.73279,1.0677114,1.062642,-2.13866948,1.6614,22.4885118
225596,3737410886690,3,1,189.85841,59.614803,0.3669352,0.3681992,5.16416342,-5.41782,22.1598004
225597,3737410886923,0,0,189.77507,59.651478,0.3686773,0.37098587,2.64170779,-3.21732,20.1282553
226314,4242530990096,0,0,189.6454,59.763245,1.2794992,1.2808377,-1.28302009,3.4887,21.4306516
226833,4343560872137,0,0,189.74849,59.709976,1.5648434,1.5682571,1.8372097,0.29256,22.0052253
226885,4242530992426,0,0,189.6563,59.77249,1.2978256,1.2982424,-0.953109284,4.0434,22.249787
227177,4040470064477,166,1,189.66827,59.62702,0.72807854,0.7312106,-0.590812741,-4.6848,22.3524763
227219,4545600058393,16,1,189.78297,59.664246,2.069406,2.0703301,2.88081745,-2.45124,22.4575319
227437,4040470064264,241,1,189.52391,59.729557,0.72554266,0.7310335,-4.96016353,1.46742,20.1735154
227509,4040470064330,0,0,189.85469,59.702675,0.7265437,0.73009604,5.05157001,-0.1455,22.1898372
227910,4040480796040,32,1,189.77438,59.677814,0.824869,0.8257069,2.62082353,-1.63716,21.3518605
228473,3838440833914,162,1,189.49692,59.787266,0.5317273,0.530603,-5.7770711,4.92996,20.4421062
228706,4242530589550,0,0,189.50684,59.728737,1.2074581,1.2085233,-5.476822,1.41822,22.267701
229124,3636370020003,2,1,189.70908,59.61621,0.124402985,0.12308383,0.644385413,-5.3334,18.5211163
229161,4040470062983,1656,1,189.77748,59.695858,0.73145264,0.7255272,2.71465137,-0.55452,21.2717999
229181,4040490380692,0,0,189.6072,59.79052,0.8496779,0.85094446,-2.43922125,5.1252,21.3373703
229208,3838430100298,3,1,189.87482,59.606308,0.43449694,0.4352588,5.66084564,-5.92752,20.5889235
229230,3838440658992,0,0,189.61203,59.66319,0.4985365,0.49790668,-2.29303142,-2.5146,21.2658776
229429,3838430099944,0,0,189.78575,59.768715,0.43492666,0.43315414,2.96495984,3.8169,20.2218299
229628,4140490755987,198,1,189.73756,59.76172,0.90481585,0.9001972,1.50639089,3.3972,22.2182035
229906,4646620709732,103,1,189.6141,59.705414,2.5238152,2.5338438,-2.23037863,0.01884,21.6767755
230049,3636390389422,0,0,189.77089,59.753143,0.21098879,0.21330804,2.51519154,2.88258,18.821358
230413,3838430099943,166,1,189.81259,59.775826,0.43437523,0.4328983,3.77732736,4.24356,22.3204265
230507,4242520032501,0,0,189.77203,59.718285,1.1405452,1.1405267,2.54969597,0.7911,20.5933856
230731,4040470005548,3,1,189.73863,59.672634,0.71243083,0.71118283,1.53877663,-1.94796,21.4211881
230736,4040470062341,32,1,189.71835,59.73816,0.72906,0.72494054,0.924960931,1.9836,19.7645784
230759,4040480796262,0,0,189.8803,59.664284,0.8295448,0.8312053,5.82670906,-2.44896,21.4943474
230771,4040470062983,1435,1,189.7253,59.713875,0.72753614,0.7255272,1.1353169,0.5265,22.1168587
230793,4040480787574,0,0,189.68593,59.693836,0.82510066,0.8264831,-0.0562967059,-0.67584,20.9382315
230856,4343560857421,0,0,189.68816,59.759567,1.562848,1.5647221,0.0111988071,3.26802,22.4146949
230974,4343550890804,57,1,189.72908,59.704235,1.5147688,1.5122691,1.24972634,-0.0519,22.0923705
231197,4040470063291,64,1,189.62569,59.61271,0.72638303,0.72861695,-1.87958357,-5.5434,20.011876
231257,3939450642551,0,0,189.79744,59.774437,0.6198352,0.6197369,3.31878161,4.16022,20.8604765
231262,3939460663679,0,0,189.53096,59.77762,0.635953,0.635682,-4.74678085,4.3512,19.2168833
231273,3939460884841,0,0,189.66888,59.727863,0.67779917,0.6791352,-0.572349843,1.36578,21.1676513
231595,4040470058924,0,0,189.85023,59.616615,0.72740674,0.7229993,4.91657898,-5.3091,20.9373487
231603,4040470062983,717,1,189.65704,59.659454,0.7389821,0.7255272,-0.93071167,-2.73876,21.1023898
231648,4444570011198,0,0,189.83598,59.608498,1.6631674,1.662689,4.48527357,-5.79612,21.5792005
231788,4444580921904,0,0,189.64229,59.75305,1.8614762,1.8597685,-1.3771506,2.877,21.9833263
232083,3939460664158,0,0,189.76465,59.770206,0.6408338,0.6412186,2.32632517,3.90636,22.282715
232094,3939460884688,0,0,189.51614,59.675453,0.6755547,0.67671716,-5.19533847,-1.77882,20.2222256
232263,4140490755987,145,1,189.71748,59.786522,0.9033477,0.9001972,0.898628601,4.88532,21.9231313
232686,4040470565710,6,1,189.54298,59.792076,0.759036,0.7630709,-4.38297096,5.21856,21.8012015
232764,4040470062983,794,1,189.60124,59.727814,0.7286567,0.7255272,-2.61961285,1.36284,21.7476554
232868,3636380638456,0,0,189.78377,59.722466,0.18363121,0.1828885,2.90503109,1.04196,18.1311594
233777,3939450101588,7,1,189.59998,59.761818,0.5876052,0.5852645,-2.65774932,3.40308,21.3811038
234163,3939450216357,0,0,189.71669,59.792847,0.60758233,0.6094696,0.874717634,5.26482,22.3999828
234535,4646620084745,0,0,189.72908,59.660416,2.4077961,2.4059584,1.24972634,-2.68104,21.8733558
234732,4343550059871,0,0,189.82884,59.76111,1.4174678,1.4168787,4.26916686,3.3606,21.6585446
234877,4242530916510,0,0,189.75952,59.61824,1.2669352,1.2690424,2.17105522,-5.2116,21.2236114
234969,4343550822242,0,0,189.69293,59.69729,1.4776268,1.4790703,0.155572617,-0.4686,22.1713591
235093,4343560853174,180,1,189.70213,59.799496,1.5641277,1.5603367,0.434029442,5.66376,22.3795686
235160,3636380638461,2,1,189.71446,59.657394,0.18347426,0.18338716,0.807222121,-2.86236,22.4300446
235361,3838430099943,79,1,189.8425,59.783024,0.43511868,0.4328983,4.68261471,4.67544,21.4778095
235457,4040470062983,1856,1,189.66196,59.718987,0.7311264,0.7255272,-0.781797802,0.83322,21.5649562
235506,4242520241043,6,1,189.60555,59.687542,1.1936781,1.1945307,-2.48916188,-1.05348,22.305937
235531,4242540406103,0,0,189.77077,59.64987,1.3162149,1.3176466,2.51155949,-3.3138,22.4271031
235692,3939460656010,0,0,189.6358,59.6724,0.63023776,0.6307563,-1.57358373,-1.962,20.3433584
235899,4141510944645,213,1,189.87488,59.666847,1.0908538,1.0877839,5.66266167,-2.29518,21.7245722
236035,4040470062251,6,1,189.85138,59.784,0.72622037,0.7251441,4.95138608,4.734,21.1992342
236151,4343560869650,0,0,189.7296,59.6381,1.5627815,1.5628802,1.2654652,-4.02,22.0497189
236340,3838440686786,21,1,189.67937,59.672302,0.50638974,0.50434506,-0.254848529,-1.96788,22.4013122
236447,4040480101213,3,1,189.79929,59.64027,0.77888304,0.780225,3.37477565,-3.8898,21.4210848
236732,4343550888914,0,0,189.73132,59.62986,1.4966263,1.4975038,1.31752452,-4.5144,22.1133711
236943,4040470062983,816,1,189.87143,59.660744,0.72943187,0.7255272,5.55824036,-2.66136,21.1614351
236951,4040470565770,0,0,189.56406,59.711494,0.7625504,0.7646568,-3.74494162,0.38364,22.3697342
236986,4040470062251,0,0,189.8024,59.743065,0.7269935,0.7251441,3.46890616,2.2779,18.5027113
237051,4343550821515,0,0,189.80276,59.680893,1.4693729,1.4690988,3.4798023,-1.45242,22.0163505
237109,3838440746343,67,1,189.56192,59.725296,0.50980425,0.5126503,-3.8097131,1.21176,21.4800514
237509,4242520217240,0,0,189.75273,59.797127,1.1670405,1.1665916,1.96554198,5.52162,21.1934638
237584,4242530808016,0,0,189.79077,59.676987,1.2499063,1.2524215,3.11690041,-1.68678,22.2285798
237875,3838420220112,0,0,189.75815,59.78576,0.43332097,0.43105105,2.12958937,4.8396,22.3666332
238212,4242530802426,0,0,189.67033,59.77176,1.2374164,1.2392633,-0.528462626,3.9996,21.4190827
238340,4040470062983,78,1,189.74889,59.706398,0.7323563,0.7255272,1.84931652,0.07788,19.1272661
238585,4040470059130,0,0,189.7876,59.61693,0.7260016,0.7253262,3.02095388,-5.2902,20.1025585
238804,4141500687902,30,1,189.54286,59.63578,0.99948883,0.99907744,-4.386603,-4.1592,20.5954232
239171,3838430099911,56,1,189.78745,59.778,0.4354458,0.43235788,3.01641382,4.374,20.728521
239188,3838440745885,6,1,189.6852,59.639442,0.5113142,0.5113964,-0.0783916496,-3.93948,22.0030089
239637,4040470062983,2481,1,189.7009,59.664825,0.7245077,0.7255272,0.396800975,-2.4165,20.8808002
239894,3636370208738,154,1,189.62029,59.765015,0.14975598,0.14851473,-2.04302562,3.5949,22.4600402
239934,4141500910215,0,0,189.67957,59.78721,1.0042777,1.0050879,-0.248795119,4.9266,20.0673453
240081,3636370135717,0,0,189.84656,59.614353,0.14485869,0.14407516,4.80549892,-5.44482,21.9887314
240100,4040470062983,1476,1,189.71074,59.770744,0.7301547,0.7255272,0.69462871,3.93864,18.2799255
240240,4040470062405,0,0,189.61658,59.74389,0.7260422,0.72514576,-2.15531636,2.3274,18.8208629
240242,4040470062983,584,1,189.731,59.762287,0.731059,0.7255272,1.30783906,3.43122,21.6729732
240243,4040470062983,2128,1,189.70932,59.75851,0.73031974,0.7255272,0.651649504,3.2046,22.4184258
240586,4040470062311,13,1,189.8316,59.732292,0.7284908,0.7250021,4.35270391,1.63152,22.3320969
240938,4242520245440,0,0,189.53978,59.671974,1.1976483,1.1954174,-4.4798255,-1.98756,21.570902
242140,4141500064623,0,0,189.52165,59.64994,0.9435562,0.9438799,-5.02856705,-3.3096,22.431106
242333,3737400005352,0,0,189.61769,59.69239,0.26175916,0.26181787,-2.12171994,-0.7626,18.5486315
242610,3737400517382,0,0,189.86858,59.64508,0.29761747,0.29829913,5.47197928,-3.6012,20.6487838
242655,3838440746842,6,1,189.68456,59.6609,0.5163108,0.51598835,-0.0977625591,-2.652,21.9068076
242828,4242520245444,36,1,189.54292,59.662483,1.1951071,1.1957214,-4.38478698,-2.55702,20.6736431
243022,4141490515799,0,0,189.81277,59.689976,0.90175945,0.89683765,3.78277543,-0.90744,19.9666259
243682,4141490516238,0,0,189.72939,59.664963,0.9018733,0.9010199,1.25910912,-2.40822,21.6875393
243705,4141500226380,0,0,189.79272,59.79415,0.9748889,0.974666,3.17592115,5.343,21.0582618
243794,4040470063130,21,1,189.62115,59.658943,0.7223856,0.7268023,-2.01699596,-2.76942,20.600235
243868,3838420218001,0,0,189.53555,59.63565,0.4270668,0.42604563,-4.60785511,-4.167,21.4299779
244237,4545600117527,0,0,189.58815,59.79486,2.0950613,2.0924704,-3.01580848,5.3856,22.3102095
244414,3838440745997,11,1,189.71709,59.68003,0.513213,0.51308733,0.886824453,-1.5042,21.6817099
244579,4242520032731,14,1,189.88254,59.637787,1.1431965,1.1447254,5.89450724,-4.03878,22.0284002
244583,4242520092363,0,0,189.6484,59.624195,1.1520779,1.1524185,-1.19221895,-4.8543,21.9385779
244591,4242520238403,0,0,189.53835,59.66992,1.1855867,1.1842345,-4.52310738,-2.1108,21.1292849
244600,4242530608033,4,1,189.61761,59.792717,1.2271936,1.2301749,-2.1241413,5.25702,20.4891203
244933,4242530807896,15,1,189.72621,59.65941,1.2446576,1.2488403,1.16285991,-2.7414,22.1309975
245079,3838440745815,0,0,189.53665,59.63619,0.5127277,0.5112552,-4.57456136,-4.1346,22.1508169
245235,4242520240919,0,0,189.59996,59.767746,1.1928892,1.1930058,-2.65835466,3.75876,22.0225905
245380,3636390389459,173,1,189.71626,59.710243,0.2131691,0.21353468,0.861702804,0.30858,21.3460893
245403,3838430132250,0,0,189.5651,59.62056,0.45105115,0.45302883,-3.71346389,-5.0724,18.1780549
245419,3838440658771,0,0,189.72139,59.656143,0.49757403,0.4963065,1.01697275,-2.93742,22.2130603
245731,4140490755987,298,1,189.75638,59.749817,0.90338105,0.9001972,2.0760167,2.68302,20.8831279
245797,4141510923000,15,1,189.55362,59.679165,1.0719861,1.0696617,-4.06092958,-1.5561,22.065658
245798,4141510927064,0,0,189.51863,59.66073,1.0887172,1.0862066,-5.11997353,-2.6622,22.4932459
245853,3838420127252,30,1,189.82793,59.738796,0.41492394,0.4145783,4.24162385,2.02176,20.1398237
246022,4343560857265,0,0,189.52733,59.766876,1.5627793,1.5644199,-4.85665023,3.70656,22.3924164
246029,4343560980324,0,0,189.52829,59.77307,1.59726,1.5972569,-4.82759386,4.0782,22.3787335
246152,4343560791009,0,0,189.597,59.611053,1.5479232,1.5424432,-2.74794512,-5.64282,22.208687
246665,4040470062983,2491,1,189.69138,59.747814,0.7257669,0.7255272,0.108658696,2.56284,20.6675652
246752,4040470064477,275,1,189.62599,59.633736,0.73108053,0.7312106,-1.87050345,-4.28184,20.75243
247105,4141500105444,0,0,189.77075,59.669464,0.95594174,0.95574474,2.51095415,-2.13816,21.966608
247188,4141510923000,17,1,189.56268,59.669365,1.0703238,1.0696617,-3.78671015,-2.1441,22.4728417
247229,4040470062983,2332,1,189.66783,59.702232,0.72990847,0.7255272,-0.604130241,-0.17208,18.5922706
247269,3636380839146,0,0,189.69725,59.787895,0.19168116,0.19182862,0.286326257,4.9677,22.2016412
247679,4040480676517,0,0,189.65552,59.712017,0.8062601,0.80708164,-0.97671758,0.41502,21.8601394
247694,4140490755987,356,1,189.70473,59.772354,0.9001117,0.9001972,0.512723762,4.03524,21.5384469
247903,4040470064638,7,1,189.70271,59.60562,0.72874564,0.7324279,0.451584329,-5.9688,20.999565
248392,3636370020007,2,1,189.59496,59.610626,0.12352505,0.12319586,-2.8096899,-5.66844,22.4181987
248475,4343550821696,0,0,189.82022,59.707115,1.4698786,1.4702574,4.00826492,0.1209,21.8346401
248681,3636370020003,8,1,189.5626,59.65852,0.12374361,0.12308383,-3.78913151,-2.7948,21.6112256
248789,4040470063194,146,1,189.69223,59.673397,0.71933556,0.72735864,0.134385685,-1.90218,21.672997
248805,4040480102282,0,0,189.56717,59.774387,0.7885414,0.7890918,-3.65081111,4.15722,20.3954224
248824,4040480806987,0,0,189.50456,59.67801,0.83347523,0.83632064,-5.54583087,-1.6254,22.3217354
248920,4343550890804,0,0,189.71907,59.719414,1.5135934,1.5122691,0.946753204,0.85884,20.3184318
249130,4040490446955,1,1,189.51534,59.674812,0.8816264,0.88091224,-5.21955211,-1.81728,21.0772969
249204,3737390417571,0,0,189.69446,59.69175,0.25194785,0.2524563,0.201881198,-0.801,22.2766829
249437,4242530990825,0,0,189.79706,59.72966,1.2814252,1.2819574,3.30728013,1.4736,21.1135987
249569,4343540497072,0,0,189.8447,59.76376,1.3791802,1.3781965,4.74920221,3.5196,22.1124824
249744,3737410400106,53,1,189.83221,59.66307,0.34083563,0.33994228,4.37116681,-2.5218,19.8234801
249860,4040470056621,0,0,189.8502,59.765907,0.7234413,0.72634405,4.91567097,3.64842,20.9738661
249864,4040470063253,5,1,189.55017,59.62744,0.72275484,0.7279366,-4.16535089,-4.6596,20.8983164
249930,4343550822215,4,1,189.73096,59.71592,1.4721477,1.4759779,1.30662838,0.6492,22.0637804
249967,3737410400096,0,0,189.87286,59.70536,0.3395793,0.34002733,5.60152223,0.0156,19.271757
249985,3838420194438,0,0,189.53665,59.800236,0.4264952,0.42565835,-4.57456136,5.70816,21.7014123
250049,4646620097659,0,0,189.52441,59.731117,2.4196615,2.4237309,-4.94503,1.56102,22.4413896
250129,4343560857325,0,0,189.6428,59.803482,1.5649234,1.5632825,-1.36171441,5.90292,21.9107226
250815,4141490516077,0,0,189.806,59.776566,0.89984554,0.90013003,3.57786753,4.28796,22.3695491
250894,4242520009011,0,0,189.62885,59.723053,1.1153213,1.1142042,-1.7839397,1.07718,20.1886028
251003,4242540405760,0,0,189.5336,59.749855,1.3140023,1.3139441,-4.66687585,2.6853,22.4596986
251038,4646630347185,0,0,189.55788,59.621796,2.5772238,2.5793045,-3.93199197,-4.99824,22.3773372
251057,3939440131846,149,1,189.50021,59.790386,0.5526301,0.55004895,-5.67749252,5.11716,22.194562
251311,4444580831531,0,0,189.56464,59.72412,1.8159477,1.8167461,-3.72738674,1.1412,22.3912192
251344,3939450216298,0,0,189.58937,59.78833,0.6066662,0.6072123,-2.97888268,4.9938,22.0333561
251566,3939450205240,0,0,189.50075,59.669296,0.60160905,0.6017446,-5.66114831,-2.14824,20.5114677
251855,3939450010844,0,0,189.70325,59.788284,0.5727392,0.5723383,0.467928534,4.99104,21.1116957
252112,3939460892280,11,1,189.62033,59.62474,0.6782936,0.68218845,-2.04181493,-4.8216,21.7979832
252224,4040490443239,0,0,189.88004,59.66541,0.8767388,0.87436205,5.81883963,-2.3814,20.8994041
252226,4040490447440,0,0,189.85956,59.750977,0.88338953,0.882432,5.19897052,2.75262,20.5078502
252409,4141500661091,0,0,189.56844,59.66771,0.9919002,0.991363,-3.61237196,-2.2434,20.7927026
252462,4141500661538,0,0,189.8107,59.71315,0.9944929,0.9937266,3.72012264,0.483,22.4784562
252756,4040470062983,1309,1,189.7723,59.770863,0.7268307,0.7255272,2.55786807,3.94578,21.6311009
252789,4040490447365,0,0,189.80452,59.73903,0.8850707,0.881778,3.5330723,2.0358,22.0453158
253047,4141500115046,37,1,189.56586,59.788704,0.96318835,0.96454483,-3.69046094,5.01624,21.9525864
253119,4242530916309,0,0,189.72728,59.7732,1.2664192,1.2666178,1.19524565,4.086,22.3795369
253153,4040470062983,1088,1,189.68925,59.704712,0.729917,0.7255272,0.0441898874,-0.02328,20.8059508
253459,4141510924394,1,1,189.78127,59.681847,1.0757284,1.0720907,2.82936348,-1.39518,19.9949224
253508,4646620709380,0,0,189.72961,59.70276,2.5309963,2.5321853,1.26576787,-0.1404,22.2617589
254333,4040470062983,2397,1,189.74644,59.701454,0.7266008,0.7255272,1.77516226,-0.21876,19.9112741
254356,4040480783429,0,0,189.74979,59.628975,0.8192062,0.8188269,1.87655686,-4.5675,20.9861595
254646,4040470062983,377,1,189.73618,59.718643,0.72228926,0.7255272,1.46462236,0.81258,22.1350266
254648,4040470063130,89,1,189.62746,59.61287,0.72369814,0.7268023,-1.8260109,-5.5338,20.7568558
254730,3737400013718,0,0,189.78958,59.75754,0.26627806,0.26627263,3.08088263,3.1464,20.8325728
254950,4242520092279,0,0,189.61734,59.642876,1.1522739,1.1523441,-2.1323134,-3.73344,22.2498739
255109,4040480676301,0,0,189.73416,59.64637,0.8067098,0.80486053,1.40348293,-3.5238,21.4074806
255344,3838420194308,0,0,189.55064,59.70839,0.4245639,0.42400458,-4.15112538,0.1974,20.3276811
255345,3838430099943,115,1,189.80365,59.777058,0.4338948,0.4328983,3.50673997,4.31748,19.8816235
255477,4040470062405,30,1,189.6089,59.744915,0.72688633,0.72514576,-2.38776727,2.3889,21.9293593
255502,4040470062983,43,1,189.64288,59.66587,0.7257754,0.7255272,-1.35929304,-2.3538,22.4402444
255599,3535370696897,1,1,189.68932,59.654633,0.100672126,0.10384789,0.0463085806,-3.02802,22.327816
255741,4141500910947,0,0,189.67201,59.7516,1.0080262,1.0087842,-0.477613988,2.79,22.3168585
256149,3838420219862,12,1,189.62634,59.64762,0.4296304,0.42982814,-1.85990999,-3.4488,19.2421941
256364,4242520245426,0,0,189.54076,59.657166,1.1964818,1.1960051,-4.4501638,-2.87604,21.0373942
256694,4040470062312,0,0,189.8319,59.728012,0.7291539,0.7251598,4.36178402,1.37472,22.0374967
256695,4040470062983,462,1,189.68944,59.7109,0.7363124,0.7255272,0.0499406262,0.348,18.5402707
256712,4040480507630,0,0,189.52863,59.70109,0.8074412,0.80512404,-4.81730307,-0.2406,22.1700782
256821,4141500662948,0,0,189.54192,59.626816,0.9992816,0.9976779,-4.41505402,-4.69704,22.1731263
257438,4242520241007,0,0,189.69287,59.685093,1.1941736,1.1950579,0.153756595,-1.20042,21.1120915
257687,4646620013867,0,0,189.5981,59.754803,2.377157,2.3776379,-2.71465137,2.98218,21.6536707
257740,4242520194794,0,0,189.66156,59.712326,1.1596968,1.1603545,-0.793904621,0.43356,19.6849016
257805,4545600058355,65,1,189.74536,59.65355,2.0639677,2.068752,1.74247385,-3.093,22.0840142
257857,3939450642521,0,0,189.81558,59.70221,0.6185679,0.6186412,3.86782583,-0.1734,22.315909
258010,3939460734533,0,0,189.49974,59.694977,0.6573769,0.6566989,-5.69171803,-0.60738,21.896091
258450,3939450644577,6,1,189.70274,59.79202,0.62182534,0.6228257,0.45249234,5.2152,20.6149099
259665,4343540569353,0,0,189.62221,59.804962,1.4070088,1.4065647,-1.98491289,5.99172,21.4604423
259714,4343560853174,132,1,189.75629,59.799,1.5618656,1.5603367,2.07329266,5.634,22.20376
259791,4343550074898,0,0,189.7916,59.67018,1.4261705,1.4261597,3.14202206,-2.0952,22.1557428
260101,4040480099768,8,1,189.71458,59.63755,0.7761367,0.7752457,0.810854167,-4.053,22.1299351
260322,4040470062311,20,1,189.84885,59.74348,0.72778565,0.7250021,4.87481046,2.3028,20.033763
260738,4645610420088,0,0,189.70068,59.75795,2.3374975,2.334835,0.390142225,3.171,21.8311778
262414,4040470062251,11,1,189.80466,59.74114,0.72722334,0.7251441,3.53730969,2.1624,20.0626163
262902,4040470564984,6,1,189.67604,59.78811,0.75278324,0.75595045,-0.355637792,4.9806,21.2935541
263061,3838430783401,0,0,189.77255,59.695354,0.4622303,0.465073,2.56543483,-0.58476,22.1656795
263067,3838440686786,25,1,189.67947,59.68137,0.50564104,0.50434506,-0.251821824,-1.4238,22.2522778
263344,3939450101591,0,0,189.5535,59.757465,0.5882456,0.5851822,-4.06456163,3.1419,21.5911612
263364,3939460851782,0,0,189.5626,59.69875,0.66817635,0.6690377,-3.78913151,-0.381,21.6887924
263374,3939440131768,2,1,189.62184,59.754833,0.55039567,0.5497536,-1.99611169,2.98398,22.429218
263404,3939460663958,0,0,189.7013,59.646988,0.63723207,0.63789755,0.408907794,-3.48672,22.4740762
263808,3939450009392,0,0,189.56563,59.68038,0.5702816,0.5690294,-3.69742236,-1.4832,22.0452865
264030,3939460881193,0,0,189.6793,59.682663,0.6714916,0.67278725,-0.256967222,-1.34622,22.3168948
264223,4141510914747,34,1,189.72522,59.737022,1.0675678,1.06619,1.13289554,1.91532,21.877718
264390,3535360713602,0,0,189.50359,59.62445,0.08703252,0.085736655,-5.5751899,-4.839,16.6973432
264751,3838430806027,0,0,189.68665,59.77416,0.4952425,0.4949488,-0.0345044326,4.1436,19.5871244
264882,3838440745885,0,0,189.67749,59.620293,0.5122863,0.5113964,-0.311750576,-5.08842,18.5658861
265871,4444570235144,0,0,189.56955,59.769035,1.7426565,1.7445413,-3.57877554,3.8361,21.5059443
265934,3939460849944,0,0,189.61906,59.66751,0.66527605,0.664789,-2.08025408,-2.2554,20.6328533
266311,4040480864654,0,0,189.545,59.716637,0.8494649,0.8503607,-4.32183152,0.69222,20.39357
266579,3939460852001,0,0,189.52626,59.644474,0.6691866,0.6691098,-4.88903597,-3.63756,21.6421253
266600,4545590072530,0,0,189.68178,59.673195,1.9742494,1.9748608,-0.181904947,-1.9143,21.8481632
267281,4242520193785,0,0,189.79196,59.736908,1.1587886,1.159885,3.1529182,1.90848,21.5356041
267653,3838420221377,0,0,189.78172,59.754864,0.43530488,0.43205687,2.84298365,2.98584,19.1252271
267682,3838440745885,26,1,189.66817,59.635468,0.51240563,0.5113964,-0.593839446,-4.17792,19.4150395
267797,3838420219862,135,1,189.65991,59.656166,0.43195096,0.42982814,-0.843845247,-2.93604,20.6266928
267826,3838440746203,154,1,189.7025,59.797104,0.5119388,0.51248974,0.445228249,5.52024,20.2527992
268226,3939440126587,0,0,189.8564,59.63987,0.5516907,0.55161285,5.10332665,-3.9138,19.8768362
268315,3737400512241,0,0,189.78952,59.7996,0.2849246,0.28556755,3.07906661,5.67,19.5811819
268718,4343560852238,52,1,189.72678,59.746628,1.5502974,1.5494992,1.18011213,2.49168,20.8867922
268765,3838440745885,36,1,189.6165,59.621994,0.5128585,0.5113964,-2.15773772,-4.98636,19.0234826
269018,4040470062341,0,0,189.75182,59.736282,0.7294241,0.72494054,1.93799897,1.87092,18.1191321
269039,4040480783294,0,0,189.6489,59.616272,0.8184397,0.8179226,-1.17708543,-5.32968,21.2287046
269083,4141500910269,0,0,189.85548,59.74579,1.0069798,1.0080149,5.07548097,2.4414,19.3804624
269255,3636370113994,2,1,189.67815,59.659485,0.13398555,0.13241139,-0.291774325,-2.7369,19.4853538
270045,4040470063194,32,1,189.62473,59.665005,0.720639,0.72735864,-1.90863993,-2.4057,19.1837704
270047,4040470064477,250,1,189.68216,59.648735,0.7319407,0.7312106,-0.17040347,-3.3819,19.4557233
270968,4040470062983,623,1,189.67235,59.70939,0.72648144,0.7255272,-0.467323193,0.2574,20.7103912
270980,4040470556302,0,0,189.80139,59.67351,0.74788505,0.75089127,3.43833644,-1.8954,19.1739379
270989,4040480676323,0,0,189.66136,59.613853,0.80753624,0.8053492,-0.79995803,-5.47482,21.8346241
271574,4040470062983,1915,1,189.55554,59.715187,0.72542405,0.7255272,-4.00281686,0.60522,21.2870699
271576,4040470064567,0,0,189.66747,59.69687,0.7273204,0.7325644,-0.615026378,-0.4938,20.0542766
271944,4242530806892,0,0,189.70992,59.678,1.2390401,1.2410724,0.669809732,-1.626,21.8229674
271967,3636370135709,9,1,189.80017,59.705223,0.14404508,0.14389575,3.40141065,0.00738,20.3735586
272114,4040470064302,0,0,189.60098,59.76992,0.7273366,0.73197395,-2.62748228,3.8892,22.3731335
272395,4141510929963,0,0,189.81734,59.677074,1.0908029,1.0864078,3.92109583,-1.68156,22.2345395
272523,3838420219862,85,1,189.66006,59.679005,0.430289,0.42982814,-0.83930519,-1.5657,21.7901362
272524,3838420219862,233,1,189.62195,59.706253,0.43081403,0.42982814,-1.99278232,0.06918,19.2536658
272779,3939460892280,15,1,189.61354,59.64049,0.6783602,0.68218845,-2.24732818,-3.8766,21.3883098
272804,3939450228037,0,0,189.85393,59.69491,0.61894053,0.6183797,5.02856705,-0.6114,20.5547903
273379,3939450009431,0,0,189.53276,59.734253,0.5715596,0.5709141,-4.69230017,1.74918,20.85815
273479,3939440131846,85,1,189.52826,59.777687,0.5486631,0.55004895,-4.82850187,4.35522,21.1193366
273496,3939460656015,0,0,189.65836,59.667744,0.62995327,0.6311069,-0.890759169,-2.24136,21.4637936
273822,4545610848232,0,0,189.81651,59.628166,2.246389,2.2471528,3.89597418,-4.61604,21.8899431
273981,3939450101746,2,1,189.72011,59.623077,0.5869395,0.58582985,0.978230932,-4.92138,22.2041846
274369,4040470062983,1158,1,189.6394,59.764725,0.7372739,0.7255272,-1.46462236,3.5775,18.3220452
274440,3939460884784,58,1,189.81938,59.8022,0.6764848,0.679202,3.9828406,5.826,20.2136081
274559,4646620257897,0,0,189.869,59.779285,2.4963093,2.497825,5.48469144,4.4511,22.3411354
274828,4343540567345,7,1,189.83044,59.628754,1.394339,1.3929932,4.31759414,-4.58076,21.8976081
274871,4343560791444,0,0,189.75734,59.728996,1.552299,1.5484025,2.10507306,1.43376,21.6102716
274925,3939460884823,4,1,189.76999,59.72146,0.6772364,0.67822665,2.48795119,0.9816,22.4030985
274948,4140490755987,273,1,189.723,59.74401,0.9009359,0.9001972,1.0657027,2.3346,21.8257455
275367,4242531010488,0,0,189.8408,59.799385,1.2967064,1.2964429,4.63116073,5.6571,22.3849943
275392,4242520239411,0,0,189.54356,59.67212,1.1903495,1.1897407,-4.36541607,-1.9788,22.4103817
275552,4242520032553,0,0,189.7388,59.759186,1.1405799,1.1422516,1.54392202,3.24516,21.62277
275582,4242530806906,0,0,189.69667,59.70508,1.2389764,1.2412006,0.26877137,-0.0012,20.0024111
275610,4040470062311,0,0,189.86629,59.733505,0.72745,0.7250021,5.40266774,1.7043,18.6927552
275614,4040470062983,1195,1,189.68657,59.759903,0.72853416,0.7255272,-0.0369257963,3.28818,21.2214212
275774,3838420219862,28,1,189.68707,59.674423,0.43339178,0.42982814,-0.0217922732,-1.84062,18.8906038
276078,4141490526083,0,0,189.59515,59.622375,0.90038586,0.90249705,-2.80393916,-4.9635,22.475117
276173,4646630815042,0,0,189.62889,59.642303,2.6689785,2.6713421,-1.78272902,-3.76782,22.0593798
276461,3737390421639,0,0,189.78604,59.801094,0.2514744,0.25250638,2.97373729,5.75964,21.4691193
276908,4444580829957,0,0,189.64975,59.757347,1.8096439,1.8089507,-1.15135844,3.13482,22.4423811
276990,3636390389459,148,1,189.69362,59.736473,0.21334468,0.21353468,0.176456879,1.88238,19.4037325
277069,4343540491316,0,0,189.5753,59.685184,1.3665577,1.3650336,-3.40474002,-1.19496,22.4895215
277557,4343560872025,1,1,189.76051,59.74563,1.563451,1.5644951,2.2010196,2.4318,22.4419637
278199,4040470062341,45,1,189.74385,59.73591,0.7308131,0.72494054,1.69677061,1.8486,17.9530445
278239,4040470062983,2630,1,189.63263,59.683826,0.7224213,0.7255272,-1.66953027,-1.27644,20.8431016
278248,4040470556963,170,1,189.70924,59.65455,0.7471808,0.7514124,0.64922814,-3.033,19.2982516
278286,4141500063461,0,0,189.7678,59.759712,0.9414652,0.94012976,2.42166636,3.27672,21.252311
278343,3838430113633,0,0,189.71661,59.757416,0.4389933,0.44155562,0.872296271,3.13896,16.6874283
278364,3838440745786,0,0,189.67404,59.743805,0.5136235,0.5116442,-0.416171885,2.3223,21.6065736
278446,4040470062983,251,1,189.82808,59.66224,0.7295788,0.7255272,4.24616391,-2.5716,17.4674767
278590,3838420219862,36,1,189.66606,59.678497,0.4306864,0.42982814,-0.657702913,-1.59618,19.4939975
278756,4141510410664,0,0,189.6261,59.718273,1.0543531,1.0520984,-1.86717408,0.79038,20.0884135
278844,3939450209970,0,0,189.87537,59.666748,0.60086745,0.60010445,5.67749252,-2.30112,21.6632589
278936,4040480099015,4,1,189.55634,59.77456,0.7799347,0.7814881,-3.97860322,4.1676,21.9877399
279021,4141510410636,0,0,189.84283,59.657974,1.0556002,1.052798,4.69260284,-2.82756,21.734371
279185,4141510915114,0,0,189.66849,59.633785,1.0709809,1.066995,-0.584153991,-4.2789,20.8644086
279427,4040470062983,134,1,189.81903,59.73651,0.7292384,0.7255272,3.97224714,1.8846,21.1456114
279902,4040470056916,0,0,189.64691,59.68772,0.72384864,0.72790575,-1.23731685,-1.0428,19.5822337
279924,4040480676789,0,0,189.66768,59.605644,0.8105121,0.8072312,-0.608670298,-5.96736,21.7224967
279939,4040490447377,36,1,189.8392,59.740242,0.8831504,0.8817559,4.58273346,2.10852,20.0290925
280007,4040470064477,156,1,189.66241,59.704433,0.7292833,0.7312106,-0.768177632,-0.04002,21.584559
280026,4040480787365,0,0,189.6612,59.77604,0.8230686,0.8224709,-0.804800758,4.2564,21.9404819
280818,4040470565422,0,0,189.71687,59.776306,0.7547503,0.757568,0.880165703,4.27236,22.4718328
280866,3838440745885,13,1,189.67905,59.620907,0.51203275,0.5113964,-0.264533983,-5.05158,21.6851637
281212,3838420219630,0,0,189.57494,59.606804,0.42987463,0.42859635,-3.41563616,-5.89776,22.1031705
281231,3838440746203,192,1,189.7412,59.780174,0.51063186,0.51248974,1.61656294,4.50444,19.0386579
281520,4141500661112,0,0,189.82697,59.637184,0.99147254,0.9907257,4.21256749,-4.07496,22.0760259
281602,4040480099768,4,1,189.72588,59.629784,0.77467716,0.7752457,1.15287179,-4.51896,19.5884216
282162,4040470062983,496,1,189.79611,59.73346,0.7287168,0.7255272,3.27852644,1.7016,19.9499787
282228,3939450644767,4,1,189.65964,59.801308,0.623224,0.62358284,-0.85201735,5.77248,20.7509946
282234,3939460666546,0,0,189.53085,59.634556,0.6386275,0.6396501,-4.75011023,-4.23264,21.0932011
282237,3939460734430,0,0,189.61612,59.79637,0.6564912,0.656202,-2.1692392,5.4762,18.8212082
283025,4242520238398,0,0,189.5835,59.661842,1.186677,1.1839505,-3.15655024,-2.59548,22.1518166
283044,3636370019586,0,0,189.72816,59.763184,0.123781666,0.12221564,1.22188065,3.48504,20.8905612
283058,3636390389459,177,1,189.85916,59.746338,0.21154843,0.21353468,5.1868637,2.47428,19.8931133
283072,3737410803643,0,0,189.70901,59.74507,0.3434973,0.34504202,0.64226672,2.3982,21.4172501
283235,3939460885183,0,0,189.55588,59.67269,0.6785598,0.6821746,-3.99252606,-1.9446,21.7887261
283424,4040470056857,1,1,189.72917,59.7578,0.72347033,0.72687477,1.25245037,3.162,21.8146243
283819,4140490755987,132,1,189.81421,59.749466,0.9048505,0.9001972,3.82635998,2.66196,21.971591
284018,4242520029419,7,1,189.75015,59.654285,1.13899,1.1406028,1.887453,-3.0489,22.4498275
284027,4242520216535,0,0,189.84253,59.754967,1.1644567,1.1644816,4.68352272,2.99202,22.4987376
284070,4140490767094,31,1,189.4903,59.672016,0.8972791,0.90190434,-5.97743895,-1.98504,22.2553255
284309,4040470062983,2660,1,189.7431,59.754257,0.73183465,0.7255272,1.67407032,2.94942,22.0976519
285091,4444580582420,63,1,189.49126,59.71518,1.7971087,1.7875959,-5.94838258,0.6048,21.1357742
285538,3939440131834,0,0,189.5385,59.75142,0.55105585,0.549825,-4.51856732,2.7792,19.1364441
285663,3938440374239,224,1,189.50363,59.70257,0.54329735,0.53923064,-5.57397922,-0.1518,20.3798789
285857,3838430130132,7,1,189.56677,59.766,0.4461322,0.448399,-3.66291793,3.654,22.0738702
285872,3838440754632,40,1,189.59044,59.624123,0.5190619,0.5183723,-2.94649694,-4.85862,18.3657087
286018,4444580765353,0,0,189.52075,59.61347,1.7982429,1.7944475,-5.05580739,-5.4978,21.0265677
286054,3939450099833,0,0,189.82263,59.799942,0.58847135,0.5858521,4.08120851,5.69052,18.2641065
286396,3939440132722,2,1,189.6899,59.63697,0.5495481,0.5508091,0.0638634674,-4.0878,21.8641667
286400,3939450101614,2,1,189.63187,59.702454,0.5889283,0.58534056,-1.69253322,-0.15876,21.8928832
286756,3939460850357,3,1,189.83815,59.703926,0.6677533,0.66699874,4.55095306,-0.07044,22.3180264
287022,4040470064206,73,1,189.4905,59.715424,0.7284955,0.7304525,-5.97138554,0.61944,21.6033199
287548,3939460850193,89,1,189.49182,59.71502,0.6585659,0.6650145,-5.93143304,0.5952,21.399459
288197,4040470062308,0,0,189.8457,59.723404,0.7283147,0.7249875,4.77946926,1.09824,20.4119876
288199,4040470064477,76,1,189.65834,59.6503,0.7270502,0.7312106,-0.89136451,-3.288,20.8734182
288356,3636370208673,19,1,189.69145,59.658497,0.1495625,0.14846638,0.110777389,-2.79618,18.6987638
288378,4040470062311,15,1,189.86842,59.737305,0.7279442,0.7250021,5.46713655,1.9323,20.9862087
288380,4040470062983,2666,1,189.64436,59.72092,0.73273647,0.7255272,-1.31449781,0.9492,20.0156768
288381,4040470063389,0,0,189.5343,59.63788,0.7275638,0.7313053,-4.64568892,-4.0332,21.1047242
288459,4242530807343,0,0,189.862,59.639194,1.2401459,1.2424697,5.27282211,-3.95436,21.5350649
288777,3938440374239,271,1,189.51219,59.64068,0.5405183,0.53923064,-5.31489331,-3.8652,18.0818882
289024,4444570091449,0,0,189.6577,59.6961,1.680394,1.6834394,-0.910735419,-0.54,21.6412244
289702,3939450101588,0,0,189.58794,59.745434,0.5875903,0.5852645,-3.02216456,2.42004,18.2509811
291409,4242530786704,16,1,189.82692,59.60604,1.2190943,1.2231274,4.21105413,-5.9436,21.5866469
291705,4141510915631,15,1,189.87102,59.630936,1.0744488,1.067913,5.54583087,-4.44984,22.424338
291909,4140490755987,374,1,189.71152,59.75072,0.90708447,0.9001972,0.718237006,2.7372,21.9309973
292425,4040470064388,0,0,189.71687,59.655838,0.72596484,0.7307698,0.880165703,-2.95572,22.3512561
292438,4040480112745,0,0,189.87068,59.69051,0.79323286,0.7937703,5.53554007,-0.8754,22.4084396
293215,4040470062460,0,0,189.68427,59.75654,0.726121,0.72544986,-0.106540003,3.0864,19.7930038
293216,4040470062983,1416,1,189.66757,59.70095,0.7236281,0.7255272,-0.611999673,-0.249,20.6673062
293239,4040480796491,0,0,189.71988,59.651318,0.82971454,0.83104163,0.971269511,-3.22692,20.2627664
293345,3636370020003,48,1,189.6494,59.64572,0.1254319,0.12308383,-1.1619519,-3.5628,20.1494897
293542,4140490753255,12,1,189.55888,59.789375,0.8940963,0.8908646,-3.90172492,5.0565,22.4700081
293573,4141510387596,3,1,189.85028,59.78667,1.0425444,1.0416923,4.91809233,4.8942,20.6582146
293870,4040470556963,149,1,189.72064,59.64308,0.7463363,0.7514124,0.994272467,-3.7212,21.0911728
293871,4040470564984,0,0,189.68167,59.78548,0.75272244,0.75595045,-0.185234323,4.8228,19.3567808
294150,4140490755506,63,1,189.58806,59.79402,0.90106165,0.89750576,-3.01853251,5.3352,22.2793628
294651,3636390918762,0,0,189.7521,59.77611,0.23558357,0.23592494,1.94647374,4.2606,22.2697358
294763,4040470565483,0,0,189.53107,59.7452,0.75520563,0.75885844,-4.74345148,2.406,19.8771396
294781,4040480782894,0,0,189.6701,59.630806,0.8178548,0.8171514,-0.535424047,-4.45764,21.7038018
295005,3838420221385,0,0,189.71959,59.771866,0.4348611,0.43230966,0.962492068,4.00596,20.5889259
295017,3838430130115,0,0,189.66232,59.754395,0.446465,0.4479989,-0.770901666,2.9577,20.7358409
295102,3838420219713,0,0,189.6187,59.654984,0.4304586,0.428818,-2.09115022,-3.00696,21.5619441
295134,3838440746343,235,1,189.51212,59.705006,0.5137313,0.5126503,-5.317012,-0.00564,20.2259049
295142,4343540058615,0,0,189.85484,59.68001,1.3531603,1.3510574,5.05611006,-1.5054,22.3698427
295489,4040470062348,2,1,189.7436,59.742867,0.7250255,0.72533405,1.68920385,2.26602,21.8059541
295490,4040470062983,206,1,189.70038,59.70813,0.7309526,0.7255272,0.381062111,0.1818,22.4613346
295925,3636370020003,26,1,189.52237,59.664192,0.12327421,0.12308383,-5.00677478,-2.45448,22.0134932
296045,4343560872016,0,0,189.75313,59.74456,1.5654566,1.5640087,1.9776488,2.3676,22.2446252
296067,3838430099943,129,1,189.7686,59.76754,0.43582076,0.4328983,2.44588,3.7464,21.8850708
296372,4040490447081,0,0,189.56662,59.802223,0.885226,0.8825001,-3.66745798,5.82738,21.7895575
296389,4242520032514,0,0,189.75893,59.73208,1.13982,1.1410456,2.15319766,1.6188,20.8862268
296450,3636380830704,0,0,189.772,59.730972,0.18822329,0.18839917,2.54878796,1.55232,22.4829769
296582,4040470534692,0,0,189.59286,59.6354,0.74746704,0.74947697,-2.87325069,-4.182,21.9348403
297233,4141500094065,0,0,189.67052,59.609024,0.942997,0.94314927,-0.522711887,-5.76456,20.3572719
297947,3838420219862,288,1,189.65546,59.675797,0.433158,0.42982814,-0.978533603,-1.75818,21.286072
298069,4040470062451,0,0,189.5794,59.76293,0.72522634,0.7249272,-3.28064513,3.4698,19.324433
298180,4040470062983,158,1,189.66989,59.72238,0.7292871,0.7255272,-0.541780126,1.0368,19.9571924
298257,4040470062983,383,1,189.70102,59.71203,0.7280098,0.7255272,0.400433021,0.4158,20.9655533
298596,4141510915631,0,0,189.87695,59.634354,1.0726738,1.067913,5.72531445,-4.24476,21.1887203
298663,4040470063244,0,0,189.5832,59.641525,0.72369623,0.72834504,-3.16563036,-3.8145,19.7012677
298664,4040470064477,123,1,189.67801,59.68535,0.7241397,0.7312106,-0.296011712,-1.185,22.1008727
298665,4040470064477,340,1,189.76826,59.666126,0.7288369,0.7312106,2.4355892,-2.33844,20.9202508
298701,4040470054249,0,0,189.8749,59.703407,0.7303477,0.7243003,5.66326701,-0.10158,21.5081899
298706,4040470062983,1356,1,189.58482,59.74089,0.73342997,0.7255272,-3.11659774,2.1474,20.1138761
298861,3838430099911,63,1,189.73537,59.78655,0.4368214,0.43235788,1.44010606,4.887,22.3014449
299249,4040470564984,13,1,189.68155,59.791916,0.75250334,0.75595045,-0.188866368,5.20896,22.1691264
299344,4242530592983,0,0,189.58835,59.661118,1.2102412,1.2137456,-3.00975507,-2.63892,22.0911709
299385,4141500223961,0,0,189.69934,59.777557,0.9761815,0.9755374,0.349584383,4.34742,20.3492137
299489,3838430807047,6,1,189.76775,59.689316,0.49596265,0.4949963,2.42015301,-0.94704,19.8915776
299808,4141510410747,12,1,189.78111,59.665398,1.0543374,1.0523235,2.82452075,-2.38212,22.2741176
299815,4141510914677,0,0,189.61728,59.767567,1.0687028,1.0646544,-2.13412943,3.74802,21.4263837
299817,4141510924389,110,1,189.85379,59.686844,1.0748198,1.0714246,5.02432966,-1.09536,21.5111825
300151,4343550075415,0,0,189.78001,59.697006,1.4292947,1.4320109,2.791227,-0.48564,21.1221707
300447,4241520601579,0,0,189.72287,59.740192,1.1115522,1.1105459,1.06176798,2.10552,20.9919773
300548,4141510923000,11,1,189.59877,59.665165,1.0714941,1.0696617,-2.69437245,-2.3961,21.9690944
301395,4040470063130,19,1,189.64758,59.667557,0.72392476,0.7268023,-1.21703793,-2.25258,20.8314806
301567,4040470062341,64,1,189.79431,59.731903,0.73188376,0.72494054,3.22404576,1.60818,22.2121661
301781,4141490515780,0,0,189.86772,59.694096,0.901136,0.8967526,5.44594962,-0.66024,22.1328953
301880,4040470062983,2237,1,189.87794,59.69436,0.7306451,0.7255272,5.75527883,-0.6444,19.4362446
301881,4040470063194,94,1,189.55194,59.695393,0.71862286,0.72735864,-4.11177822,-0.58242,18.5895191
301893,4040470534877,9,1,189.83984,59.73909,0.746761,0.7507544,4.60210437,2.0394,21.7723743
302005,4040470062448,0,0,189.5494,59.788284,0.7242954,0.72506607,-4.18865652,4.99104,21.7474901
302027,4040480807758,0,0,189.75319,59.611256,0.83874166,0.8400739,1.97946482,-5.63064,21.5447421
302044,4040470062983,260,1,189.83253,59.72715,0.7284134,0.7255272,4.38085226,1.323,22.1576521
302083,4040470043341,8,1,189.56752,59.76124,0.71652037,0.71548814,-3.64021764,3.3684,22.2902417
302332,4342540688102,0,0,189.52994,59.796978,1.3613833,1.360252,-4.77765324,5.51268,21.3766288
302500,4040470063235,0,0,189.60332,59.63819,0.72621626,0.7279386,-2.55665739,-4.0146,19.7408817
302548,4040470064477,404,1,189.66025,59.633232,0.7283263,0.7312106,-0.833554451,-4.31208,19.3854143
302554,4040470534877,1,1,189.83345,59.747288,0.74843156,0.7507544,4.40869794,2.53128,22.0574978
303753,4343550071307,0,0,189.85953,59.769188,1.4285355,1.4301873,5.19806251,3.84528,20.6877866
304037,4040470062983,783,1,189.64539,59.689323,0.73609656,0.7255272,-1.28332276,-0.94662,21.1731084
304141,4040470062341,54,1,189.75375,59.72599,0.7305767,0.72494054,1.99641437,1.2534,19.2632217
304249,4242530807083,0,0,189.58937,59.800804,1.2418196,1.2441083,-2.97888268,5.74224,21.0489033
304497,3838420012040,0,0,189.81328,59.79776,0.39540544,0.39220434,3.79821162,5.5596,17.9336682
304530,3838440746343,0,0,189.51144,59.70579,0.5129545,0.5126503,-5.33759359,0.0414,18.5926715
304622,3838440746343,87,1,189.5581,59.68564,0.5109605,0.5126503,-3.92533322,-1.1676,20.9221565
304647,3939450204532,0,0,189.70459,59.74228,0.59919953,0.597626,0.508486376,2.2308,21.2719532
304700,4040480783376,0,0,189.57472,59.617683,0.81939965,0.8192977,-3.42229491,-5.24502,20.6486177
304725,3939450216395,46,1,189.61241,59.702602,0.6064997,0.6081184,-2.28152994,-0.14988,19.6405594
305017,3939460656011,0,0,189.6463,59.66317,0.6302588,0.6308277,-1.25577975,-2.5158,20.852317
305068,3938440374239,28,1,189.51909,59.66394,0.54402447,0.53923064,-5.10605069,-2.4696,22.3400753
305393,4141500910310,0,0,189.69781,59.606216,1.0048534,1.0051745,0.303275803,-5.93304,22.4566408
305401,4141510411910,0,0,189.53735,59.763084,1.0635912,1.0597978,-4.55337443,3.47904,22.1546544
305511,4140490754999,0,0,189.56918,59.757057,0.9025925,0.897046,-3.58997435,3.11742,21.0245764
305689,4141500114883,0,0,189.52025,59.769646,0.96356475,0.9637207,-5.07094091,3.87276,22.0581642
305909,4141510342667,0,0,189.50038,59.649628,1.0288405,1.0279744,-5.67234712,-3.32832,22.4498498
306119,4140490767094,291,1,189.49193,59.64114,0.90075004,0.90190434,-5.92810366,-3.8376,21.5156369
306278,3636380064786,0,0,189.84975,59.70129,0.1548907,0.15664436,4.9020508,-0.2286,20.1485462
306469,4545610867295,0,0,189.61171,59.76606,2.260559,2.2620199,-2.30271687,3.6576,22.3925257
306499,4141500115721,90,1,189.65758,59.790718,0.9660084,0.9652814,-0.914367465,5.13708,21.4433741
306574,3838440755545,0,0,189.5668,59.680344,0.51992863,0.5201848,-3.66200992,-1.48536,20.8530539
306976,3838440841494,0,0,189.53154,59.684196,0.53566813,0.5329307,-4.72922596,-1.25424,22.0021862
307378,4242520245444,14,1,189.55449,59.66017,1.1966938,1.1957214,-4.03459725,-2.6958,22.1926067
307542,4140490767019,164,1,189.52138,59.70701,0.9007272,0.9013224,-5.03673915,0.1146,21.3506775
307765,4646620017890,0,0,189.80994,59.78711,2.3780487,2.3811896,3.69711969,4.9206,22.1900157
308158,4242530800639,0,0,189.71848,59.66278,1.2282457,1.2306588,0.928895647,-2.5392,22.2282542
308214,4242520245701,0,0,189.73174,59.650463,1.2004732,1.199385,1.33023668,-3.27822,21.7703852
308471,3838420219727,0,0,189.55756,59.715836,0.43130296,0.42945066,-3.94167742,0.64416,21.2077558
308564,3838430100452,0,0,189.6965,59.65569,0.438263,0.43739203,0.263625972,-2.9646,18.9228006
308762,4343550075474,0,0,189.7303,59.734108,1.4291946,1.4335636,1.28665213,1.74048,21.8455068
309463,3838430117466,0,0,189.56224,59.645004,0.44184896,0.44513196,-3.80002765,-3.60576,21.7529987
309634,4343540569539,0,0,189.55217,59.793144,1.4078285,1.4075592,-4.1048168,5.28264,21.1040368
309901,4040470064333,0,0,189.83519,59.707726,0.72993535,0.7300007,4.4613626,0.15756,21.4076357
310299,4141510917470,0,0,189.83987,59.790993,1.0747272,1.0736176,4.60301238,5.15358,21.5339908
310301,4141510924484,0,0,189.73648,59.65349,1.0754609,1.0744448,1.47370248,-3.0966,20.7320142
310317,4242520032731,0,0,189.88292,59.63592,1.1434762,1.1447254,5.90600872,-4.1508,20.7370177
311014,4040470062983,335,1,189.76686,59.731346,0.72243,0.7255272,2.39321534,1.57476,21.857499
311168,4040470062983,1240,1,189.728,59.722427,0.7337149,0.7255272,1.21703793,1.03962,21.7974762
311453,4040470556182,20,1,189.78442,59.605934,0.74843043,0.7491507,2.92470467,-5.94996,21.6583611
311472,4040480780756,0,0,189.76619,59.71161,0.8134206,0.81364954,2.37293642,0.3906,21.569213
312224,4545610825782,0,0,189.5415,59.773514,2.2348108,2.2339308,-4.42776618,4.10484,21.8156765
312818,4141510930213,0,0,189.76187,59.628357,1.0893532,1.0880176,2.24218278,-4.60458,20.2146883
313132,4545600058253,86,1,189.58533,59.66671,2.0664246,2.0719771,-3.10116155,-2.3034,22.2995528
313492,4040470064242,0,0,189.53163,59.769394,0.7279535,0.7313372,-4.72650193,3.85764,21.9677292
313493,4040470064477,399,1,189.68535,59.65335,0.7304566,0.7312106,-0.0738515926,-3.105,22.3845109
313878,4040470063216,0,0,189.57915,59.68653,0.72623456,0.72716767,-3.2882119,-1.1142,18.6559526
313923,4747640173106,42,1,189.69026,59.756577,2.8666492,2.863144,0.074759604,3.08862,22.4735205
314564,4242530592478,0,0,189.50648,59.685257,1.2095519,1.2136234,-5.48771814,-1.19058,21.4797279
314619,4141510410433,0,0,189.51506,59.745804,1.0525637,1.049636,-5.22802688,2.44224,20.5104254
314698,3838420220095,0,0,189.80527,59.74366,0.43280712,0.43097484,3.55577258,2.3136,20.3765031
315209,4242530916510,2,1,189.76459,59.616356,1.2668867,1.2690424,2.32450915,-5.32464,22.1829415
315273,4141510924389,29,1,189.8546,59.71364,1.0744584,1.0714246,5.04884597,0.5124,22.1484176
315393,4343560853000,0,0,189.74498,59.74656,1.5609478,1.5578396,1.73097237,2.4876,21.7485069
315652,4242520193635,0,0,189.75677,59.63336,1.1555243,1.1562463,2.08782084,-4.3044,21.3614962
315755,4343540059089,0,0,189.87793,59.64289,1.3547406,1.3524878,5.75497616,-3.7326,21.8651715
315833,3838430100430,0,0,189.50291,59.70417,0.43819478,0.43709767,-5.5957715,-0.0558,19.9303321
315844,3838430133628,13,1,189.81956,59.654114,0.45211843,0.45556587,3.98828867,-3.05916,20.0362418
316022,4040470064599,0,0,189.64336,59.69627,0.7294967,0.7340405,-1.34476486,-0.5298,21.2025141
316201,4141510924394,106,1,189.81813,59.65914,1.0744483,1.0720907,3.9450068,-2.7576,20.5229236
316538,3838440746203,223,1,189.70573,59.794357,0.5157005,0.51248974,0.542990808,5.35542,18.9421334
317217,3636370208707,0,0,189.74345,59.704773,0.14975056,0.1486402,1.68466379,-0.01962,22.4737461
317308,4040470565476,0,0,189.56123,59.74889,0.7556756,0.7586334,-3.83059736,2.6274,19.7292512
318000,4040470533436,0,0,189.6065,59.72869,0.7398488,0.7434124,-2.46040818,1.4154,21.6721584
318320,3838430099943,9,1,189.82849,59.774418,0.4331818,0.4328983,4.2585734,4.15908,21.84923
318901,3737400005309,0,0,189.75018,59.64505,0.26097324,0.26099116,1.88836101,-3.603,21.7407455
319212,4242520217240,7,1,189.757,59.79655,1.1651468,1.1665916,2.09478227,5.487,22.0858638
319364,3737410389382,0,0,189.62634,59.72328,0.3313485,0.3308668,-1.85990999,1.0908,22.1014972
319660,3838420122787,0,0,189.5716,59.782417,0.40224254,0.40323642,-3.51672809,4.63902,21.5064019
319667,3838420219862,111,1,189.58205,59.69441,0.43110433,0.42982814,-3.20043746,-0.6414,21.0730396
319876,3737410886702,0,0,189.874,59.61596,0.36705256,0.3688051,5.63602667,-5.3484,17.0142257
320321,4040470062983,2002,1,189.62666,59.73363,0.72861767,0.7255272,-1.85022453,1.7118,18.266456
320421,3636390389459,81,1,189.78812,59.713528,0.213441,0.21353468,3.03669274,0.50568,21.1187044
321020,4040470063194,166,1,189.63327,59.659546,0.72103053,0.72735864,-1.65015936,-2.73324,20.1479097
321051,4040490447377,72,1,189.8626,59.747314,0.8828624,0.8817559,5.29098234,2.53284,21.169892
321144,4040470062983,1766,1,189.72646,59.698956,0.7320958,0.7255272,1.17042668,-0.36864,21.5374101
321226,4040470064264,166,1,189.5096,59.705338,0.7257212,0.7310335,-5.39328496,0.01428,22.0509767
321227,4040470064638,0,0,189.698,59.608604,0.72893935,0.7324279,0.309026541,-5.78976,20.9744522
321789,4545600917497,0,0,189.58638,59.664364,2.2056372,2.2070591,-3.06938115,-2.44416,22.4571794
321808,4040470062983,686,1,189.64836,59.685966,0.73023283,0.7255272,-1.19342963,-1.14804,22.0016351
321820,4040470565476,15,1,189.59993,59.767456,0.75515145,0.7586334,-2.65926268,3.74136,21.7195428
321834,4040480788536,0,0,189.56473,59.80056,0.8274172,0.83055156,-3.7246627,5.7276,22.263504
321882,4343560791470,23,1,189.76222,59.723072,1.5514117,1.5474467,2.25277625,1.07832,21.397772
322155,4141510945473,0,0,189.86682,59.76687,1.095378,1.0946437,5.41870928,3.7062,21.2144288
322556,4141510924394,31,1,189.81262,59.673668,1.0759441,1.0720907,3.77823537,-1.88592,19.9490394
322628,3838420219862,176,1,189.61153,59.6845,0.4317799,0.42982814,-2.30816494,-1.236,19.7621526
322642,3838430132401,5,1,189.81241,59.783913,0.453946,0.45422074,3.77187929,4.72878,20.4526238
322708,3837420286871,52,1,189.68938,59.64605,0.3907393,0.38934916,0.0481246034,-3.543,21.22324
322723,3838430132250,20,1,189.56413,59.611053,0.450638,0.45302883,-3.74282293,-5.64282,21.5398618
323046,4141510924389,94,1,189.88512,59.683907,1.0753393,1.0714246,5.97259622,-1.27158,20.8665189
323984,4242530608033,34,1,189.62617,59.79785,1.2267659,1.2301749,-1.86505538,5.565,21.271705
324178,3636370208738,253,1,189.70952,59.72409,0.14862062,0.14851473,0.657702913,1.1394,22.1798657
324361,4040470486536,0,0,189.57977,59.65606,0.7331761,0.7370395,-3.26944633,-2.9424,19.9516319
324383,4040480864438,0,0,189.7273,59.745693,0.84648436,0.847686,1.19585099,2.43558,18.8436129
324506,3737410850740,0,0,189.58186,59.67273,0.35150477,0.35281998,-3.2061882,-1.9422,18.8310958
325173,3636370020003,31,1,189.60764,59.616905,0.12393722,0.12308383,-2.42590375,-5.2917,21.3853122
325606,3838420122788,0,0,189.5313,59.7579,0.402162,0.40303314,-4.73649005,3.168,21.3485484
325915,4343550822137,0,0,189.81178,59.73094,1.476006,1.476991,3.75281105,1.5504,22.0693996
326565,4343560857401,39,1,189.65921,59.768402,1.5616815,1.5640552,-0.865032179,3.79812,22.3918168
326927,4444570704078,0,0,189.57314,59.669575,1.7515436,1.7507321,-3.47011684,-2.1315,22.0296075
327215,4141490516271,0,0,189.69174,59.661514,0.90067637,0.90159655,0.119554832,-2.61516,21.3861981
327516,3636370208738,113,1,189.6301,59.665092,0.15077117,0.14851473,-1.74610589,-2.40048,21.4440035
327670,4545590060728,0,0,189.84657,59.644417,1.9545949,1.9512031,4.80580159,-3.64098,21.439841
327992,3838440841642,0,0,189.54077,59.788044,0.53675735,0.5342582,-4.44986113,4.97664,21.8854603
328255,4343540065125,11,1,189.73775,59.678608,1.353833,1.3542693,1.51214163,-1.58952,21.4585952
328342,4646620687259,0,0,189.59195,59.674732,2.486787,2.4867127,-2.9007937,-1.82208,22.4467545
328516,4141500105862,0,0,189.83925,59.635124,0.9559756,0.95646906,4.58424681,-4.19856,19.4587661
328785,4140490767094,319,1,189.49544,59.692566,0.901282,0.90190434,-5.82186633,-0.75204,20.5027277
329275,4140490755987,168,1,189.7262,59.749256,0.89825284,0.9001972,1.16255724,2.64936,21.2909093
329556,3838430130132,0,0,189.55373,59.765274,0.44641787,0.448399,-4.05760021,3.61044,20.4205156
329570,3838430802320,0,0,189.5061,59.752968,0.48658627,0.4865308,-5.49921962,2.87208,19.2359658
329583,4140490755506,9,1,189.58983,59.794113,0.901843,0.89750576,-2.96495984,5.34078,19.8003894
329744,4040470565476,16,1,189.55945,59.738525,0.7559058,0.7586334,-3.8844727,2.0055,21.8834058
329805,4343550822215,102,1,189.74188,59.71927,1.4750799,1.4759779,1.63714453,0.8502,21.2601828
329863,4242520245444,3,1,189.50977,59.672714,1.1950185,1.1957214,-5.38813956,-1.94316,21.9297721
330023,3838430099911,54,1,189.7887,59.787346,0.43427545,0.43235788,3.05424763,4.93476,22.100317
330161,4343560852203,0,0,189.83395,59.796326,1.554306,1.5518796,4.42383147,5.47356,22.1628488
330730,4242520239354,0,0,189.6664,59.704613,1.1914741,1.1901613,-0.647412117,-0.02922,20.2640197
330823,4040470062983,4,1,189.62392,59.71943,0.7331923,0.7255272,-1.93315624,0.8598,22.0444184
330867,4040470054268,4,1,189.68974,59.75556,0.7327031,0.7242892,0.05902074,3.0276,21.5009946
331024,4545600058301,48,1,189.74138,59.64835,2.0674098,2.0680645,1.622011,-3.405,21.7479636
331660,4242520238502,0,0,189.60497,59.674034,1.1862315,1.184525,-2.50671676,-1.86396,21.2485665
331687,4242540405956,0,0,189.70717,59.74089,1.3135266,1.3145638,0.586575355,2.1474,22.3028184
331711,4545590572451,0,0,189.50659,59.64503,2.0277073,2.0240731,-5.48438877,-3.6042,22.2989149
331747,4141490515990,0,0,189.62311,59.654274,0.90363485,0.90032333,-1.95767255,-3.04956,20.4406972
331860,4040470062983,1386,1,189.7849,59.7063,0.7322286,0.7255272,2.93923285,0.072,21.8852156
331926,3838440686798,0,0,189.66145,59.75098,0.50596917,0.50486946,-0.797233996,2.7528,21.6724048
331976,3838440748314,0,0,189.52275,59.75827,0.5180741,0.5189925,-4.9952733,3.1902,20.52701
331990,3838420219862,232,1,189.71918,59.648224,0.43102783,0.42982814,0.950082579,-3.41256,21.4775423
332136,3636370020003,17,1,189.61401,59.62986,0.12359047,0.12308383,-2.23310267,-4.5144,21.9785295
332226,3838430783955,0,0,189.81245,59.736687,0.46655783,0.46840248,3.77308998,1.89522,22.1495582
332657,3737410803634,0,0,189.6874,59.72625,0.34264722,0.34514514,-0.011804148,1.269,21.3964348
332750,4343550890804,104,1,189.72032,59.724327,1.5183964,1.5122691,0.984587012,1.15362,21.957744
332772,4343560972220,42,1,189.87433,59.721664,1.5768609,1.5818219,5.64601479,0.99384,22.4372005
332782,4040470064989,47,1,189.75134,59.606148,0.73429024,0.73613465,1.92347078,-5.93712,21.2600978
333021,3838440745254,0,0,189.8821,59.788273,0.5117496,0.51292723,5.88118974,4.99038,21.5545037
333160,3838420220124,0,0,189.74994,59.73815,0.43402094,0.43150082,1.88109692,1.983,21.0807501
333652,4444570223084,0,0,189.71352,59.77793,1.7287905,1.7272999,0.778771098,4.3698,22.2640561
334220,3939460850506,30,1,189.51257,59.661907,0.666404,0.6667459,-5.30339183,-2.59158,19.5432526
334559,3939450061860,83,1,189.56776,59.773956,0.57142055,0.57133937,-3.63295355,4.13136,22.218847
334638,3939450644569,0,0,189.6493,59.77767,0.62242573,0.6228503,-1.16497861,4.3542,20.5425412
334715,3636390389459,48,1,189.7422,59.797207,0.2116055,0.21353468,1.64682998,5.52642,19.0954494
334900,4343540497942,0,0,189.85109,59.619884,1.3852557,1.3838879,4.94260864,-5.11296,22.0636331
335415,3737410887346,0,0,189.82384,59.70484,0.36939964,0.37188494,4.11783163,-0.0156,22.1644607
335591,3636390389459,139,1,189.77628,59.742023,0.21101637,0.21353468,2.67833092,2.21538,22.4591986
335638,4040480864241,0,0,189.5593,59.742832,0.8447901,0.8453207,-3.88901276,2.26392,21.4270018
335666,3838420219862,0,0,189.66594,59.677925,0.4307692,0.42982814,-0.661334959,-1.6305,17.315979
335700,3838420219862,94,1,189.64944,59.69169,0.4299731,0.42982814,-1.16074122,-0.8046,21.1554497
336011,4242520092051,0,0,189.6408,59.774826,1.1483346,1.1489029,-1.4222485,4.18356,21.0557343
336527,3838440658794,0,0,189.66345,59.66532,0.49608925,0.4968201,-0.736699904,-2.3868,20.446441
337202,4241520601256,0,0,189.61032,59.804794,1.1133347,1.1117653,-2.34478807,5.98164,20.1256579
338137,4040470062341,5,1,189.81828,59.733124,0.73121417,0.72494054,3.94954685,1.68144,20.8872788
338139,4040470062740,0,0,189.7087,59.707085,0.7226038,0.7263163,0.632883935,0.1191,22.4394188
338140,4040470062983,1135,1,189.61252,59.707615,0.73705053,0.7255272,-2.27820056,0.1509,19.2546025
338505,3737400534004,3,1,189.67522,59.7457,0.30133265,0.30170745,-0.38045677,2.436,21.5218341
338794,4141510410641,0,0,189.53183,59.70957,1.0523095,1.0506687,-4.72044852,0.2682,21.7754634
338901,3838430099943,45,1,189.7982,59.78154,0.4328115,0.4328983,3.34178457,4.5864,20.9000262
338973,4141510410457,0,0,189.51434,59.76124,1.0525506,1.0504302,-5.24981916,3.3684,20.3551366
339053,3737410886520,7,1,189.72649,59.771645,0.36660162,0.36718613,1.17133469,3.9927,20.8963621
339080,4140490756057,34,1,189.6537,59.742504,0.9037587,0.8999475,-1.0318036,2.24424,21.4296686
339144,4040480676802,53,1,189.62177,59.617104,0.8087529,0.8074371,-1.99823039,-5.27976,21.9572627
339234,4141500115721,41,1,189.6789,59.78573,0.96581393,0.9652814,-0.26907404,4.8378,20.6545657
339267,3636380638461,0,0,189.709,59.65318,0.18342118,0.18338716,0.641964049,-3.1152,19.9323187
340027,4040470556963,0,0,189.71407,59.64479,0.7481184,0.7514124,0.795417973,-3.6186,18.2755908
340039,4040480676802,87,1,189.64279,59.606625,0.8076632,0.8074371,-1.36201708,-5.9085,22.2369346
340045,4040480788207,0,0,189.5913,59.767258,0.8277381,0.8287689,-2.92046728,3.72948,20.1337033
340402,4040470062341,128,1,189.74738,59.747406,0.73443455,0.72494054,1.80361328,2.53836,22.0274723
340621,4342540228319,0,0,189.56871,59.663677,1.3457681,1.3430612,-3.60419986,-2.48538,21.7012066
340822,4343550867195,0,0,189.68292,59.639454,1.4850669,1.4857025,-0.147400515,-3.93876,21.3439605
340957,3838420015446,0,0,189.63689,59.749775,0.39660642,0.39541686,-1.54059265,2.6805,21.7018435
341278,3838420219787,0,0,189.51213,59.618347,0.43053725,0.42996413,-5.31670933,-5.20518,19.7107446
341461,3838440833914,15,1,189.51503,59.802727,0.53248656,0.530603,-5.2289349,5.85762,20.8906925
341475,4140490767019,81,1,189.49844,59.70484,0.9067122,0.9013224,-5.73106519,-0.0156,21.212092
341572,3737410886679,0,0,189.75127,59.616356,0.36645678,0.3678108,1.92135209,-5.32464,18.4234982
341882,4040470063194,269,1,189.51585,59.69529,0.72062343,0.72735864,-5.20411592,-0.5886,22.4318117
341956,4141510914681,0,0,189.59454,59.767952,1.0677569,1.0649823,-2.82240205,3.77112,21.5166417
342042,4242520012938,0,0,189.7437,59.630657,1.123371,1.1236727,1.69223055,-4.46658,21.3584663
342307,4040470063089,0,0,189.55864,59.679054,0.725154,0.72687185,-3.90898901,-1.56276,21.3985539
342309,4040470064477,188,1,189.70245,59.664337,0.7269176,0.7312106,0.443714897,-2.44578,21.3868093
342963,4040470063051,0,0,189.61855,59.719944,0.72873574,0.7266064,-2.09569028,0.89064,19.9060379
343111,3838420220104,0,0,189.75757,59.76351,0.43330073,0.4312724,2.11203448,3.5046,19.3793571
343223,4141490528640,0,0,189.86546,59.61228,0.9086915,0.91057974,5.37754609,-5.5692,21.0039239
343235,4141500115980,0,0,189.7576,59.79958,0.9691229,0.9694605,2.11294249,5.6688,20.0213476
343445,4646620097962,0,0,189.76973,59.73813,2.4177687,2.423563,2.48008176,1.9818,22.1946484
343662,4040470060853,0,0,189.8212,59.692696,0.7277647,0.73135555,4.03792663,-0.74424,22.2505704
344111,3737400513616,0,0,189.77695,59.78517,0.28917187,0.29046616,2.69860984,4.8042,22.2797556
344236,4141510923000,0,0,189.56187,59.6679,1.0722145,1.0696617,-3.81122645,-2.232,20.5999634
344319,3737410803636,0,0,189.71971,59.72487,0.34358054,0.3450557,0.966124114,1.1862,22.3948081
344363,4242530120977,1,1,189.7825,59.78654,1.2105967,1.2106119,2.86659194,4.8864,21.9895964
344841,4141500105862,19,1,189.83784,59.63515,0.95577085,0.95646906,4.54157028,-4.197,20.6352009
345236,4141510410810,6,1,189.7182,59.76483,1.0553087,1.0529618,0.920420874,3.5838,22.369574
345364,4040470062983,2499,1,189.69124,59.70397,0.7305719,0.7255272,0.104421309,-0.0678,21.995739
345369,4040470064407,0,0,189.75906,59.67098,0.7295793,0.7305422,2.15713238,-2.0472,18.5750937
345379,4040470556963,91,1,189.69403,59.664253,0.74788976,0.7514124,0.188866368,-2.45082,21.1423335
345765,4343550071367,0,0,189.79068,59.775414,1.4298465,1.4307812,3.11417638,4.21884,21.1386207
346231,4141500115721,55,1,189.67215,59.783302,0.9616976,0.9652814,-0.473376602,4.69212,21.0635151
346420,4040470064919,0,0,189.56976,59.6426,0.7312588,0.73501754,-3.57241946,-3.75,20.9150385
346825,4242530807112,0,0,189.60492,59.76487,1.2439073,1.2454509,-2.50823012,3.5862,20.2062588
347200,4242520240658,0,0,189.64684,59.776764,1.1918247,1.1930529,-1.23943554,4.29984,22.3710563
347307,4141500115896,0,0,189.55978,59.800316,0.9700355,0.9696777,-3.87448458,5.71296,22.3712553
347429,4140490755987,174,1,189.7995,59.780006,0.902345,0.9001972,3.38113173,4.49436,20.0749262
347616,4646620096285,0,0,189.85913,59.79992,2.4140966,2.411076,5.18595569,5.6892,21.5216724
347670,4040470064544,0,0,189.67319,59.773827,0.7296837,0.73361516,-0.441898874,4.12362,22.2996005
347763,4343550891692,0,0,189.7341,59.69677,1.5182503,1.5180342,1.40166691,-0.4998,22.0740921
348282,3939450216308,0,0,189.52792,59.77095,0.60600924,0.6077895,-4.83879267,3.951,20.414757
348502,4343560791194,0,0,189.86493,59.708313,1.5493034,1.5449016,5.36150456,0.19278,21.6059392
348561,3838420015490,0,0,189.66817,59.695183,0.39757797,0.39773923,-0.593839446,-0.59502,20.4260928
348608,3838440843444,0,0,189.87566,59.61509,0.5381825,0.535578,5.68626996,-5.4006,21.362125
348651,4040480807595,0,0,189.6688,59.75965,0.83965963,0.8404432,-0.574771207,3.273,21.7527175
348748,3838420219862,164,1,189.73477,59.689335,0.43134397,0.42982814,1.42194583,-0.9459,19.5541188
348811,4646620712333,0,0,189.59094,59.80422,2.5486264,2.551503,-2.93136342,5.9472,22.3391827
348860,4242520238428,0,0,189.62668,59.648422,1.1861404,1.1840788,-1.84961919,-3.40068,21.6389237
349089,4141510335569,0,0,189.54427,59.719154,1.0241698,1.0242687,-4.34392647,0.84324,22.2325505
349099,4141510914882,52,1,189.80827,59.66885,1.0706904,1.0652438,3.64657372,-2.175,21.0111834
349129,3838430133430,1,1,189.87325,59.755447,0.45094407,0.45530945,5.61332638,3.02082,22.4305418
349207,4141490516967,11,1,189.78485,59.6111,0.8973884,0.9015272,2.9377195,-5.64,20.3615715
349576,3838430130247,4,1,189.86162,59.735226,0.44893268,0.44950536,5.26132064,1.80756,21.9437077
349778,3636370019649,4,1,189.78735,59.80135,0.12443285,0.12254663,3.01338712,5.775,20.1906127
349869,4242520245481,20,1,189.52579,59.660156,1.1977928,1.1963984,-4.90326148,-2.69664,22.3178649
349998,3838430098901,43,1,189.85588,59.679596,0.43527606,0.43413183,5.08758779,-1.53024,20.9434641
349999,3838430099980,49,1,189.87648,59.801765,0.43299735,0.43373275,5.71108894,5.7999,21.4479166
350580,3838430113491,988,1,189.49185,59.704483,0.44112614,0.43987277,-5.93052503,-0.03702,20.7694513
350624,3838440686811,0,0,189.72775,59.786877,0.5065306,0.5050312,1.20947116,4.90662,22.3239235
351866,4141510944645,209,1,189.88557,59.64065,1.0919142,1.0877839,5.98621639,-3.867,22.2704615
352097,4242520010764,0,0,189.66547,59.628357,1.1167738,1.1162152,-0.67556047,-4.60458,22.4070245
352417,4040470062983,2548,1,189.72165,59.726994,0.72888774,0.7255272,1.02484218,1.31364,18.4097786
352899,3737410886679,6,1,189.75925,59.619408,0.36682594,0.3678108,2.16288312,-5.14152,21.3216091
352957,4343560853174,1,1,189.75768,59.802635,1.5636615,1.5603367,2.11536386,5.8521,22.4553372
353092,4141510410652,0,0,189.505,59.68652,1.051905,1.0502609,-5.53251337,-1.1148,22.2934729
353112,3737390417573,0,0,189.82034,59.68866,0.2520443,0.25249183,4.01189697,-0.9864,18.1465217
353192,4242520240595,0,0,189.67053,59.796814,1.1927574,1.192312,-0.522409217,5.50284,22.0105677
353313,4040470062983,2222,1,189.7222,59.697876,0.7251059,0.7255272,1.04148906,-0.43344,19.3450902
354604,4040470063194,251,1,189.51666,59.642097,0.71959656,0.72735864,-5.17959961,-3.78018,19.9889568
354606,4040470064264,89,1,189.5159,59.718113,0.72961044,0.7310335,-5.20260257,0.78078,20.7071041
354636,4040490445237,0,0,189.84001,59.651627,0.8833744,0.8798527,4.60724977,-3.20838,22.1214425
354857,3838440747053,0,0,189.65036,59.77014,0.51836866,0.5178497,-1.13289554,3.9024,21.2279656
355426,3838430130247,17,1,189.8767,59.768547,0.44900107,0.44950536,5.71774769,3.80682,20.3876933
356325,3837420286867,0,0,189.68013,59.680573,0.39182577,0.3896184,-0.231845574,-1.47162,19.3621936
356367,3636370020003,51,1,189.81647,59.637066,0.12484738,0.12308383,3.8947635,-4.08204,21.1933673
356480,4040470063130,63,1,189.62233,59.64563,0.72354513,0.7268023,-1.98128084,-3.5682,19.4723674
356482,4040470064477,54,1,189.70212,59.6323,0.72848153,0.7312106,0.433726772,-4.368,19.1223647
356544,4242530806965,0,0,189.59651,59.801224,1.2420423,1.2434293,-2.76277597,5.76744,22.4684953
356648,4040480676533,0,0,189.76663,59.76804,0.80743015,0.80783516,2.38625392,3.7764,22.0531604
356661,4040480864438,37,1,189.73396,59.751747,0.8475894,0.847686,1.39742952,2.79882,20.2379791
356840,3838420219321,0,0,189.73163,59.71396,0.43135166,0.4288811,1.3269073,0.5316,20.9445616
356843,3838430130247,0,0,189.87926,59.741966,0.4483892,0.44950536,5.79523133,2.21196,19.199671
357056,4141500115721,23,1,189.68459,59.78469,0.9664684,0.9652814,-0.0968545477,4.7754,22.3115275
357283,4646620017883,18,1,189.81586,59.786964,2.37875,2.380572,3.8763006,4.91184,22.0811576
357352,3838420219862,54,1,189.66034,59.702415,0.42943832,0.42982814,-0.830830417,-0.1611,20.406694
357680,4141510944645,29,1,189.83932,59.675957,1.0902427,1.0877839,4.58636551,-1.74858,21.2818261
357966,4343560857454,0,0,189.69609,59.768776,1.5630428,1.5658597,0.251216483,3.82056,22.3240712
358233,3838420194297,0,0,189.57256,59.682877,0.42436436,0.42394185,-3.48767173,-1.33338,21.971481
358237,3838430100472,0,0,189.71283,59.669716,0.43843135,0.43797725,0.757886836,-2.12304,21.6509116
358266,3838440754632,54,1,189.59363,59.627068,0.5203091,0.5183723,-2.84994507,-4.68192,21.4276678
358399,3636390389459,107,1,189.85121,59.63375,0.211392,0.21353468,4.94624068,-4.281,22.1237808
358654,4242520013094,0,0,189.78737,59.676678,1.1237364,1.124757,3.01399246,-1.70532,21.7810809
358940,3636380830699,2,1,189.51482,59.78678,0.18811768,0.1884361,-5.23529098,4.9008,21.6065124
359232,3838420219862,239,1,189.54712,59.70055,0.42982516,0.42982814,-4.25766538,-0.273,19.6669033
359385,3838420219862,184,1,189.66771,59.66003,0.43126518,0.42982814,-0.607762287,-2.7042,21.7318419
359472,3838420013074,0,0,189.54008,59.730873,0.396917,0.3954579,-4.47074539,1.54638,20.22363
359479,3838420194417,0,0,189.53088,59.773163,0.42536095,0.42479026,-4.74920221,4.08378,22.1075126
360537,3939460733363,0,0,189.80208,59.622856,0.65230405,0.6521707,3.45922071,-4.93464,21.0540397
360646,4241520601545,0,0,189.70038,59.769806,1.1111561,1.1092454,0.381062111,3.88236,22.1320463
360939,3838420219862,219,1,189.64261,59.738052,0.43323457,0.42982814,-1.36746515,1.97712,18.7374062
360994,4444570091151,0,0,189.7961,59.730293,1.6757724,1.6809051,3.27822377,1.51158,22.0756004
361297,4040470064477,0,0,189.69603,59.650223,0.7277805,0.7312106,0.24940046,-3.29262,18.0279371
361667,4039470168095,6,1,189.64328,59.639336,0.6977763,0.7001348,-1.34718622,-3.94584,20.7978744
361690,4040480101164,0,0,189.74446,59.661777,0.77902687,0.78058183,1.71523351,-2.59938,22.1957523
361860,3838420219862,260,1,189.58469,59.644833,0.42859778,0.42982814,-3.12053246,-3.61602,19.7551631
362035,4040470063051,10,1,189.59706,59.721508,0.7282148,0.7266064,-2.7461291,0.98448,21.7499528
362236,4040470062983,1508,1,189.67354,59.710045,0.7288813,0.7255272,-0.431305408,0.2967,19.4500493
362400,3636390389459,72,1,189.80185,59.71324,0.21443817,0.21353468,3.45225929,0.4884,19.4416151
362465,4040470062983,2250,1,189.6715,59.69226,0.727326,0.7255272,-0.493050182,-0.7704,19.8303104
362652,4343560872623,0,0,189.86853,59.791405,1.568766,1.5719969,5.47046592,5.1783,21.888907
362692,4141500910988,0,0,189.5746,59.785484,1.0076435,1.0089388,-3.42592696,4.82304,21.163497
362725,4040470063130,121,1,189.59259,59.671455,0.72346824,0.7268023,-2.88142279,-2.0187,21.9020506
362891,4545590071835,0,0,189.70949,59.605392,1.971885,1.971491,0.656794902,-5.98248,21.254604
363085,4040470064264,24,1,189.54892,59.712723,0.7257697,0.7310335,-4.2031847,0.45738,20.7595169
363154,4040480863357,0,0,189.4901,59.724052,0.8423962,0.84249085,-5.98349236,1.13712,22.0532487
363301,4242520092365,0,0,189.67175,59.607803,1.1523316,1.15229,-0.485483421,-5.83782,21.189551
363544,3838430109064,0,0,189.63464,59.644794,0.439321,0.4386782,-1.6086935,-3.61836,19.5953202
363672,4242531012549,0,0,189.82132,59.632233,1.3006817,1.3026327,4.04155867,-4.37202,22.3835293
363999,4141510335564,0,0,189.5198,59.76628,1.0246348,1.0247467,-5.08456109,3.6708,22.2301937
364014,4141510944645,44,1,189.83774,59.666016,1.0892724,1.0877839,4.53854357,-2.34504,20.5355443
364489,3636370138644,1,1,189.49419,59.72471,0.14888453,0.14776382,-5.85970014,1.1766,22.3651357
364566,4242520012938,1,1,189.7444,59.63041,1.1225064,1.1236727,1.71341748,-4.4814,21.1136121
364643,4040480787390,0,0,189.64053,59.789856,0.8222988,0.82263327,-1.4304206,5.08536,21.5944348
364874,4040470486513,0,0,189.73662,59.619766,0.7323104,0.73691803,1.47793986,-5.12004,18.9782513
364899,4040490447340,12,1,189.88547,59.69268,0.88134885,0.88118446,5.98318969,-0.7452,20.9466364
364900,4040490447440,9,1,189.87512,59.753952,0.88314104,0.882432,5.66992576,2.93112,22.3153246
364912,4040470062983,491,1,189.57674,59.68222,0.7301195,0.7255272,-3.36115548,-1.3728,20.3571111
364913,4040470064264,199,1,189.57454,59.758675,0.73160505,0.7310335,-3.42774298,3.2145,22.0903268
364920,4040470556326,4,1,189.82375,59.635628,0.7490375,0.75103533,4.1151076,-4.16832,19.8406447
364932,4040480783276,0,0,189.55855,59.70527,0.81929106,0.8187661,-3.91171305,0.0102,20.3461111
364946,4241520601558,0,0,189.74852,59.734367,1.1115599,1.1100471,1.83811771,1.75602,21.0769374
365032,4242530991383,0,0,189.51425,59.720848,1.2884054,1.2887338,-5.25254319,0.94488,22.3208559
365090,4040480101202,0,0,189.85356,59.607803,0.7793581,0.78004754,5.01736824,-5.83782,21.7675476
365164,3838420127252,1,1,189.8346,59.72386,0.41559654,0.4145783,4.44350505,1.1256,20.2315653
365197,3838440755518,0,0,189.62373,59.64495,0.51972413,0.51974314,-1.93890698,-3.609,20.1382483
365419,4040470062405,21,1,189.61621,59.738083,0.72465986,0.72514576,-2.16651516,1.97898,22.4464734
365527,3838430133628,78,1,189.86214,59.644096,0.45324528,0.45556587,5.2770595,-3.66024,19.2476981
365677,4040470062233,10,1,189.81644,59.71283,0.7296112,0.72477067,3.89385549,0.4638,21.7825057
365711,4040490447480,0,0,189.8821,59.66324,0.8835761,0.8818362,5.88118974,-2.5116,22.2910025
366097,4040470557905,0,0,189.82845,59.62208,0.750646,0.7548232,4.25736271,-4.9812,22.0948006
366249,4141510925205,0,0,189.64474,59.718292,1.0768679,1.0760952,-1.30299634,0.79152,21.6001408
366444,3838440746203,47,1,189.72073,59.797935,0.51201123,0.51248974,0.996996501,5.5701,17.7851023
366500,3838440746203,285,1,189.73032,59.728043,0.5127057,0.51248974,1.28725747,1.37658,21.0380897
367319,4141500063434,0,0,189.73982,59.790276,0.9404269,0.939204,1.57479441,5.11056,20.18253
367387,4141500115046,40,1,189.55487,59.800823,0.9645843,0.96454483,-4.02309578,5.74338,19.8507103
367434,3838430133628,75,1,189.84253,59.648132,0.45303214,0.45556587,4.68352272,-3.41808,20.0509511
368101,4040470063308,0,0,189.67958,59.661983,0.7286013,0.7297154,-0.248492449,-2.58702,21.4574616
368188,4040470556302,34,1,189.81111,59.6644,0.7458012,0.75089127,3.73253213,-2.442,22.3081474
368245,3838440745021,0,0,189.5788,59.797455,0.5120599,0.5107146,-3.29880536,5.5413,21.1519045
368348,3636380120365,0,0,189.67476,59.63617,0.17263953,0.17229071,-0.394379612,-4.1358,20.0429496
368405,4141510914528,0,0,189.63313,59.72042,1.0667225,1.0625046,-1.65439674,0.9192,21.499226
368667,3838440746343,5,1,189.50993,59.705635,0.51357645,0.5126503,-5.38329683,0.0321,20.5903512
369011,4040470062983,966,1,189.747,59.72445,0.7324218,0.7255272,1.7921118,1.161,18.3709663
369013,4040470064477,466,1,189.69174,59.6513,0.7241906,0.7312106,0.119554832,-3.228,22.2269948
369230,4040470043341,5,1,189.56404,59.757313,0.71726143,0.71548814,-3.74554696,3.13278,22.423526
369236,4040470064477,309,1,189.72556,59.677185,0.7302716,0.7312106,1.14318633,-1.6749,18.9708999
369344,4646620693756,0,0,189.79851,59.668465,2.5021927,2.5041618,3.35116735,-2.1981,22.3745061
370016,3837420287152,10,1,189.65273,59.74713,0.3940925,0.39103702,-1.06116264,2.5218,20.1760798
370288,4040470534871,0,0,189.86414,59.78855,0.74808043,0.7506439,5.33759359,5.007,20.4140634
370507,4242520194794,1,1,189.65732,59.71042,1.159151,1.1603545,-0.922236897,0.3192,21.1724926
370831,4141510923143,13,1,189.49713,59.709454,1.0750403,1.0733814,-5.77071502,0.26124,22.3427291
370950,4343560791301,0,0,189.6599,59.66735,1.5494993,1.5454259,-0.844147918,-2.265,21.1038868
371443,4141510924463,122,1,189.70981,59.68724,1.0766195,1.0727961,0.666480357,-1.0716,22.3712784
371729,4141500105862,27,1,189.83914,59.636627,0.9571126,0.95646906,4.58091744,-4.10838,22.0566877
372031,3636370020003,54,1,189.6043,59.63105,0.12574516,0.12308383,-2.52699568,-4.443,22.0677749
372155,3737410400052,0,0,189.49185,59.682945,0.34067374,0.34040433,-5.93052503,-1.3293,22.3972563
372156,3737410400125,0,0,189.51225,59.62619,0.34041342,0.3406263,-5.31307728,-4.7346,21.4452871
372549,3838440746203,39,1,189.72098,59.79882,0.5131989,0.51248974,1.00456326,5.6232,21.5840148
372669,4141510924419,0,0,189.73755,59.678085,1.0782616,1.0722464,1.50608822,-1.6209,21.9529476
372690,4646620017856,0,0,189.84468,59.786034,2.380104,2.379532,4.74859687,4.85604,21.9665656
372795,4242520012843,0,0,189.72598,59.741745,1.1221647,1.1220648,1.15589849,2.1987,22.1506194
372958,4040470057249,7,1,189.49655,59.660316,0.7285277,0.72985846,-5.78826991,-2.68704,20.8878286
372977,4040480676359,0,0,189.654,59.62375,0.8087972,0.80646217,-1.02272349,-4.881,21.7028264
372987,4040490444098,0,0,189.61871,59.6252,0.8821762,0.87890154,-2.09084755,-4.794,22.3970903
373103,4343560977007,0,0,189.63562,59.73275,1.5857426,1.5870745,-1.5790318,1.659,21.7348531
373483,4040470056916,14,1,189.64508,59.68811,0.7236257,0.72790575,-1.29270554,-1.0194,21.7352739
374147,4040470063291,0,0,189.6086,59.62567,0.72561044,0.72861695,-2.39684739,-4.7658,18.8764483
374523,4141510924463,117,1,189.75029,59.68271,1.0753887,1.0727961,1.89169039,-1.3434,20.8998258
374556,4646620083394,0,0,189.83374,59.712944,2.4065151,2.4084177,4.41747539,0.47064,22.3215177
374557,4646620096522,0,0,189.83437,59.78122,2.4139667,2.4178388,4.43654363,4.5672,21.9823199
374770,4141500911018,0,0,189.63892,59.750893,1.0081465,1.0088469,-1.47915055,2.74758,20.4130129
374799,4646610108264,0,0,189.702,59.649323,2.343167,2.3387074,0.430094726,-3.34662,22.3490005
375076,4242530607836,0,0,189.68253,59.759575,1.2250044,1.2277731,-0.159204663,3.2685,21.9248924
375388,4343560853174,271,1,189.77994,59.800396,1.560926,1.5603367,2.7891083,5.71776,21.0745989
375400,4342540225800,0,0,189.53523,59.718243,1.341708,1.3389571,-4.61754056,0.78858,21.5427479
375745,4141500115969,0,0,189.79912,59.794273,0.96870846,0.9687961,3.36963025,5.35038,22.4703718
375772,4141510915151,0,0,189.80646,59.635696,1.071087,1.0668379,3.59179037,-4.16424,20.6913398
375853,4141490541479,0,0,189.57812,59.794228,0.9158359,0.9179756,-3.31938695,5.34768,20.8808439
376023,4141510923168,18,1,189.56026,59.688683,1.0745907,1.0732555,-3.8599564,-0.98502,21.431666
376180,3838430099911,120,1,189.78633,59.78537,0.43561295,0.43235788,2.98251473,4.8162,21.8349068
376181,3838430100430,5,1,189.50659,59.705223,0.43935537,0.43709767,-5.48438877,0.00738,21.3485807
376245,4242520221436,0,0,189.62323,59.610657,1.1727278,1.1706761,-1.9540405,-5.66658,22.1698523
376345,3838440746203,16,1,189.67471,59.790745,0.5107225,0.51248974,-0.395892964,5.1387,20.6159377
376415,4040470063194,183,1,189.58122,59.676525,0.7235857,0.72735864,-3.22555911,-1.7145,21.7280816
376989,4141510889847,0,0,189.65596,59.803413,1.0675503,1.0637552,-0.963400079,5.89878,20.6895592
377097,4141510410756,0,0,189.80513,59.656967,1.0543903,1.0523958,3.5515352,-2.88798,21.0689675
377628,4040470062983,1551,1,189.52922,59.755676,0.7317701,0.7255272,-4.79944551,3.03456,18.845903
377634,4040470533447,0,0,189.67422,59.746758,0.7416887,0.74461967,-0.410723816,2.49948,21.9844813
377735,4242520239426,0,0,189.60071,59.7154,1.1918368,1.1902723,-2.63565438,0.618,21.841216
377900,4242520239212,0,0,189.7966,59.681488,1.1898389,1.1888543,3.29335729,-1.41672,20.302899
378656,4343550075427,0,0,189.787,59.68147,1.4291999,1.4319943,3.00279365,-1.4178,21.2919235
379004,3838440746203,203,1,189.69905,59.797894,0.5116935,0.51248974,0.34080694,5.56764,22.4869935
379159,3838430115420,0,0,189.5514,59.67739,0.44219583,0.4451405,-4.12812243,-1.6626,20.3791702
379181,3838440746203,242,1,189.73904,59.796272,0.5131012,0.51248974,1.55118612,5.47032,21.805619
379230,4242520194794,17,1,189.6707,59.71618,1.1614841,1.1603545,-0.517263819,0.6648,21.6492076
379309,4343550895042,0,0,189.67883,59.627075,1.5250208,1.5230818,-0.271192734,-4.6815,22.2392444
380257,4141490603602,0,0,189.69276,59.63743,0.92936593,0.93004566,0.150427219,-4.0602,21.6737854
380376,3838430133628,85,1,189.83932,59.6458,0.45143256,0.45556587,4.58636551,-3.558,20.9338573
380838,4545600849598,0,0,189.87022,59.71431,2.1626422,2.1617548,5.52161723,0.5526,22.135947
380978,4545610848688,0,0,189.8574,59.607918,2.2463315,2.2466123,5.1335937,-5.83092,21.9483599
381131,3838420219307,6,1,189.73097,59.764378,0.43245006,0.42865527,1.30693105,3.55668,22.0827427
381321,4343560872810,16,1,189.87746,59.80474,1.5767939,1.5770797,5.74075065,5.9784,22.4084205
381549,4646620131277,0,0,189.57068,59.716537,2.4451427,2.450977,-3.54457378,0.68622,22.1867834
381914,3737400013670,3,1,189.51622,59.66579,0.26404446,0.26433396,-5.19291711,-2.3586,19.6462999
381932,3636370020003,58,1,189.60748,59.63971,0.12368163,0.12308383,-2.43074648,-3.9234,22.280938
382381,4545600058301,0,0,189.74779,59.646847,2.0710986,2.0680645,1.81602277,-3.49518,21.1443556
382648,4140490755506,40,1,189.57944,59.789276,0.9016846,0.89750576,-3.27943445,5.05056,20.0363605
382728,4141500063537,6,1,189.75642,59.75335,0.9415661,0.94058937,2.07722738,2.895,21.6908634
383052,3838430130129,0,0,189.56891,59.75129,0.44601032,0.44840455,-3.59814645,2.7714,22.4186224
383096,4040490447060,0,0,189.49739,59.799,0.884588,0.88219684,-5.76284559,5.634,22.3202478
383179,4040480102282,2,1,189.55907,59.758797,0.7891296,0.7890918,-3.89597418,3.22182,21.5400357
383291,4141510411912,0,0,189.54216,59.77299,1.0644083,1.0605638,-4.40778993,4.0734,22.3682747
383557,4242520245444,0,0,189.529,59.670006,1.1965405,1.1957214,-4.80610426,-2.10564,19.8752382
383586,3837420286301,0,0,189.83163,59.699516,0.3909416,0.3883645,4.35361192,-0.33504,22.4643712
383633,4040470062251,106,1,189.80994,59.74386,0.7261572,0.7251441,3.69711969,2.3256,21.5449205
383734,4141510406957,0,0,189.55229,59.78375,1.0486689,1.0468321,-4.10118476,4.719,22.4963672
383916,3838430100485,0,0,189.88525,59.62862,0.4376857,0.4370236,5.97653094,-4.5888,21.2840681
383985,4141510410716,0,0,189.7746,59.6482,1.0556998,1.0519516,2.62748228,-3.414,22.1790345
384194,4241520601555,0,0,189.77437,59.737602,1.1121442,1.1097271,2.62052086,1.95012,22.1760006
384296,4040470564989,0,0,189.81424,59.740593,0.7524368,0.75590396,3.82726799,2.12958,22.3429425
384949,3838430132229,0,0,189.51468,59.63787,0.45143065,0.45318905,-5.23952836,-4.0338,22.0939964
384952,3838430783456,0,0,189.69609,59.65656,0.4642193,0.46645606,0.251216483,-2.9124,20.9975221
385156,4140490756057,31,1,189.62445,59.742912,0.9029468,0.8999475,-1.9171147,2.26872,19.2743094
385383,4242530807896,0,0,189.72415,59.658417,1.2469288,1.2488403,1.1005098,-2.80098,20.8337565
385645,4141490516258,11,1,189.70905,59.62888,0.90429807,0.9003977,0.643477401,-4.5732,20.5507204
385810,3636370208415,0,0,189.57246,59.611935,0.14861947,0.14813891,-3.49069843,-5.5899,20.7073971
385928,4141510410728,0,0,189.6917,59.690063,1.0548054,1.0522058,0.118344151,-0.90222,20.0833972
386038,4343550894690,0,0,189.80537,59.621696,1.5175742,1.5162598,3.55879929,-5.00424,21.9255511
386115,4040470062983,1267,1,189.73015,59.706894,0.72660524,0.7255272,1.28211208,0.10764,20.2536425
386118,4040470064562,0,0,189.64688,59.689774,0.7276827,0.73228747,-1.23822486,-0.91956,22.3932337
386903,3838440746756,0,0,189.61804,59.721157,0.5142834,0.5148788,-2.11112647,0.96342,21.4631892
386912,4040470062983,841,1,189.71205,59.69265,0.73360693,0.7255272,0.73427854,-0.747,20.5259051
386914,4040470486513,7,1,189.73018,59.63069,0.7316318,0.73691803,1.28302009,-4.4646,21.2760903
387275,4343540058619,0,0,189.83815,59.672405,1.3533221,1.3509456,4.55095306,-1.9617,21.6591462
387329,4343560857401,0,0,189.66037,59.768166,1.5624822,1.5640552,-0.829922406,3.78396,20.1848502
387592,4141510944645,264,1,189.87799,59.642212,1.0882938,1.0877839,5.75679218,-3.77328,22.3904393
387633,4343550883106,0,0,189.84149,59.736885,1.5024419,1.502203,4.652045,1.9071,21.1979587
387647,4343560853174,79,1,189.72884,59.79694,1.5608028,1.5603367,1.24246225,5.5104,22.1938357
387817,3838440746203,46,1,189.83275,59.78877,0.5111456,0.51248974,4.38751101,5.0202,20.4937641
387971,4343550071373,12,1,189.81819,59.753937,1.4292371,1.4309676,3.94682282,2.93022,22.0739744
388013,4343560873087,14,1,189.85268,59.623142,1.5702951,1.5737914,4.99073324,-4.91748,22.4789264
388240,3737400512475,0,0,189.84196,59.777725,0.28714392,0.28821757,4.66627051,4.3575,21.068816
388243,3737410329189,0,0,189.70409,59.80181,0.32271403,0.32293758,0.493352853,5.8026,19.5947512
388479,4040470565409,0,0,189.6277,59.767326,0.75311816,0.75637144,-1.8187468,3.73356,21.6227997
388557,4343560866540,0,0,189.52734,59.67524,1.5644435,1.5664779,-4.85634756,-1.7916,21.5850025
388996,3838440745885,3,1,189.65178,59.61226,0.51435876,0.5113964,-1.08991633,-5.5704,21.7412392
389044,3636390389459,53,1,189.74362,59.69477,0.21045572,0.21353468,1.68980919,-0.6198,20.8997633
389266,4040470063194,122,1,189.58304,59.681854,0.7182372,0.72735864,-3.17047309,-1.39476,21.2427752
389473,3838440833700,0,0,189.52199,59.75124,0.5320377,0.5287991,-5.01827625,2.7684,21.3094459
390248,3737400062190,0,0,189.63268,59.618958,0.27156198,0.2719544,-1.66801691,-5.16852,20.6516397
390691,3838440686786,34,1,189.65433,59.69026,0.50541186,0.50434506,-1.01273536,-0.8904,22.3781156
391069,4040470062341,31,1,189.72737,59.733025,0.72973406,0.72494054,1.19796969,1.6755,21.3667844
391185,4242530588967,5,1,189.6174,59.626637,1.2077531,1.2061696,-2.13049738,-4.70778,21.8160819
391591,4343550890861,0,0,189.85054,59.705902,1.5155611,1.5143603,4.92596176,0.04812,22.251479
391600,4343560854353,0,0,189.58136,59.746777,1.5633594,1.5642595,-3.22132172,2.50062,21.891228
391857,4040470565447,0,0,189.69833,59.78074,0.75481504,0.75787115,0.319014667,4.5384,22.2109303
391890,4343540569592,0,0,189.53026,59.71822,1.409519,1.4087685,-4.76796778,0.7872,21.8801222
392402,4242520090353,0,0,189.54161,59.61635,1.1411097,1.1423755,-4.42443681,-5.325,21.7961328
392616,4040470486483,0,0,189.67267,59.679604,0.73305994,0.73673576,-0.457637738,-1.52976,21.9901088
392885,4343550075191,0,0,189.56094,59.783966,1.4302139,1.4318417,-3.83937481,4.73196,21.3809761
393058,3838440754632,14,1,189.56253,59.63304,0.5181906,0.5183723,-3.7912502,-4.3236,19.3366558
393459,3838420219307,12,1,189.74956,59.766457,0.43007675,0.42865527,1.86959544,3.68142,21.5591171
393569,4141510924463,52,1,189.73038,59.667873,1.0752251,1.0727961,1.2890735,-2.23362,22.1114138
393603,4343540490731,3,1,189.5535,59.733597,1.3619868,1.3608763,-4.06456163,1.70982,21.8783855
393688,3838430109026,0,0,189.56166,59.61283,0.43736863,0.43656942,-3.81758253,-5.5362,21.6491804
393993,4343540569370,0,0,189.63779,59.77139,1.4082037,1.4076587,-1.51335231,3.9774,22.4966151
394293,4141510342957,0,0,189.59418,59.791447,1.0321693,1.0308429,-2.83329819,5.18082,21.7179417
394700,4040470064407,43,1,189.7417,59.667744,0.7298418,0.7305422,1.63169646,-2.24136,20.6465768
394706,4040470556326,0,0,189.82584,59.63614,0.7476694,0.75103533,4.17836572,-4.1376,19.7064566
395586,4040470062345,0,0,189.83002,59.731995,0.72427076,0.7252329,4.30488198,1.6137,22.2291441
395616,3737400534028,0,0,189.74869,59.685265,0.30185044,0.30261147,1.84326311,-1.1901,21.8143333
395709,3838420127261,0,0,189.83698,59.757103,0.41514814,0.4146754,4.51554062,3.12018,21.2951933
395987,3838440686803,0,0,189.60535,59.783024,0.5059862,0.5051067,-2.49521529,4.67544,19.9907196
396114,3737410396276,0,0,189.53496,59.72896,0.3401566,0.33897814,-4.62571267,1.4316,19.7351038
396432,4040470062983,1601,1,189.50427,59.71956,0.7293018,0.7255272,-5.55460831,0.8676,20.1285858
397436,4545590072530,16,1,189.6744,59.674686,1.9741325,1.9748608,-0.405275748,-1.82484,22.0361461
397467,4140490756108,0,0,189.63824,59.709976,0.904377,0.9004717,-1.49973214,0.29256,20.2716554
397505,4039460402337,0,0,189.55342,59.628967,0.6966732,0.69873005,-4.06698299,-4.56798,20.9096694
397551,4040470064407,6,1,189.78787,59.668297,0.73226696,0.7305422,3.02912598,-2.20818,21.7313151
397583,4040470062152,0,0,189.8614,59.760433,0.7266876,0.7244265,5.25466188,3.31998,18.0855292
397588,4040470486536,7,1,189.58992,59.66393,0.73349065,0.7370395,-2.96223581,-2.4702,22.0874109
397727,3838430130151,6,1,189.82628,59.744427,0.44748807,0.4485978,4.19168322,2.35962,21.5961718
397862,4040470063130,87,1,189.5892,59.641926,0.7223672,0.7268023,-2.98402808,-3.79044,22.0353458
397897,4040470062438,0,0,189.5719,59.734554,0.7268434,0.7254628,-3.50764798,1.76724,22.335127
397921,4040480788524,0,0,189.51508,59.802742,0.8286542,0.83021,-5.22742154,5.85852,20.2013172
398161,4141510410911,0,0,189.54549,59.7314,1.0564009,1.0543083,-4.30700067,1.578,21.2952485
398165,4141510915633,0,0,189.88599,59.638855,1.0723151,1.0680909,5.99892855,-3.9747,20.9089159
398235,4140490755987,149,1,189.80466,59.74167,0.90103453,0.9001972,3.53730969,2.1942,21.1063448
398329,4242530785486,0,0,189.86409,59.614532,1.2190092,1.2233661,5.33608024,-5.43408,21.9251337
398539,4141510410810,8,1,189.7216,59.771927,1.0576185,1.0529618,1.02332883,4.00962,22.3101255
398689,4140490302743,0,0,189.72768,59.62757,0.89302504,0.88848424,1.20735247,-4.6518,22.4054327
398721,4141500910357,0,0,189.54115,59.683342,1.0084473,1.0091668,-4.43835965,-1.30548,21.9508961
398812,4343550890804,101,1,189.73788,59.717243,1.5160487,1.5122691,1.51607634,0.72858,22.0515662
398880,3837420286871,33,1,189.67967,59.65258,0.3915824,0.38934916,-0.245768415,-3.1512,20.743011
399426,3838420219307,28,1,189.72774,59.768837,0.42911965,0.42865527,1.20916849,3.82422,19.9020062
399997,3938440373803,13,1,189.865,59.649857,0.54094523,0.53861845,5.36362325,-3.31458,21.8560237
400070,3939460734515,0,0,189.57112,59.746277,0.65656644,0.65653324,-3.53125628,2.47062,19.8814998
400142,3939460885560,0,0,189.81526,59.63173,0.67750925,0.6798673,3.85814037,-4.4022,22.1071452
400656,4140490755987,116,1,189.73001,59.75556,0.8989734,0.9001972,1.27787469,3.0276,22.4672665
401022,4545590595240,0,0,189.83391,59.79949,2.0444624,2.0427654,4.42262079,5.6634,22.0340656
401196,3838440686786,1,1,189.68883,59.688778,0.50506854,0.50434506,0.031477728,-0.97932,19.9950136
401553,4242530990773,0,0,189.705,59.7611,1.2794763,1.2801889,0.520895865,3.36,21.2225511
402055,4141510914747,0,0,189.71205,59.735672,1.0702044,1.06619,0.73427854,1.83432,20.757466
402073,3838430133427,0,0,189.83057,59.75316,0.4493178,0.45514166,4.32152885,2.8836,18.8766226
402276,4645610396332,0,0,189.61975,59.786568,2.3134198,2.3103595,-2.05936982,4.88808,21.4215489
402398,3838430805918,0,0,189.643,59.758987,0.4945986,0.4929703,-1.355661,3.23322,18.3543309
402433,4040480101733,0,0,189.79036,59.781578,0.7790289,0.7802068,3.10449093,4.58868,21.2173068
402516,4646620694522,0,0,189.78464,59.61281,2.5056105,2.5079834,2.93136342,-5.5374,22.4125852
402560,3838440686789,0,0,189.78926,59.708687,0.5059953,0.5044043,3.07119717,0.21522,19.9281057
403018,3838440746343,254,1,189.49463,59.70768,0.5170505,0.5126503,-5.84638264,0.1548,20.0125319
403048,3838440685672,0,0,189.49257,59.66581,0.49944553,0.4989093,-5.90873275,-2.3574,20.293993
403334,3939450099833,84,1,189.81554,59.80147,0.58712256,0.5858521,3.86661515,5.7822,22.2474667
403722,3838430132382,0,0,189.58243,59.797775,0.45282024,0.45385456,-3.18893598,5.5605,22.1429842
403789,4545610825800,0,0,189.60214,59.768433,2.2342715,2.2345674,-2.5923725,3.79998,21.6709804
404574,4040480806965,27,1,189.49031,59.68999,0.8339167,0.83564246,-5.97713628,-0.9066,21.0602679
404644,3838420012046,0,0,189.87668,59.752556,0.3951035,0.39248157,5.71714235,2.84736,18.0730409
404650,3838430098876,0,0,189.83968,59.66803,0.43458533,0.434388,4.59726164,-2.2242,21.4638521
404823,3838440746697,28,1,189.5043,59.76115,0.51542467,0.51418394,-5.5537003,3.363,20.1889851
404873,3838440833914,215,1,189.58421,59.79474,0.53228855,0.530603,-3.13506064,5.3784,21.9067882
405167,4040470064477,242,1,189.70361,59.647392,0.72642636,0.7312106,0.47882467,-3.46248,22.2999029
405188,4040480864438,51,1,189.72913,59.745094,0.848289,0.847686,1.25123969,2.39964,20.7790525
405636,4141500687836,6,1,189.54863,59.653282,0.9995316,0.99876016,-4.21196214,-3.10908,21.667802
405681,4747640174919,0,0,189.54613,59.643806,2.8840556,2.8810408,-4.28762976,-3.67764,22.2948742
405857,3838430133469,32,1,189.84155,59.790894,0.45155722,0.45543867,4.65386102,5.14764,22.4354989
406369,3737410805794,0,0,189.66888,59.688553,0.35084283,0.35216096,-0.572349843,-0.99282,21.2621436
406371,3737410886920,0,0,189.8032,59.678658,0.3685557,0.3709876,3.4931198,-1.58652,21.1142325
406492,4040470064492,0,0,189.6126,59.655075,0.7269218,0.732155,-2.2757792,-3.0015,22.4938719
406786,4141510926506,0,0,189.4924,59.62221,1.0817121,1.0802342,-5.91387815,-4.9734,21.773004
407061,4140490767019,4,1,189.5001,59.697304,0.9075985,0.9013224,-5.68082189,-0.46776,20.447233
407463,4141510914539,0,0,189.61293,59.733818,1.067174,1.062642,-2.26579108,1.72308,20.2585762
407605,4141510944626,0,0,189.83136,59.65823,1.0911363,1.0871482,4.34543982,-2.8122,20.4398794
407621,4040470062983,1099,1,189.78232,59.686638,0.73188424,0.7255272,2.86114387,-1.10772,21.5440193
407623,4040470062983,1606,1,189.74673,59.746387,0.7328716,0.7255272,1.7839397,2.47722,18.2645156
407661,3737400005301,0,0,189.49225,59.788696,0.26031297,0.26058376,-5.91841821,5.01576,21.5199988
407719,4545600058393,0,0,189.7641,59.662743,2.0678058,2.0703301,2.30967829,-2.54142,21.7502033
408078,4141510914882,33,1,189.80971,59.661865,1.0700881,1.0652438,3.69015827,-2.5941,22.0652797
408088,4040470062136,0,0,189.74832,59.759415,0.7332778,0.7247599,1.8320643,3.2589,22.4608733
408126,4040470062801,15,1,189.60922,59.683685,0.72642004,0.72665036,-2.37808182,-1.2849,22.3190639
408326,4646620251746,0,0,189.57076,59.698303,2.485996,2.482292,-3.54215241,-0.40782,21.8257771
408438,3636390498048,0,0,189.83846,59.791946,0.22497112,0.226745,4.56033585,5.21076,18.4605336
408599,4242530589611,0,0,189.60602,59.705933,1.2067276,1.2095302,-2.47493636,0.04998,19.9302246
408624,4040470062983,514,1,189.67053,59.722122,0.7289007,0.7255272,-0.522409217,1.02132,21.2689228
408774,3737400513043,0,0,189.69868,59.71218,0.28695104,0.28783032,0.329608133,0.4248,21.1885799
408820,3838420012034,0,0,189.81113,59.713997,0.39470646,0.39247712,3.73313747,0.53382,21.5546702
408907,4040470062341,144,1,189.77493,59.71359,0.7293871,0.72494054,2.6374704,0.5094,21.9262153
408924,4040480101213,0,0,189.7969,59.641327,0.7788575,0.780225,3.30243741,-3.82638,19.3964967
409136,3636370208738,432,1,189.80984,59.734955,0.1484492,0.14851473,3.69409298,1.7913,20.6645867
409149,4040470062983,1128,1,189.8681,59.73311,0.7334583,0.7255272,5.45745109,1.6806,22.4064707
409163,4040480097776,0,0,189.56258,59.79042,0.7764566,0.7770057,-3.78973685,5.1192,22.4701421
409292,4040470063130,59,1,189.55986,59.65499,0.72195214,0.7268023,-3.87206322,-3.0066,20.7380751
409488,4140490756057,4,1,189.62328,59.750042,0.90301126,0.8999475,-1.95252715,2.69652,22.2979868
409589,4040470062983,1976,1,189.8767,59.654583,0.7272324,0.7255272,5.71774769,-3.03102,19.6824182
410064,4444570028372,0,0,189.8208,59.788303,1.6728102,1.674367,4.02581981,4.99218,21.3048063
410145,3838440746203,109,1,189.71535,59.77573,0.5131725,0.51248974,0.834159792,4.2378,19.7279101
410146,3838440746295,24,1,189.5946,59.712006,0.511581,0.5127414,-2.82058603,0.41436,21.8699509
410343,3939450644771,0,0,189.53722,59.783577,0.62246287,0.6238403,-4.55730914,4.70862,22.3446758
410354,3939460852083,0,0,189.55096,59.66501,0.66958696,0.67082113,-4.14143993,-2.4054,22.4272628
410378,3636370208738,389,1,189.79105,59.67522,0.14810988,0.14851473,3.12537519,-1.7928,19.9071991
410654,3838430100452,2,1,189.65022,59.652893,0.4386689,0.43739203,-1.13713292,-3.13242,22.0207681
410778,4645610399613,0,0,189.8801,59.739777,2.326582,2.322001,5.82065565,2.08062,21.8243173
410819,4241520601606,0,0,189.65248,59.79184,1.1128781,1.1116838,-1.0687294,5.2044,21.0007151
410843,4242520245528,0,0,189.58347,59.618866,1.1989366,1.1983973,-3.15745826,-5.17404,21.9569935
411079,3838430099911,3,1,189.7826,59.7829,0.43697795,0.43235788,2.86961865,4.668,19.0107649
411183,4141500113604,0,0,189.5145,59.690334,0.9611979,0.9608875,-5.24497643,-0.88596,22.2653642
411413,4141510944645,233,1,189.87738,59.646385,1.0899899,1.0877839,5.73832928,-3.5229,21.850516
411519,4040480787804,0,0,189.53093,59.65316,0.82463455,0.8253879,-4.74768886,-3.1164,21.4522181
411547,3838430099943,103,1,189.81676,59.73375,0.43202564,0.4328983,3.90354094,1.719,18.1694177
411598,3636370208738,278,1,189.62624,59.76522,0.14855754,0.14851473,-1.86293669,3.6072,22.1367875
411645,4343550821604,0,0,189.85268,59.608746,1.4695085,1.4697798,4.99073324,-5.78124,21.5284725
411895,4242520194782,0,0,189.61427,59.69501,1.1585538,1.1590323,-2.22523323,-0.6054,22.0880727
412205,4141500224371,0,0,189.58948,59.779854,0.97727543,0.97574306,-2.97555331,4.48524,21.7077712
412224,4141510410319,0,0,189.5411,59.79743,1.0534571,1.051035,-4.439873,5.5398,22.0287894
412247,4040470064264,65,1,189.5458,59.72283,0.7290857,0.7310335,-4.29761789,1.0638,22.250011
412565,4040480807830,0,0,189.79507,59.722454,0.84160537,0.84244436,3.24704871,1.04124,19.7629829
412969,3837420286871,0,0,189.70233,59.644512,0.3916856,0.38934916,0.440082851,-3.63528,17.6880917
413050,4040480864438,61,1,189.71657,59.76904,0.84639204,0.847686,0.871085589,3.8364,20.7888638
413349,3838430783958,0,0,189.65727,59.686977,0.46597776,0.46839505,-0.923750249,-1.08738,20.8160299
413479,4141490542435,0,0,189.5093,59.785824,0.9227799,0.9232444,-5.40236507,4.84344,21.4600009
413768,4040470064556,0,0,189.65689,59.685093,0.72711694,0.73217094,-0.935251727,-1.20042,20.6039901
413894,4141510915114,8,1,189.66951,59.63039,1.0708362,1.066995,-0.553281604,-4.4826,21.192374
413929,4141500226566,0,0,189.58595,59.749756,0.9792648,0.97904986,-3.08239598,2.67936,22.2956976
414228,3838440754632,0,0,189.59401,59.627262,0.518499,0.5183723,-2.83844359,-4.67028,18.3317215
414243,4040470064477,434,1,189.68602,59.649403,0.7227689,0.7312106,-0.0535726717,-3.34182,22.3493338
414340,3636390389459,0,0,189.81006,59.724457,0.21252152,0.21353468,3.70075173,1.16142,15.9867585
414519,4646630880968,0,0,189.88245,59.787174,2.7370286,2.7357047,5.89178321,4.92444,22.0296532
414704,4141510941819,0,0,189.7227,59.68542,1.0905077,1.0876045,1.05662258,-1.1808,20.9102597
415036,3838420219267,0,0,189.58734,59.712517,0.42925936,0.42775425,-3.04032479,0.44502,21.6432108
415066,3636370208673,18,1,189.71274,59.66303,0.14930835,0.14846638,0.755162802,-2.5242,19.8134891
415071,3636390389459,186,1,189.78748,59.70938,0.21163914,0.21353468,3.01732183,0.2568,22.3514309
415490,4040470062983,759,1,189.67387,59.6995,0.7277151,0.7255272,-0.421317283,-0.336,19.1332413
415676,4040470056879,0,0,189.55818,59.67744,0.72512364,0.72645617,-3.92291185,-1.6596,20.8811225
415678,4040470062983,566,1,189.69922,59.70588,0.7407582,0.7255272,0.345952338,0.0468,19.0283117
415701,4040490381325,0,0,189.8739,59.795525,0.85076606,0.8520417,5.63299996,5.4255,20.3403294
415930,4040480676513,0,0,189.68787,59.729324,0.80640006,0.8073057,0.00242136369,1.45344,22.2859994
416152,4040470063402,0,0,189.59392,59.612633,0.7290884,0.7307036,-2.84116762,-5.54802,22.1426486
416192,4040470064264,165,1,189.54483,59.744427,0.7259004,0.7310335,-4.32697692,2.35962,21.6637495
416528,3838440754632,69,1,189.58461,59.63609,0.517495,0.5183723,-3.12295382,-4.1406,22.119593
416555,3939450216395,106,1,189.6452,59.698387,0.6064277,0.6081184,-1.2890735,-0.40278,21.2501673
416642,3737400005352,2,1,189.61311,59.68537,0.26252818,0.26181787,-2.26034301,-1.1838,21.3019561
416647,3737410400106,45,1,189.81422,59.68995,0.34077746,0.33994228,3.82666265,-0.909,20.6779759
416751,4141510411942,0,0,189.51633,59.680653,1.0640389,1.0599064,-5.18958774,-1.46682,21.2707485
416775,3838420219862,44,1,189.70386,59.70087,0.43022904,0.42982814,0.486391432,-0.2538,19.9891847
416778,3838430100627,142,1,189.85175,59.638496,0.43898088,0.4379401,4.96258489,-3.99624,20.6800994
416848,4141500105827,0,0,189.82664,59.62629,0.9557763,0.9552357,4.20257936,-4.7286,20.3615583
417132,4646620712030,0,0,189.64676,59.732216,2.5476098,2.5488985,-1.2418569,1.62696,22.3803864
417210,3636380638452,0,0,189.75938,59.71775,0.1839622,0.18281922,2.16681784,0.759,22.1922851
417370,4040480864438,67,1,189.73366,59.743935,0.8477621,0.847686,1.38834941,2.3301,19.9251069
417657,4040490445120,5,1,189.84753,59.611557,0.8788846,0.87586004,4.83485795,-5.61258,22.0329878
417755,4040490447377,0,0,189.85165,59.742504,0.884232,0.8817559,4.95955818,2.24424,18.7228352
418053,4343560866530,0,0,189.49756,59.672775,1.5650465,1.5661688,-5.75770019,-1.9395,21.846477
418389,3636370208738,233,1,189.56534,59.804028,0.14865427,0.14851473,-3.7061998,5.93568,21.6475297
418531,3838440746343,73,1,189.49078,59.70105,0.5113309,0.5126503,-5.96291077,-0.243,18.9586475
418591,3838430132401,0,0,189.79745,59.78871,0.45338273,0.45422074,3.31908428,5.0166,18.6884985
418782,4747640173028,0,0,189.6026,59.800312,2.86865,2.8626254,-2.57844966,5.71272,21.5324354
419122,4242520245444,58,1,189.5364,59.67398,1.1992393,1.1957214,-4.58212812,-1.8672,22.2894807
419530,4040470063253,0,0,189.55281,59.628876,0.72346115,0.7279366,-4.08544589,-4.57344,19.9222051
419737,4343560853174,312,1,189.77753,59.779804,1.5577072,1.5603367,2.71616472,4.48224,21.8187082
419773,3838430130182,0,0,189.70157,59.741066,0.44764447,0.44937345,0.417079896,2.15796,22.4572733
420391,3838420122805,0,0,189.63889,59.769047,0.40210056,0.4032182,-1.48005856,3.83682,20.5530995
420396,3838430099939,0,0,189.85986,59.770653,0.4359831,0.43331367,5.20805063,3.93318,22.0257933
420523,4040470062983,2208,1,189.72493,59.701126,0.7308174,0.7255272,1.12411809,-0.23844,19.5339851
420544,4040480796482,0,0,189.8038,59.692993,0.82902664,0.8314557,3.51128003,-0.72642,22.3282749
420581,3838430099911,93,1,189.78844,59.768364,0.4366269,0.43235788,3.0463782,3.79584,20.3579353
420892,4545600862403,0,0,189.81577,59.626377,2.1813598,2.1807601,3.87357657,-4.72338,22.4982343
421088,4343560872058,53,1,189.76445,59.74404,1.564611,1.5664674,2.32027176,2.3364,21.4136404
421134,4141510410747,0,0,189.7693,59.661694,1.055052,1.0523235,2.46706693,-2.60436,19.960815
421208,4242520245470,0,0,189.5568,59.639656,1.19768,1.196047,-3.96468038,-3.92664,21.8085786
421566,4241520601540,0,0,189.81705,59.771553,1.1114032,1.1097995,3.91231839,3.98718,21.8575363
421698,4343560866540,10,1,189.52736,59.67282,1.5636053,1.5664779,-4.85574222,-1.9368,22.4520966
421800,4545600320943,0,0,189.58382,59.74755,2.093516,2.0934677,-3.14686479,2.547,21.8147551
422231,4141510926175,0,0,189.69983,59.673153,1.0760639,1.0761898,0.364415236,-1.91682,22.4042237
422285,3737410400298,0,0,189.79416,59.664673,0.34244877,0.34177968,3.2195057,-2.42562,21.7092811
422335,4140490755987,330,1,189.69998,59.781,0.90197057,0.9001972,0.368955293,4.554,21.6936608
422349,4141500094131,0,0,189.75002,59.684082,0.94793636,0.9479753,1.88351828,-1.26108,21.3753907
422760,4040480787396,0,0,189.69353,59.75288,0.8227937,0.8229896,0.173732845,2.8668,21.5500639
422804,4040480806821,0,0,189.62224,59.708267,0.8313591,0.8330864,-1.98400488,0.19002,19.8547394
422823,3838430099911,86,1,189.81073,59.77394,0.43377727,0.43235788,3.72103066,4.1304,21.756107
423347,4545610866649,0,0,189.7465,59.649437,2.2489865,2.2499175,1.77697828,-3.33978,21.5588809
423578,4141500105827,13,1,189.82555,59.626934,0.9551928,0.9552357,4.16958828,-4.68996,21.877572
423620,4040470062983,977,1,189.6587,59.770733,0.72754186,0.7255272,-0.880468373,3.93798,21.0258551
423758,4040470054290,0,0,189.8592,59.688065,0.73035586,0.72491497,5.18807438,-1.0221,22.1146892
423977,3838420010574,20,1,189.82841,59.63064,0.39274055,0.38859636,4.25615203,-4.4676,18.9477726
424103,4140490767019,83,1,189.49557,59.679718,0.90443325,0.9013224,-5.81793161,-1.52292,21.8803571
424163,3838430100462,0,0,189.76486,59.679817,0.4379943,0.43770808,2.33268125,-1.51698,18.2367472
424280,4242531011924,0,0,189.76186,59.67302,1.2990226,1.30039,2.24188011,-1.9248,22.4058249
424379,4141510335592,0,0,189.81871,59.698982,1.0222794,1.0216476,3.96256168,-0.36708,22.2439346
424738,3636370020003,29,1,189.8049,59.635372,0.123934425,0.12308383,3.54457378,-4.18368,22.0022424
424739,3636370208738,198,1,189.5706,59.707752,0.14986725,0.14851473,-3.54699514,0.15912,20.8026258
424764,3737410886876,0,0,189.81314,59.733818,0.36874047,0.3706365,3.79397424,1.72308,22.3797043
425368,4040470062311,11,1,189.84409,59.729576,0.7271072,0.7250021,4.73073932,1.46856,20.6294446
425373,4040470064477,134,1,189.69275,59.65174,0.72602713,0.7312106,0.150124549,-3.2016,20.5809929
425573,4141510406956,0,0,189.55095,59.78843,1.0491965,1.0466708,-4.1417426,4.9998,22.2642244
425575,4141510410752,0,0,189.7898,59.662903,1.0551448,1.0523282,3.08754138,-2.53182,20.6727877
426119,4040470062983,1691,1,189.6363,59.626633,0.73231345,0.7255272,-1.55845021,-4.70802,21.4191084
426412,4343560853174,208,1,189.78798,59.80255,1.5628829,1.5603367,3.03245536,5.847,20.4436125
426953,3838440746008,0,0,189.75789,59.69114,0.5112785,0.51321846,2.12171994,-0.8376,22.359385
426985,4141510342703,0,0,189.54727,59.63381,1.028447,1.0276811,-4.25312533,-4.2774,21.8764337
427180,4040470062801,0,0,189.61203,59.684605,0.7250005,0.72665036,-2.29303142,-1.2297,20.0662006
427293,4140490767019,32,1,189.50075,59.69341,0.904726,0.9013224,-5.66114831,-0.7014,22.4187108
427325,4141510889783,0,0,189.58543,59.765602,1.0667962,1.0632358,-3.09813485,3.63012,20.7418479
427353,3737400093210,0,0,189.56847,59.742603,0.28385693,0.28292403,-3.61146395,2.25018,22.228261
427379,3838420218249,0,0,189.5747,59.640175,0.42797354,0.42705932,-3.42290025,-3.8955,20.6360681
427484,4545600058386,0,0,189.77477,59.667343,2.06678,2.0705783,2.63262768,-2.26542,21.9781095
427657,4040470064511,9,1,189.69382,59.648796,0.7268868,0.7325275,0.182510288,-3.37824,22.1340452
427743,4141510916018,0,0,189.80568,59.644863,1.0753553,1.0734663,3.56818207,-3.61422,22.0519145
427832,4040470062983,1812,1,189.79778,59.64405,0.73124605,0.7255272,3.32907241,-3.663,21.1680972
428039,4040470062983,47,1,189.67116,59.759697,0.7288982,0.7255272,-0.503340978,3.27582,21.1389183
428102,4242530589368,0,0,189.4904,59.630157,1.2072258,1.2067573,-5.97441224,-4.49658,20.0112094
428112,4242530929435,23,1,189.7407,59.77401,1.2802955,1.2783022,1.60142941,4.1346,22.0310147
428235,4040470556235,0,0,189.86174,59.62341,0.7479841,0.7500891,5.26495268,-4.9014,20.537668
428449,4342540235878,0,0,189.50926,59.613857,1.3512341,1.3501333,-5.40357575,-5.47458,21.8619309
428462,4343550075394,0,0,189.68852,59.70811,1.430114,1.4321768,0.0220949437,0.1806,21.7967556
428516,3636390498193,0,0,189.75838,59.783344,0.22591843,0.22778146,2.13655079,4.69464,21.6403118
428643,4242520245481,0,0,189.52965,59.670815,1.1956323,1.1963984,-4.78643068,-2.0571,20.2226839
429036,4141490516258,0,0,189.69467,59.621803,0.9037558,0.9003977,0.208237278,-4.99782,20.3886796
429130,4343550889423,0,0,189.54872,59.766956,1.509957,1.5083479,-4.20923811,3.71136,22.1334208
429210,3737400535397,0,0,189.60114,59.637657,0.30829415,0.30830202,-2.62263955,-4.04658,20.951246
429616,4545600320931,0,0,189.57828,59.754333,2.0944822,2.0933452,-3.31454423,2.95398,22.152504
429739,4040470565435,0,0,189.66042,59.776207,0.75457215,0.7580008,-0.828409054,4.26642,21.2470451
429753,4040480796047,0,0,189.72754,59.684235,0.82510906,0.8261162,1.20311509,-1.2519,21.1128909
430007,4141510914723,0,0,189.68683,59.734688,1.0699087,1.0659026,-0.0290563643,1.77528,22.4021614
430156,3838430133628,0,0,189.84253,59.64727,0.45179048,0.45556587,4.68352272,-3.4698,17.8215439
430248,3838420219261,0,0,189.61723,59.764984,0.4294434,0.42784765,-2.13564278,3.59304,18.5864909
430352,4343540569526,0,0,189.5197,59.727734,1.4071296,1.4068855,-5.08758779,1.35804,22.3837481
430385,4343550890735,0,0,189.65788,59.70684,1.5146563,1.5145985,-0.905287351,0.1044,21.7033331
430578,4242530806920,0,0,189.62448,59.78105,1.2410198,1.2436414,-1.91620669,4.557,22.339878
430756,4040470063216,70,1,189.55974,59.68597,0.727047,0.72716767,-3.87569526,-1.1478,21.1427004
430902,3636370208673,0,0,189.71819,59.661507,0.1496249,0.14846638,0.920118203,-2.61558,16.2708929
430956,4343560872249,0,0,189.71974,59.641308,1.5652949,1.5678767,0.967032125,-3.82752,20.7090435
431313,4040480807031,0,0,189.74608,59.62352,0.83542126,0.83640593,1.76426612,-4.8948,21.9081261
431487,4242520092132,0,0,189.50069,59.631977,1.1495097,1.149796,-5.66296434,-4.38738,21.9670857
431805,4242530588963,0,0,189.61069,59.62818,1.2061132,1.2063317,-2.33358926,-4.6152,21.377568
431817,4242530990911,0,0,189.85968,59.697838,1.2821643,1.2825524,5.20260257,-0.43572,22.4450088
432201,4040480864438,49,1,189.69861,59.755314,0.8465958,0.847686,0.32748944,3.01284,20.6193804
432218,4040470059125,0,0,189.88423,59.62091,0.7265177,0.72545856,5.94565855,-5.0514,21.5216419
432236,4040480676802,98,1,189.62584,59.62052,0.80830526,0.8074371,-1.87504351,-5.0748,21.1201492
432247,4040490443249,62,1,189.86896,59.658928,0.8751776,0.87429345,5.48348075,-2.77032,22.3941882
432308,4040470063244,2,1,189.56544,59.63836,0.72434133,0.72834504,-3.7031731,-4.0044,22.4563917
432309,4040470064292,9,1,189.5904,59.729275,0.72822374,0.731926,-2.94770763,1.4505,22.4869546
432607,4040470063233,0,0,189.58795,59.6359,0.722697,0.7279647,-3.02186189,-4.152,21.9138585
432742,3636390918760,0,0,189.76353,59.77865,0.23542324,0.23581392,2.29242608,4.413,21.654275
432945,3838430805646,0,0,189.62495,59.667843,0.4935794,0.49270886,-1.90198118,-2.23542,19.5262079
432983,4242530608033,0,0,189.61649,59.792496,1.226807,1.2301749,-2.15804039,5.24376,20.2541322
433016,4141500115753,0,0,189.79912,59.78498,0.9667757,0.9658519,3.36963025,4.7928,21.6412408
433163,4040470062801,14,1,189.61626,59.69445,0.72490364,0.72665036,-2.16500181,-0.639,20.1910851
433164,4040470062983,100,1,189.53606,59.756172,0.7311881,0.7255272,-4.59241891,3.06432,18.3812766
433181,4040480796511,0,0,189.61111,59.76409,0.82914335,0.83142495,-2.3208771,3.5394,22.4077274
433435,3838430130151,0,0,189.82031,59.742455,0.44760925,0.4485978,4.01098896,2.2413,18.8749019
433480,4040480099978,0,0,189.66534,59.693253,0.7776497,0.7781328,-0.679495186,-0.71082,22.0693872
433793,4140490755531,0,0,189.66954,59.742672,0.9028641,0.89819545,-0.552373593,2.25432,22.2829196
433867,3838430133510,27,1,189.85846,59.738976,0.45137924,0.45556566,5.16567677,2.03256,21.8097558
433873,3838430783956,0,0,189.80344,59.73977,0.46598434,0.4685366,3.50038389,2.0802,22.4696305
433913,4040480787594,1,1,189.63179,59.696594,0.82577616,0.8270681,-1.69495459,-0.51036,21.7055384
434053,3636380638449,0,0,189.7905,59.7608,0.1836404,0.18288007,3.10872831,3.342,20.7474927
434084,3838430784601,86,1,189.58633,59.632393,0.46493986,0.46781418,-3.0708945,-4.36242,21.8911516
434434,4242530588967,0,0,189.6254,59.616516,1.2066604,1.2061696,-1.88836101,-5.31504,21.2979956
434514,3838430099944,3,1,189.81183,59.7713,0.43470046,0.43315414,3.75432441,3.972,22.0140368
434539,3838440755696,0,0,189.72377,59.726307,0.52266484,0.52209294,1.08900832,1.27242,21.3079501
434825,3737410886679,2,1,189.73424,59.630493,0.36602098,0.3678108,1.40590429,-4.47642,20.457939
435116,3838420219307,0,0,189.72882,59.7668,0.4302904,0.42865527,1.2418569,3.702,18.1299646
435219,4141510914599,0,0,189.51108,59.65513,1.0688908,1.064769,-5.34848973,-2.9982,22.3948388
435220,4141510924463,0,0,189.72533,59.67576,1.0751925,1.0727961,1.13622491,-1.7604,19.2013976
435380,4141510914932,0,0,189.83472,59.70321,1.0707779,1.066839,4.44713709,-0.1134,22.1091822
435457,4040470062910,0,0,189.69647,59.642555,0.7292104,0.72527695,0.262717961,-3.7527,19.5082747
435839,4242520093430,0,0,189.51646,59.622513,1.1550386,1.1553699,-5.18565302,-4.95522,21.9814987
436131,3737410886702,13,1,189.88562,59.610413,0.36666673,0.3688051,5.98772974,-5.68122,21.6214047
436458,4040470556963,7,1,189.68805,59.6329,0.7469371,0.7514124,0.007869432,-4.332,21.9914246
436967,3838430805928,0,0,189.57707,59.733368,0.49379203,0.49288848,-3.35116735,1.69608,18.8489374
437544,4747640173028,36,1,189.61589,59.80219,2.870407,2.8626254,-2.17620062,5.8254,22.3483426
437919,3737410396235,0,0,189.55524,59.774406,0.33980703,0.338733,-4.01189697,4.15836,20.3280396
438140,4140490755987,381,1,189.70604,59.747955,0.90298706,0.9001972,0.552373593,2.5713,21.8251196
438506,4040480780809,0,0,189.65256,59.749374,0.81452954,0.8146332,-1.06630804,2.65644,21.1998174
438719,4141490528765,0,0,189.50261,59.750587,0.9097805,0.9119535,-5.60485161,2.72922,20.7218066
439530,4140490755506,36,1,189.58957,59.785797,0.9034774,0.89750576,-2.97282927,4.84182,21.8062838
439795,4242530807700,0,0,189.66862,59.682365,1.2466786,1.2483684,-0.580219275,-1.3641,22.0136678
439818,4040470565483,1,1,189.54375,59.738564,0.75531584,0.75885844,-4.35966533,2.00784,21.3000691
439874,4040480864332,0,0,189.67006,59.741028,0.8461052,0.84683967,-0.536634729,2.15568,21.0902745
440039,4646620096351,0,0,189.87498,59.781013,2.4109547,2.4102046,5.66568837,4.55478,21.120537
440444,4242530800648,0,0,189.656,59.68524,1.2283088,1.2314051,-0.962189398,-1.1916,21.5646438
440688,4040470064264,147,1,189.51685,59.733658,0.72813874,0.7310335,-5.17384887,1.71348,22.1301291
441106,4040490446955,0,0,189.49821,59.66326,0.8826984,0.88091224,-5.73802661,-2.5104,19.7053492
441458,4040470062983,2033,1,189.55127,59.70304,0.7297273,0.7255272,-4.13205714,-0.1236,22.2957386
441459,4040470063194,5,1,189.54114,59.67,0.7212486,0.72735864,-4.43866232,-2.106,21.9042796
441466,4040470487738,15,1,189.84077,59.64057,0.73353493,0.73879075,4.63025272,-3.8718,21.0258858
441956,4040470062983,271,1,189.8234,59.715942,0.7284073,0.7255272,4.10451413,0.65052,22.0843682
442019,4242530120964,0,0,189.84892,59.79196,1.2090153,1.210867,4.87692915,5.2116,22.4312932
442275,4242520245470,2,1,189.57239,59.63711,1.1975545,1.196047,-3.49281713,-4.0794,22.4321811
442457,4141510944645,256,1,189.87985,59.647034,1.0902958,1.0877839,5.81308889,-3.48396,20.5119823
442698,3737410886692,0,0,189.79887,59.62973,0.36699975,0.3681903,3.36206349,-4.5222,20.9636808
442930,4141510923171,0,0,189.61813,59.68039,1.0750914,1.0733244,-2.10840244,-1.4826,22.4324212
443026,4242520241004,0,0,189.68037,59.6848,1.1953491,1.1949961,-0.224581483,-1.218,21.2543724
443660,4544590158468,0,0,189.76315,59.606777,1.9291277,1.9264373,2.2809246,-5.89938,21.2708246
443817,3636390389459,137,1,189.82152,59.72183,0.2112491,0.21353468,4.04761208,1.0038,20.6158819
443922,4040470064292,0,0,189.60008,59.732643,0.7277081,0.731926,-2.65472262,1.65258,19.6517527
444105,4040480097155,0,0,189.5703,59.651417,0.77419233,0.7739876,-3.55607525,-3.22098,19.6867472
444138,4140490755498,0,0,189.66095,59.745193,0.9031945,0.8977633,-0.812367519,2.40558,22.283073
444341,4343560857401,111,1,189.6571,59.76881,1.5668336,1.5640552,-0.928895647,3.8226,21.44231
444750,3838430805306,0,0,189.88417,59.77945,0.4934582,0.49159226,5.94384253,4.461,20.0313185
445175,4040470062983,563,1,189.65584,59.732895,0.7297409,0.7255272,-0.967032125,1.6677,21.7082144
445664,4342540235903,1,1,189.56067,59.62267,1.3504794,1.3499024,-3.84754691,-4.9458,21.697437
445926,3737410400495,0,0,189.56253,59.60784,0.34313315,0.34302476,-3.7912502,-5.8356,18.7755608
445929,3737410850745,0,0,189.6323,59.6387,0.351463,0.35268626,-1.67951839,-3.984,21.8815368
446145,3837420286878,34,1,189.62544,59.677307,0.3920824,0.389914,-1.88715033,-1.66758,20.6254689
446158,3838430133419,0,0,189.80664,59.726234,0.44979528,0.45522308,3.59723844,1.26804,20.9514133
446183,3737410400299,0,0,189.79756,59.688232,0.34209958,0.34182477,3.32241366,-1.01208,20.5587428
446282,4141500686137,0,0,189.81168,59.773125,0.99769294,0.99768436,3.74978435,4.0815,20.1676087
446710,4040470487561,0,0,189.7599,59.625122,0.7329265,0.73751956,2.1825567,-4.79868,19.7402866
446858,4040470054436,0,0,189.49702,59.669136,0.7281221,0.7233749,-5.7740444,-2.15784,21.4491202
446861,4040470059121,0,0,189.83351,59.619263,0.72645134,0.7253386,4.41051397,-5.15022,20.8586864
447362,3838420219862,247,1,189.60342,59.692585,0.4324444,0.42982814,-2.55363069,-0.7509,21.4823187
447485,4343550890884,0,0,189.76785,59.657017,1.517035,1.515081,2.42317972,-2.88498,22.2133367
447738,4242520239570,0,0,189.61914,59.736248,1.1909992,1.1914972,-2.07783272,1.86888,20.7415506
447865,4242530805706,0,0,189.53835,59.648804,1.235276,1.238335,-4.52310738,-3.37776,20.9777152
448603,3636380839147,0,0,189.74457,59.698257,0.19208026,0.19196233,1.71856288,-0.41058,19.798855
448814,3838440687372,58,1,189.87767,59.803474,0.5056452,0.50527894,5.74710673,5.90244,19.2743153
448885,3838420219862,154,1,189.65207,59.680443,0.43025318,0.42982814,-1.08113889,-1.47942,18.7314436
449299,4040470063153,0,0,189.6173,59.63707,0.7273983,0.7273058,-2.13352408,-4.0818,21.7758578
449300,4040470063262,0,0,189.53148,59.6204,0.7266751,0.7285101,-4.73104199,-5.082,22.2683129
449539,3838420125078,0,0,189.73166,59.73855,0.40443963,0.40525344,1.32781532,2.007,20.6253958
449673,4141510342419,0,0,189.7763,59.80284,1.0331924,1.0315619,2.67893626,5.8644,22.1310482
449780,4646630829228,0,0,189.6993,59.672173,2.6890311,2.6960099,0.348373701,-1.97562,22.3214241
450056,4040470062983,1330,1,189.67348,59.784306,0.7304211,0.7255272,-0.433121431,4.75236,22.4670155
450058,4040470063130,18,1,189.6633,59.66062,0.72294384,0.7268023,-0.741239961,-2.6688,20.7262746
450059,4040470064477,246,1,189.69243,59.6593,0.7339861,0.7312106,0.140439094,-2.748,22.0178045
450120,4242530806845,0,0,189.59935,59.785023,1.2416201,1.2423873,-2.67681756,4.79538,21.8232553
450823,3838420010574,33,1,189.85118,59.620834,0.39179423,0.38859636,4.94533267,-5.05596,21.0686746
451379,3939450061860,5,1,189.49681,59.75763,0.57240623,0.57133937,-5.78040048,3.1518,21.9975577
451597,4242520027867,0,0,189.61128,59.79651,1.1386938,1.1384721,-2.3157317,5.4846,22.0758616
451707,3837420287152,0,0,189.65417,59.749355,0.3941769,0.39103702,-1.01757809,2.6553,18.5198882
451916,4343550148536,0,0,189.53725,59.75125,1.4468883,1.4497058,-4.55640113,2.769,21.2195186
452245,3939460905410,0,0,189.52417,59.608986,0.690985,0.69219685,-4.95229409,-5.76684,20.7057302
452428,3939450216156,2,1,189.49771,59.757515,0.6055839,0.6072383,-5.75316014,3.1449,21.8625601
452674,3939450061357,0,0,189.61021,59.630104,0.57125175,0.5702864,-2.34811744,-4.49976,20.0948767
452685,3939450644594,0,0,189.66524,59.709778,0.62104785,0.6221899,-0.682521891,0.28068,20.1960764
452909,4343540567345,0,0,189.81383,59.630035,1.394292,1.3929932,3.8148585,-4.5039,21.3919436
453130,4646620131245,50,1,189.55835,59.724472,2.4523737,2.4485588,-3.91776646,1.16232,22.3201154
453591,3837420287171,0,0,189.56796,59.78362,0.39426416,0.39206883,-3.62690014,4.7112,22.3502875
453887,4343560872070,0,0,189.7928,59.728382,1.56373,1.567626,3.17834252,1.39692,22.3351099
454087,3636370113994,1,1,189.69984,59.65162,0.13421743,0.13241139,0.364717906,-3.2088,21.0354741
454438,4040470062983,689,1,189.57686,59.73061,0.7224826,0.7255272,-3.35752343,1.5306,21.9656041
454738,3838440746203,0,0,189.72136,59.798874,0.5121669,0.51248974,1.01606474,5.62644,17.2488233
454753,3737400534004,0,0,189.676,59.75025,0.30103794,0.30170745,-0.356848474,2.709,19.9132339
454904,3939450205228,0,0,189.63257,59.737907,0.6008095,0.6017546,-1.67134629,1.96842,20.5299713
455787,4141500063537,0,0,189.72119,59.755257,0.94163084,0.94058937,1.01091934,3.00942,20.4556549
455792,4141500115721,49,1,189.69106,59.78898,0.96209526,0.9652814,0.098973241,5.0328,22.3761041
455905,3939440131846,481,1,189.49252,59.781456,0.55363315,0.55004895,-5.9102461,4.58136,18.6284179
455965,4040480099768,0,0,189.71109,59.63557,0.77481514,0.7752457,0.705222176,-4.1718,19.3812629
455984,3939440132722,4,1,189.68948,59.61789,0.55026895,0.5508091,0.051151308,-5.2326,21.4728062
456142,3636390918772,0,0,189.55608,59.77435,0.23707479,0.23700401,-3.98647265,4.155,22.0440209
456571,4040470062983,114,1,189.77722,59.679623,0.72606945,0.7255272,2.70678194,-1.52862,22.1749365
456739,4141500911000,0,0,189.59972,59.749405,1.0078666,1.008988,-2.66561876,2.6583,21.9682553
456780,3737410850715,0,0,189.54726,59.760696,0.35233566,0.35391024,-4.253428,3.33576,22.0268932
457072,3636370208738,142,1,189.57082,59.79162,0.14986628,0.14851473,-3.54033639,5.1912,21.3502759
457109,4040480781983,0,0,189.55676,59.647415,0.8121629,0.81259507,-3.96589106,-3.4611,21.8366964
457155,4040470064643,9,1,189.68668,59.609497,0.7273115,0.7325442,-0.0335964212,-5.73618,21.5194907
457282,4040470064431,0,0,189.77527,59.66352,0.7264641,0.73110175,2.6477612,-2.4948,21.8112235
457287,4040470556989,0,0,189.72453,59.612953,0.7476193,0.7515378,1.11201128,-5.52882,19.4627969
457588,4646630339717,0,0,189.57716,59.642025,2.5686657,2.5718908,-3.34844332,-3.7845,21.9915028
457972,3838430100452,24,1,189.67049,59.649746,0.43859354,0.43739203,-0.523619899,-3.32124,21.4542057
458003,4040470064477,51,1,189.75641,59.658165,0.7256228,0.7312106,2.07692471,-2.8161,19.3053477
458042,4040470062341,161,1,189.77356,59.727585,0.7263224,0.72494054,2.59600455,1.3491,22.1518484
458043,4040470062840,0,0,189.60608,59.725754,0.73194724,0.72592276,-2.47312034,1.23924,20.4452124
458162,4343560852269,62,1,189.72804,59.73388,1.5517557,1.5495684,1.21824861,1.7268,21.9254753
458951,4242520241184,0,0,189.53581,59.676807,1.1967238,1.1972846,-4.59998568,-1.69758,22.4557677
459041,3838430113491,1815,1,189.5342,59.668587,0.439834,0.43987277,-4.64871562,-2.19078,17.1780131
459310,4242520091610,0,0,189.49496,59.766182,1.1431677,1.1436647,-5.83639451,3.66492,22.3614987
459613,4444570704255,0,0,189.54916,59.672962,1.7591853,1.7582879,-4.19592061,-1.92828,22.1425629
460047,4444570011181,0,0,189.80374,59.62535,1.6644067,1.6620352,3.509464,-4.785,21.8600667
460104,3939450010718,0,0,189.66747,59.766777,0.5719011,0.5704648,-0.615026378,3.70062,18.9738525
460208,3938440369544,1,1,189.73637,59.626217,0.5387141,0.5356852,1.4703731,-4.73298,22.1829474
460288,3939460735225,0,0,189.69736,59.78002,0.6625334,0.6615111,0.289655632,4.4952,22.2083218
460627,3939460885572,0,0,189.81566,59.61467,0.67790574,0.68060803,3.87024719,-5.4258,21.2714811
460947,4443560691607,0,0,189.88043,59.7727,1.6207575,1.6212742,5.83064377,4.056,21.8662698
461295,4646630428878,0,0,189.6038,59.683666,2.6329942,2.6358175,-2.54212921,-1.28604,22.072918
461340,4444570235058,28,1,189.527,59.772514,1.7462842,1.7438872,-4.86663835,4.04484,22.2574148
461533,4444580765253,0,0,189.66492,59.635025,1.7969819,1.794812,-0.692207346,-4.2045,22.4024528
461640,4141500687862,0,0,189.66223,59.663418,0.99849397,0.99854493,-0.7736257,-2.50092,22.2718299
461688,3938440373521,0,0,189.7958,59.668358,0.5405804,0.53816384,3.26914366,-2.20452,19.8400144
461963,4242530589611,14,1,189.59964,59.69616,1.2076385,1.2095302,-2.66804012,-0.5364,21.2569703
462040,3939450216295,0,0,189.50154,59.80002,0.60606277,0.60766035,-5.63723735,5.6952,19.5487973
462246,3939460667040,0,0,189.56386,59.682316,0.63919795,0.6398745,-3.75099503,-1.36704,22.2115806
462257,3939460884784,27,1,189.79097,59.79461,0.6757755,0.679202,3.12295382,5.3706,21.7344966
462362,4444570235058,0,0,189.53477,59.76837,1.7443833,1.7438872,-4.6314634,3.7962,20.8166475
463149,4443560673616,0,0,189.75938,59.60752,1.5986989,1.5992609,2.16681784,-5.8548,22.1576319
463398,3938440373803,0,0,189.86885,59.645782,0.54097027,0.53861845,5.48015138,-3.55908,18.8014907
463806,4342540224529,0,0,189.52963,59.74579,1.3309733,1.3301883,-4.78703602,2.4414,22.4791199
463931,3737400536780,0,0,189.80527,59.65904,0.31406483,0.3133994,3.55577258,-2.7636,21.2939031
464303,3737410803628,0,0,189.71046,59.78139,0.3435232,0.34516653,0.686153937,4.5774,21.4371134
464459,4141490528584,0,0,189.74039,59.681644,0.9072261,0.9088996,1.59204663,-1.40736,22.033413
464807,3838430100298,0,0,189.87592,59.605667,0.4348802,0.4352588,5.6941394,-5.96598,18.6963154
464826,3838440686805,0,0,189.68079,59.759106,0.5060325,0.5050997,-0.211869323,3.24036,21.7489952
465308,4242520238622,0,0,189.79935,59.669586,1.1878805,1.1857582,3.37659167,-2.13084,21.0671556
465650,4343560852269,45,1,189.73737,59.73314,1.5508012,1.5495684,1.50064015,1.6824,22.2721406
465654,4343560872058,2,1,189.77919,59.74076,1.5670546,1.5664674,2.76640802,2.1396,22.3744625
465691,3838440746203,123,1,189.73793,59.787926,0.51104665,0.51248974,1.51758969,4.96956,19.950728
465989,3939460656010,2,1,189.63542,59.674843,0.6298299,0.6307563,-1.58508521,-1.81542,21.3484302
466007,4443560673617,0,0,189.77953,59.61532,1.5990112,1.5993472,2.77669882,-5.3868,22.0460421
466646,4141500117507,0,0,189.86278,59.754757,0.97365254,0.97302806,5.29643041,2.97942,21.7903597
466648,4141500224608,0,0,189.52502,59.756157,0.9789963,0.97870946,-4.9265671,3.06342,21.5246052
466672,4141510924389,0,0,189.88268,59.684143,1.0753464,1.0714246,5.89874463,-1.25742,19.2756713
466916,4343540065125,0,0,189.71779,59.67599,1.3553147,1.3542693,0.908011385,-1.7466,20.6471515
467000,3939450644577,0,0,189.68507,59.77767,0.6213174,0.6228257,-0.0823263656,4.3542,18.1603655
467090,4040470062910,5,1,189.70007,59.64045,0.72922105,0.72527695,0.371679327,-3.879,21.3192787
467215,3737410886679,13,1,189.75816,59.61313,0.3663263,0.3678108,2.12989204,-5.5182,19.9630093
467611,4242520092475,0,0,189.6804,59.638878,1.154911,1.1549336,-0.223673471,-3.97332,21.6864239
468031,3939460884831,0,0,189.68718,59.704437,0.6777648,0.6786971,-0.0184628982,-0.03978,20.5816866
468184,3737410400106,41,1,189.81781,59.68667,0.3398676,0.33994228,3.93532134,-1.1058,21.1561515
468351,4242530911012,0,0,189.62737,59.624447,1.2523403,1.2541895,-1.82873493,-4.83918,22.4507292
468425,3636380638458,0,0,189.78687,59.714245,0.18284175,0.18297945,2.99885893,0.5487,20.0857851
468475,4040470062983,2047,1,189.85048,59.661667,0.7280356,0.7255272,4.92414574,-2.60598,19.8130545
468477,4040470064264,198,1,189.50497,59.71705,0.72537833,0.7310335,-5.53342138,0.717,19.3927966
468660,4140490767019,20,1,189.52045,59.71333,0.9033136,0.9013224,-5.06488751,0.4938,21.3341428
469037,4040470062983,2786,1,189.71297,59.707535,0.7249727,0.7255272,0.762124222,0.1461,22.0208161
469212,3838430805918,4,1,189.63435,59.7518,0.49346837,0.4929703,-1.61747095,2.802,20.6525065
469222,3636370020003,45,1,189.56989,59.61119,0.12388074,0.12308383,-3.56848474,-5.6346,21.1742273
469253,4140490767094,296,1,189.55856,59.684555,0.9022631,0.90190434,-3.91141038,-1.2327,19.5308755
469388,4141510945021,47,1,189.71057,59.695755,1.0896649,1.0883636,0.689483312,-0.5607,22.3534698
469739,4646620693806,0,0,189.56625,59.692493,2.5030575,2.5050251,-3.67865679,-0.75642,22.3212364
469968,3838430100452,25,1,189.69472,59.6556,0.4383374,0.43739203,0.20975063,-2.97,22.2267805
469976,3838430113633,12,1,189.68153,59.746197,0.43927526,0.44155562,-0.189471709,2.46582,21.1596957
470051,3838440686809,0,0,189.62381,59.717834,0.5059887,0.50483114,-1.93648561,0.76404,22.1679001
470218,3939460851998,35,1,189.51277,59.63899,0.66715926,0.66939914,-5.29733842,-3.9666,21.5297137
470388,4444570703658,0,0,189.56041,59.62874,1.7460579,1.7465006,-3.85541634,-4.5816,21.648265
470649,3939440132750,9,1,189.53271,59.72826,0.5499763,0.5512942,-4.69381352,1.3896,21.4557012
470705,3939450101741,0,0,189.66365,59.647057,0.5881979,0.5854534,-0.730646494,-3.48258,22.0880609
470848,4444580756596,0,0,189.69676,59.710922,1.7923912,1.7915156,0.271495404,0.34932,22.443468
471172,3939460885140,0,0,189.59567,59.720642,0.6785746,0.6800605,-2.78820029,0.93252,21.7863729
471419,4141500061874,0,0,189.57701,59.732056,0.933142,0.9324758,-3.35298337,1.61736,21.4537135
471455,4141510924389,31,1,189.85419,59.698563,1.0767798,1.0714246,5.03643648,-0.39222,21.0919006
471554,4040470064264,80,1,189.50461,59.73276,0.7288803,0.7310335,-5.54431752,1.6596,19.4487259
471758,4141510915254,0,0,189.86882,59.70376,1.0715835,1.067959,5.47924337,-0.0804,21.1128964
472022,4646620096719,0,0,189.88286,59.799427,2.4138918,2.4157662,5.9041927,5.65962,22.0015598
472065,4545590071455,0,0,189.82498,59.632126,1.9692506,1.9664545,4.15233606,-4.37844,21.6963102
472277,4140490755987,171,1,189.74905,59.75921,0.9042901,0.9001972,1.85415925,3.2466,20.6395234
472281,4140490766968,0,0,189.5434,59.686043,0.9064278,0.90090334,-4.3702588,-1.14342,21.701732
472534,4242540405999,0,0,189.80247,59.745483,1.3153799,1.316721,3.47102485,2.42298,22.2589768
473098,4040470062251,65,1,189.81494,59.744896,0.72721505,0.7251441,3.84845492,2.38776,22.3460236
473297,4141510924463,59,1,189.74458,59.687485,1.0731754,1.0727961,1.71886555,-1.0569,21.6333831
473477,4140490303224,15,1,189.7765,59.629047,0.8942439,0.88952947,2.68498967,-4.56318,21.6219573
473546,3838440746343,4,1,189.56789,59.700264,0.5130953,0.5126503,-3.62901884,-0.29016,21.2289463
474158,4040470062983,1364,1,189.571,59.74108,0.7322932,0.7255272,-3.53488832,2.1588,21.7367373
474229,4646620709937,0,0,189.70317,59.609535,2.5314064,2.5351868,0.46550717,-5.7339,22.4945187
474325,3737410887306,0,0,189.7204,59.68902,0.36899352,0.37093252,0.987008375,-0.9648,22.0196484
474403,4140490755987,185,1,189.81685,59.790977,0.8995504,0.9001972,3.90626498,5.15262,21.6094309
474488,3939440131846,381,1,189.49362,59.784847,0.5509961,0.55004895,-5.87695235,4.78482,19.2486058
474705,3939460663704,5,1,189.57697,59.700928,0.63518524,0.6359029,-3.35419406,-0.25032,22.38151
475304,3939460733363,1,1,189.77385,59.617085,0.65223205,0.6521707,2.60478199,-5.2809,22.4082034
475377,3939460733272,0,0,189.83537,59.65829,0.6521538,0.6517627,4.46681067,-2.8086,21.0082993
475388,3939460885159,0,0,189.50348,59.634453,0.68015957,0.6807881,-5.57851928,-4.23882,22.1337765
475497,3939460663896,0,0,189.64389,59.67805,0.6353988,0.63612056,-1.32872333,-1.623,19.2512729
475723,3939460885180,0,0,189.55435,59.63566,0.6797721,0.6808116,-4.03883464,-4.1664,20.6466039
475751,3737410329252,0,0,189.8429,59.69852,0.32231212,0.32265472,4.69472153,-0.3948,21.59914
475752,3737410803620,20,1,189.61224,59.790504,0.3434007,0.34482682,-2.28667534,5.12424,19.5266277
476407,3939450644548,0,0,189.6866,59.7377,0.62159085,0.6225476,-0.0360177849,1.956,19.8370753
476724,4040480494410,0,0,189.61865,59.61902,0.78969705,0.7899533,-2.09266357,-5.1648,20.8328867
476732,4040480782872,0,0,189.6248,59.64762,0.8156838,0.8157556,-1.90652124,-3.4488,20.939597
476737,4040480864438,55,1,189.76035,59.751915,0.84367067,0.847686,2.19617687,2.8089,22.4660488
477263,3939450216395,18,1,189.59839,59.706352,0.6062503,0.6081184,-2.70587393,0.07512,18.7626553
477300,4444570235155,0,0,189.56398,59.77984,1.7425035,1.7448236,-3.74736299,4.4844,22.0247806
477588,4141510387743,0,0,189.54216,59.800167,1.0454013,1.0442328,-4.40778993,5.70402,21.1430094
477590,4141510410457,15,1,189.5097,59.768173,1.0514016,1.0504302,-5.39025825,3.78438,21.7797414
477755,3939460852080,0,0,189.52727,59.665592,0.6696,0.67073315,-4.85846625,-2.37048,22.1067056
478307,4444580756205,0,0,189.6869,59.678646,1.7879393,1.7850916,-0.0269376711,-1.58724,22.2420154
478520,3939450205215,0,0,189.60463,59.798023,0.6009063,0.6016905,-2.51700756,5.57538,20.515079
479186,4040470565004,0,0,189.88124,59.776474,0.75355506,0.7568531,5.85516008,4.28244,22.1079259
479265,4343560872354,0,0,189.80054,59.798218,1.5680815,1.5703546,3.41260946,5.58708,21.5677539
479413,4140490755987,366,1,189.74321,59.759842,0.9027383,0.9001972,1.6773997,3.28452,22.3132658
479604,3838440745885,47,1,189.6596,59.61286,0.5107805,0.5113964,-0.853228031,-5.5344,21.8781062
479866,4040470063144,0,0,189.5601,59.638172,0.71971697,0.7272589,-3.86479912,-4.01568,21.9854599
479867,4040470063194,215,1,189.5561,59.669136,0.7221866,0.72735864,-3.98586731,-2.15784,19.9738942
479925,3939450099833,46,1,189.80516,59.7966,0.58829594,0.5858521,3.55244321,5.49,20.1619474
479953,3939460851804,5,1,189.5806,59.6512,0.6670403,0.6690186,-3.24432468,-3.234,21.9173862
479985,3939460663704,0,0,189.58038,59.69915,0.6354307,0.6359029,-3.25098343,-0.357,19.5541599
480161,3939460735223,9,1,189.68231,59.787724,0.6610654,0.66131765,-0.165863413,4.95744,21.9376426
480189,3939450216395,0,0,189.61269,59.702698,0.6061905,0.6081184,-2.27305517,-0.14412,17.9509004
480621,3939460884747,0,0,189.78621,59.768593,0.6776974,0.67896515,2.97888268,3.80958,21.726167
480774,3939460734530,0,0,189.52284,59.707172,0.6566415,0.656649,-4.99254927,0.12432,22.2956092
481387,4141500227133,0,0,189.7415,59.669884,0.98297703,0.98213845,1.62564305,-2.11296,22.2103721
481415,4141510944645,66,1,189.88596,59.638443,1.0907362,1.0877839,5.99802054,-3.99942,22.4592795
481897,3636390913797,1,1,189.86798,59.778534,0.23491679,0.2354967,5.45381905,4.40604,21.2305953
482144,3837420286871,22,1,189.69456,59.66813,0.3920817,0.38934916,0.204907903,-2.2182,19.1526923
482241,3938440374003,0,0,189.61534,59.6174,0.54016894,0.5398293,-2.19284749,-5.262,22.1883566
482498,3837420286867,2,1,189.67393,59.689854,0.39082602,0.3896184,-0.41950126,-0.91476,21.9534287
482699,4343550821722,0,0,189.76,59.73519,1.4721389,1.4721425,2.1855834,1.8054,22.0033977
482778,3636380638440,0,0,189.76955,59.676216,0.18370046,0.18277761,2.47463369,-1.73304,22.167032
482791,4040470054671,53,1,189.49086,59.69794,0.7250618,0.72477835,-5.9604894,-0.4296,22.3470658
482794,4040470064264,112,1,189.53319,59.739346,0.7288967,0.7310335,-4.67928534,2.05476,22.1773064
482812,4040480783308,0,0,189.70386,59.642773,0.8186777,0.81907064,0.486391432,-3.73962,21.7708446
483157,3838430100452,11,1,189.7077,59.636734,0.43826038,0.43739203,0.602616889,-4.10196,22.1266475
483222,4343550822215,19,1,189.74655,59.71727,1.4772644,1.4759779,1.77849163,0.7302,21.6351848
483633,3636370208738,37,1,189.6079,59.729492,0.14692755,0.14851473,-2.41803432,1.46352,22.2291811
483703,3636370208738,148,1,189.8323,59.78209,0.14802168,0.14851473,4.37389084,4.6194,21.6436676
483813,4141500687897,0,0,189.55698,59.611984,0.99716944,0.9992341,-3.95923231,-5.58696,21.8555825
483857,3838420012093,11,1,189.85289,59.782673,0.39414018,0.3929469,4.99708932,4.65438,19.2528876
485161,3838430099980,103,1,189.84254,59.74047,0.4329963,0.43373275,4.68382539,2.1222,20.6442537
485264,4646620013916,0,0,189.68251,59.739258,2.3781867,2.3786068,-0.159810004,2.04948,22.3570438
485548,3939440132752,0,0,189.65237,59.691048,0.55004233,0.5511825,-1.07205878,-0.84312,21.9632455
485593,4140490755987,58,1,189.72166,59.759598,0.8961281,0.9001972,1.02514485,3.26988,20.4719582
485649,4039470168095,10,1,189.64697,59.63376,0.6977087,0.7001348,-1.23550082,-4.2804,20.4222778
486113,4646620085236,0,0,189.52219,59.638855,2.4119213,2.4105752,-5.01222285,-3.9747,21.6926394
486493,3837420286871,14,1,189.70988,59.651947,0.39228955,0.38934916,0.66859905,-3.18918,20.9381505
486565,3939460885036,0,0,189.57527,59.77118,0.67845637,0.6799544,-3.40564803,3.9648,21.7718896
486584,4040470064219,0,0,189.52126,59.691376,0.7283866,0.7311196,-5.0403712,-0.82344,21.5424437
486622,3838420125908,0,0,189.55602,59.763718,0.413255,0.41232678,-3.98828867,3.51708,21.5454535
486636,3838430113633,5,1,189.69273,59.75981,0.43882203,0.44155562,0.149519208,3.2826,20.5150715
486672,4141490526321,0,0,189.70097,59.625164,0.89977163,0.90200806,0.398919668,-4.79616,20.1965328
486909,4040480863971,0,0,189.5686,59.71378,0.8420597,0.8431177,-3.60752923,0.5208,21.5570093
486963,4343550890663,0,0,189.66177,59.74614,1.5131053,1.5116309,-0.787548541,2.4624,20.6033408
487084,4343560853174,61,1,189.76062,59.79564,1.5601232,1.5603367,2.20434897,5.4324,20.7915399
487170,4545590503463,0,0,189.78748,59.767487,1.9783955,1.9804695,3.01732183,3.74322,22.4594164
487305,3838420219862,68,1,189.81607,59.69928,0.43153897,0.42982814,3.88265668,-0.3492,18.0624484
487355,4242530115219,0,0,189.58092,59.800316,1.2029624,1.2026395,-3.23463922,5.71296,21.5664904
487432,3636370135709,0,0,189.79506,59.70115,0.14416124,0.14389575,3.24674604,-0.237,16.1729501
487650,4040470062983,2014,1,189.75136,59.647472,0.7216989,0.7255272,1.92407612,-3.45768,19.7325327
487676,4140490753370,6,1,189.59386,59.74922,0.895545,0.8908515,-2.84298365,2.6472,22.2462456
487865,4140490755987,264,1,189.77373,59.74713,0.9008691,0.9001972,2.60114995,2.5218,20.1991577
487907,4141510923168,32,1,189.5995,59.685753,1.0770094,1.0732555,-2.67227751,-1.16082,22.2353264
488070,3838430099911,33,1,189.74474,59.797047,0.43655685,0.43235788,1.72370828,5.51682,19.5895763
488170,4141510924389,59,1,189.87923,59.682236,1.0783445,1.0714246,5.79432332,-1.37184,21.5840252
488303,4646620085142,0,0,189.59602,59.65644,2.4080045,2.4124286,-2.77760683,-2.9196,21.6537844
488548,4646630817576,0,0,189.49951,59.723995,2.6848836,2.6865764,-5.69867945,1.1337,22.4377902
488762,3838420219295,0,0,189.81023,59.626762,0.43031517,0.42834187,3.70589713,-4.70028,19.863947
489001,3737410886520,0,0,189.75017,59.77843,0.3666875,0.36718613,1.88805834,4.3998,19.6546133
489584,4242520092481,0,0,189.69652,59.6298,1.1543529,1.1554254,0.264231313,-4.518,20.5545439
489930,4040470064477,149,1,189.69937,59.64579,0.7254386,0.7312106,0.350492395,-3.5586,19.5881097
490214,4040470556963,148,1,189.72833,59.65301,0.749783,0.7514124,1.22702605,-3.1254,21.9154321
490235,4040480864329,0,0,189.6797,59.7458,0.8462005,0.8469721,-0.244860403,2.442,21.2622535
490835,3736390701698,0,0,189.82083,59.799316,0.2511127,0.25002253,4.02672782,5.65296,18.3966927
491207,4545610848013,0,0,189.73024,59.679394,2.2479255,2.2465951,1.28483611,-1.54236,22.2784153
491686,4040470062983,1707,1,189.6498,59.791595,0.72919893,0.7255272,-1.14984508,5.1897,17.9762939
491689,4040470063226,0,0,189.56322,59.65654,0.7256112,0.7281184,-3.77036594,-2.9136,20.7287212
492014,3939440132722,0,0,189.68921,59.636948,0.5509746,0.5508091,0.0429792056,-4.08912,18.9242973
492026,3939450101614,0,0,189.62883,59.701977,0.5883281,0.58534056,-1.78454504,-0.18738,19.7585481
492120,4040470057249,0,0,189.50839,59.6662,0.7276994,0.72985846,-5.42990808,-2.334,18.6532636
492244,3938440374239,61,1,189.5725,59.66632,0.5412778,0.53923064,-3.48948775,-2.3268,17.0379059
492676,4343550889673,0,0,189.75005,59.64717,1.4973254,1.4981426,1.88442629,-3.4758,22.4615148
492786,3939460656031,6,1,189.73517,59.62626,0.6314888,0.6310914,1.43405265,-4.7304,20.2192742
493347,4646610100969,0,0,189.85179,59.721527,2.3307815,2.3272145,4.96379557,0.98562,22.4108587
493433,3838440746203,23,1,189.72586,59.799347,0.51455265,0.51248974,1.15226645,5.65482,21.4582566
493484,4040470062983,2821,1,189.82991,59.622353,0.72659457,0.7255272,4.3015526,-4.96482,19.0671671
493485,4040470063296,0,0,189.57146,59.614662,0.72532856,0.7286855,-3.52096548,-5.42628,19.4231681
493808,4242520239327,0,0,189.744,59.797188,1.1923324,1.1907043,1.70131066,5.52528,20.7351797
493809,4242520239455,0,0,189.63998,59.66014,1.1898763,1.1885564,-1.44706748,-2.6976,20.8365528
493810,4242520239567,0,0,189.62958,59.719055,1.1911308,1.1914526,-1.76184476,0.8373,22.4080057
493812,4242520241043,0,0,189.60062,59.685722,1.1951632,1.1945307,-2.63837841,-1.16268,21.0692642
493954,4141500911018,12,1,189.63785,59.752186,1.0102421,1.0088469,-1.51153629,2.82516,22.1324134
494172,4343550889450,0,0,189.4974,59.7601,1.5093998,1.5087038,-5.76254292,3.3,22.2348447
494304,4343540568770,0,0,189.49199,59.734398,1.4045141,1.4039369,-5.92628764,1.75788,20.9521734
494371,4040470062347,0,0,189.85138,59.72597,0.7265545,0.7254019,4.95138608,1.2522,20.4151935
494607,3636390389459,55,1,189.79062,59.727875,0.21249193,0.21353468,3.11236036,1.3665,22.2383463
494655,4343560791470,0,0,189.78806,59.72812,1.5515935,1.5474467,3.03487672,1.3812,21.3263172
495107,4545610867175,0,0,189.6686,59.717197,2.2612703,2.2616322,-0.580824616,0.72582,22.3353121
495184,4242520239212,14,1,189.79591,59.681335,1.1903148,1.1888543,3.27247303,-1.4259,21.1678214
495191,4242530589333,0,0,189.55576,59.661934,1.2073228,1.2085474,-3.99615811,-2.58996,20.3975391
495268,4141510923078,0,0,189.6687,59.67462,1.0776535,1.0723522,-0.577797911,-1.8288,22.0772451
495269,4141510929960,0,0,189.78168,59.690834,1.0893934,1.086532,2.84177296,-0.85596,22.2837181
495281,4040470534906,0,0,189.62425,59.802452,0.7482211,0.7511137,-1.92316811,5.84112,20.9216861
495451,4040470486557,0,0,189.74086,59.77795,0.734967,0.7394302,1.60627214,4.371,19.7595771
495586,4141510915172,14,1,189.81178,59.613377,1.0689739,1.0671303,3.75281105,-5.50338,21.554577
495640,4140490755987,76,1,189.69557,59.752823,0.9026907,0.9001972,0.235477619,2.86338,22.2200808
495762,4343560872058,85,1,189.77771,59.734913,1.5676514,1.5664674,2.72161279,1.78878,21.277525
496146,3838440745778,0,0,189.65926,59.698597,0.51320523,0.51159227,-0.863518827,-0.39018,21.2421914
496148,3838440754632,6,1,189.63106,59.639763,0.5208744,0.5183723,-1.71704953,-3.92022,20.0063347
496205,4141500224378,0,0,189.61247,59.769585,0.97686636,0.97578335,-2.27971392,3.8691,21.1371796
496315,4040470062983,2567,1,189.76726,59.728264,0.7345258,0.7255272,2.40532216,1.38984,22.137275
496316,4040470063130,153,1,189.64006,59.658745,0.72191316,0.7268023,-1.44464611,-2.7813,21.5814116
496589,4040470063110,0,0,189.56242,59.635857,0.7194319,0.72710735,-3.79457958,-4.15458,19.7702673
496590,4040470064477,43,1,189.65884,59.63834,0.7285479,0.7312106,-0.876230987,-4.0056,21.9271743
496655,3838430805922,0,0,189.63185,59.773907,0.4946717,0.4931205,-1.69313856,4.12842,20.3777754
496797,4040470054184,0,0,189.60994,59.75524,0.72992355,0.72383654,-2.35628954,3.0084,20.7105776
496801,4040470062983,2588,1,189.71674,59.73403,0.7176296,0.7255272,0.876230987,1.7358,20.6483433
497110,3838440746203,287,1,189.6996,59.768013,0.5118878,0.51248974,0.357453815,3.77478,22.2545545
497292,3535370693115,1659,1,189.67526,59.710823,0.098587774,0.09945768,-0.379246088,0.34338,22.4914168
497601,3838420127238,8,1,189.83568,59.785217,0.4148085,0.4145616,4.47619346,4.80702,20.1068516
497643,4140490767019,0,0,189.51645,59.701317,0.9049061,0.9013224,-5.18595569,-0.22698,18.0729328
497874,3838430115420,3,1,189.5643,59.675938,0.4418943,0.4451405,-3.73767753,-1.74972,21.4137226
497989,4343560791617,0,0,189.78899,59.677223,1.551622,1.5487198,3.06302507,-1.67262,20.8885054
498096,3838440755755,0,0,189.87837,59.64112,0.5236067,0.52274156,5.76829366,-3.8388,22.4960664
498179,4040470556326,1,1,189.81673,59.64132,0.74809843,0.75103533,3.90263293,-3.8268,21.1440289
498238,3838440685672,3,1,189.49127,59.657074,0.49955428,0.4989093,-5.94807991,-2.88156,21.6127124
498491,3838420220085,12,1,189.63528,59.769665,0.43156627,0.43095374,-1.58932259,3.8739,18.9889957
498594,4141500115690,0,0,189.65112,59.798798,0.9654948,0.9648429,-1.10989258,5.62188,22.1810178
499244,4040470062983,1286,1,189.65892,59.705402,0.7167722,0.7255272,-0.873809623,0.01812,20.66961
499684,3838430099911,30,1,189.72449,59.742905,0.4351551,0.43235788,1.11080059,2.2683,19.931019
499706,3838430807047,0,0,189.77742,59.685898,0.49591005,0.4949963,2.71283535,-1.15212,19.0130185
499982,4140490755987,263,1,189.66132,59.753754,0.9041322,0.9001972,-0.801168712,2.91924,20.8347426
500134,4040490447377,25,1,189.83195,59.729942,0.8836663,0.8817559,4.36329738,1.49052,21.3196967
500184,3636370020003,30,1,189.63307,59.66307,0.124390446,0.12308383,-1.65621277,-2.5218,21.5727125
500570,4343560857401,69,1,189.66733,59.76943,1.5608453,1.5640552,-0.619263765,3.8598,21.8793132
500646,4343550070928,0,0,189.7232,59.805054,1.4302251,1.430204,1.0717561,5.99724,21.9277155
500788,4242520238639,0,0,189.70068,59.631523,1.187294,1.185617,0.390142225,-4.41462,20.4409985
500890,3838420219862,279,1,189.66992,59.677124,0.43030435,0.42982814,-0.540872115,-1.67856,22.4143687
500974,4140490755090,0,0,189.55765,59.74123,0.9023923,0.8965286,-3.93895339,2.1678,20.4695112
501005,4141510335500,0,0,189.49937,59.70234,1.0225152,1.0226277,-5.70291684,-0.1656,21.7170369
501217,4040470556305,0,0,189.76953,59.64293,0.74948967,0.75072604,2.47402835,-3.7302,21.2668948
501351,3636370019993,0,0,189.53326,59.67088,0.12386089,0.12304357,-4.67716664,-2.0532,21.9768762
501712,4140490753370,0,0,189.59378,59.750343,0.8955616,0.8908515,-2.84540501,2.71458,21.1670802
501808,4039470168095,14,1,189.64594,59.635174,0.6978341,0.7001348,-1.26667588,-4.19556,19.6995952
501816,4040470062983,277,1,189.65836,59.689274,0.7343199,0.7255272,-0.890759169,-0.94956,22.2718304
501855,3838430100452,8,1,189.67822,59.649517,0.43999556,0.43739203,-0.289655632,-3.33498,21.3060325
502049,3838420219789,0,0,189.49649,59.60637,0.4307122,0.42996946,-5.79008593,-5.9238,17.910262
503151,4040470062910,7,1,189.70184,59.622696,0.7289119,0.72527695,0.425251999,-4.94424,22.258169
503183,3636380064784,0,0,189.86592,59.72322,0.15474549,0.1565229,5.39146893,1.0872,18.167436
503204,4040470064264,36,1,189.51323,59.7211,0.7285971,0.7310335,-5.28341558,0.96,22.4922499
503247,4241520601431,0,0,189.7149,59.70099,1.1117887,1.1092702,0.820539622,-0.2466,22.4791319
504443,4141500115721,15,1,189.69235,59.76548,0.96490407,0.9652814,0.138017731,3.6228,20.6664308
504667,4141510411980,8,1,189.62091,59.71544,1.0645992,1.0612011,-2.02426005,0.6204,21.9500615
504688,3636390389459,154,1,189.7646,59.678284,0.21275912,0.21353468,2.32481182,-1.60896,21.2357527
504854,4040470063130,99,1,189.67227,59.648186,0.7235196,0.7268023,-0.469744556,-3.41484,21.1834106
504965,4343550075711,0,0,189.83383,59.63842,1.4280987,1.4328147,4.42019942,-4.0008,22.0884508
505062,4141510915167,0,0,189.778,59.61241,1.0710526,1.0670196,2.73039023,-5.5614,22.2760667
505230,4242530807528,0,0,189.63869,59.654587,1.2451719,1.2455016,-1.48611197,-3.03078,21.3334655
505267,4040470064643,0,0,189.68668,59.609055,0.72809714,0.7325442,-0.0335964212,-5.7627,20.4378504
505277,4040470556963,37,1,189.71346,59.64846,0.7503134,0.7514124,0.776955075,-3.3984,19.1184178
505444,4140490767094,158,1,189.5202,59.651505,0.8989435,0.90190434,-5.07245427,-3.2157,19.0834593
505527,4646620251082,0,0,189.87305,59.692253,2.472493,2.4735193,5.60727297,-0.77082,22.3766033
505972,4141510915294,0,0,189.88043,59.702713,1.0748676,1.0698816,5.83064377,-0.14322,21.9360599
506757,4141500661050,0,0,189.65234,59.684673,0.9907056,0.98965675,-1.07296679,-1.22562,21.0005513
506926,4141510335629,0,0,189.78857,59.67756,1.0241387,1.0229797,3.05031291,-1.6524,21.9927948
507104,4140490755987,0,0,189.71724,59.754486,0.902346,0.9001972,0.89136451,2.96316,19.1039742
507109,4141490515951,0,0,189.8235,59.733738,0.90031236,0.89996874,4.10754084,1.71828,21.8500539
507205,4141510923168,0,0,189.59608,59.68602,1.0750631,1.0732555,-2.7757908,-1.1448,19.6196009
507332,4040470063194,236,1,189.59409,59.67799,0.7210114,0.72735864,-2.83602223,-1.6266,21.974728
507562,4141500061892,0,0,189.61296,59.77295,0.9336786,0.93305135,-2.26488306,4.071,21.1175861
508158,4646620085198,0,0,189.57887,59.634884,2.4085708,2.411173,-3.29668667,-4.21296,21.1907534
508319,4140490756101,0,0,189.59383,59.70576,0.9035581,0.90066016,-2.84389166,0.0396,21.106262
508370,4141510923168,37,1,189.57536,59.68261,1.0756829,1.0732555,-3.402924,-1.3494,21.3663886
508789,4040470063165,0,0,189.59381,59.628387,0.7280739,0.7272634,-2.844497,-4.60278,22.3235866
508873,4141510411957,0,0,189.57283,59.73506,1.0651377,1.06074,-3.47949963,1.7976,21.6866016
509036,4242530119302,0,0,189.83072,59.617744,1.2060122,1.2072893,4.32606891,-5.24136,21.6417315
509149,4141510944645,124,1,189.87625,59.65286,1.0910368,1.0877839,5.70412752,-3.1344,22.1042227
509209,4141510923149,0,0,189.53307,59.68519,1.0755044,1.0732756,-4.68291738,-1.1946,21.9352985
509234,4141500226548,0,0,189.67566,59.76569,0.9772794,0.97684133,-0.36713927,3.6354,22.3213654
509604,3838440755549,0,0,189.58096,59.699997,0.5203994,0.5206945,-3.23342854,-0.30618,21.0866106
509632,4141500226399,0,0,189.77367,59.744682,0.97594583,0.9747198,2.59933392,2.37492,20.2408709
509902,4242520238387,0,0,189.5494,59.64789,1.1856083,1.183087,-4.18865652,-3.4326,21.4830273
509913,4242530592955,0,0,189.7409,59.79631,1.2118655,1.2154063,1.60748282,5.4726,22.0626344
510055,4040480806860,0,0,189.55664,59.669624,0.832445,0.8343503,-3.9695231,-2.12856,19.6847936
510139,4141500910146,0,0,189.76161,59.689713,1.0021544,1.0032294,2.23431335,-0.92322,21.7640108
510463,4141510915151,10,1,189.80962,59.63486,1.0720044,1.0668379,3.68743423,-4.2144,22.1486595
510570,3838420127370,0,0,189.87074,59.61312,0.41638774,0.41741022,5.5373561,-5.5188,21.6574726
510634,3838440746343,196,1,189.54099,59.703407,0.5109357,0.5126503,-4.44320238,-0.10158,22.3510279
510870,4040470062983,2371,1,189.61435,59.659786,0.72912675,0.7255272,-2.22281187,-2.71884,19.9660029
510884,4040480788399,0,0,189.51396,59.7303,0.82697046,0.82744855,-5.26132064,1.512,22.3488711
511031,4646620098042,27,1,189.73752,59.753387,2.4169645,2.4236877,1.50518021,2.89722,22.4719197
511868,4646620882631,0,0,189.83192,59.65042,2.5391524,2.5384357,4.36238936,-3.2808,22.0989345
512139,4545600058604,0,0,189.62903,59.70556,2.072491,2.0735195,-1.77849163,0.0276,21.7685887
512314,4040470052614,0,0,189.54457,59.66707,0.718921,0.7166691,-4.33484635,-2.2818,21.3041374
512316,4040470054268,0,0,189.69014,59.75683,0.7315419,0.7242892,0.0711275585,3.1038,20.4691382
512362,4141490516278,0,0,189.71263,59.642998,0.900937,0.90160745,0.751833427,-3.72612,22.0721091
512456,3737410400106,47,1,189.87706,59.690132,0.34161466,0.33994228,5.72864383,-0.89808,20.8903195
512490,4040470556124,0,0,189.84114,59.692337,0.7485536,0.7501624,4.64145153,-0.76578,22.1007694
512520,4141490546070,0,0,189.7989,59.741795,0.9249557,0.9258147,3.3629715,2.2017,22.1940549
512809,3838440686752,1,1,189.79916,59.66396,0.5056851,0.5036242,3.37084093,-2.4684,22.4972608
512812,3838440746295,0,0,189.5978,59.723557,0.511599,0.5127414,-2.72373148,1.10742,18.5804598
512825,4040470064511,0,0,189.68936,59.64856,0.72755694,0.7325275,0.0475192625,-3.3924,19.3277804
512900,4141510944645,115,1,189.86882,59.65281,1.0955738,1.0877839,5.47924337,-3.1374,22.2714147
513101,4141500224546,0,0,189.5197,59.7631,0.9791408,0.977587,-5.08758779,3.48,21.5449682
513129,4140490766986,4,1,189.49614,59.71056,0.9011529,0.90159774,-5.8006794,0.3276,22.2118081
513162,4141510410810,0,0,189.7193,59.773605,1.056028,1.0529618,0.953714625,4.1103,20.0226207
513743,4141500224346,0,0,189.53023,59.779987,0.97426003,0.97324973,-4.76887579,4.49322,21.9541929
513914,3838420219834,0,0,189.7342,59.65235,0.4317106,0.4296576,1.40469361,-3.165,18.1279894
513932,3838440745026,0,0,189.73637,59.77133,0.51254594,0.5108691,1.4703731,3.9738,22.1288514
514019,4343550822215,129,1,189.75072,59.724537,1.4732479,1.4759779,1.90470522,1.16622,21.6944512
514338,4242520238545,0,0,189.5936,59.681374,1.1881149,1.18666,-2.85085308,-1.42356,22.3354214
514516,3838430135462,0,0,189.4988,59.80462,0.45183903,0.45491767,-5.72016905,5.9712,22.1026405
514523,3838430783453,0,0,189.7093,59.664284,0.4640925,0.46617448,0.651044163,-2.44896,22.2418221
514670,4140490755987,375,1,189.70995,59.760315,0.9017652,0.9001972,0.670717743,3.3129,20.8319154
515355,3838420219862,39,1,189.6712,59.67645,0.4272237,0.42982814,-0.502130296,-1.719,21.2280352
516011,4040470064568,0,0,189.65883,59.70644,0.7278727,0.73281944,-0.876533657,0.0804,20.74435
516057,3636390498048,8,1,189.77667,59.783264,0.22480923,0.226745,2.69013506,4.68984,21.4558792
516244,4140490753255,0,0,189.55702,59.790207,0.89503473,0.8908646,-3.95802163,5.10642,20.965643
516714,4040470063194,59,1,189.55186,59.706482,0.72415346,0.72735864,-4.11419959,0.08292,20.5844651
516776,3636390389459,6,1,189.83894,59.740036,0.21031745,0.21353468,4.57486403,2.09616,19.7356366
516870,4242540396447,0,0,189.85359,59.745743,1.3050395,1.3066679,5.01827625,2.43858,22.3985528
517263,4040480676326,0,0,189.66641,59.620384,0.8074166,0.80559564,-0.647109447,-5.08296,21.7127033
517502,4040470056879,6,1,189.56248,59.67873,0.72594845,0.72645617,-3.79276356,-1.5822,21.9023641
517761,3737410400106,13,1,189.83073,59.679413,0.3406941,0.33994228,4.32637158,-1.54122,19.873589
517779,3838420127252,7,1,189.82199,59.733345,0.4169101,0.4145783,4.0618376,1.6947,22.2050456
517987,3636370019989,0,0,189.58482,59.67405,0.12390794,0.12293113,-3.11659774,-1.863,20.462294
518102,4040480788408,0,0,189.52744,59.740948,0.82693005,0.8278768,-4.85332085,2.15088,21.3389831
518303,4141500094124,0,0,189.66068,59.69584,0.94712734,0.9474182,-0.820539622,-0.5556,22.0182012
518337,4141510929977,0,0,189.88495,59.62327,1.0906615,1.0867167,5.96745082,-4.9098,20.4199207
518418,4040470062983,560,1,189.68411,59.657738,0.72966695,0.7255272,-0.11138273,-2.84172,21.7210921
518419,4040470064477,154,1,189.64755,59.644382,0.7205226,0.7312106,-1.21794594,-3.64308,21.7531242
518497,4141490516967,141,1,189.74113,59.6081,0.9044523,0.9015272,1.61444424,-5.82,21.1633061
518551,4040470063291,60,1,189.58913,59.647934,0.72558266,0.72861695,-2.98614677,-3.42996,20.8953973
518763,4342540224409,0,0,189.54065,59.737514,1.3282727,1.3278472,-4.45349317,1.94484,22.3453492
518866,4040470062251,43,1,189.79347,59.74875,0.7271327,0.7251441,3.19862144,2.619,20.2787235
518902,3838420219884,0,0,189.76158,59.699684,0.43086752,0.43036807,2.23340534,-0.32496,22.1390467
519051,3737400535603,0,0,189.72154,59.60575,0.3084068,0.30853993,1.02151281,-5.961,20.1404011
519192,3636390389459,10,1,189.84082,59.74919,0.21428838,0.21353468,4.63176607,2.6454,21.5081965
519515,4141500063470,0,0,189.8598,59.77174,0.94091904,0.9406486,5.20623461,3.9984,20.9847559
520127,3939450204487,0,0,189.6225,59.764328,0.5991233,0.59746003,-1.97613544,3.55368,19.2969691
520496,3737410805838,0,0,189.7893,59.732605,0.3513623,0.3527484,3.07240786,1.6503,22.4119617
520534,4040470063130,157,1,189.62506,59.64619,0.7194034,0.7268023,-1.89865181,-3.5346,22.2979499
520867,3838440746203,181,1,189.72852,59.76509,0.5106975,0.51248974,1.23277679,3.5994,17.4162129
521271,3636390389436,0,0,189.60202,59.77407,0.21295421,0.21364655,-2.59600455,4.1382,22.4819889
521283,4040470064477,110,1,189.65704,59.646236,0.73088455,0.7312106,-0.93071167,-3.53184,21.6039835
521714,4040470556187,0,0,189.77773,59.619133,0.747729,0.74944055,2.72221813,-5.15802,21.4721001
521739,4040490447000,0,0,189.60414,59.73393,0.88402283,0.8818199,-2.53183841,1.7298,19.7585599
521778,4040480788410,0,0,189.55681,59.73564,0.8268772,0.8278437,-3.96437771,1.8324,22.4027714
521931,4040470062348,0,0,189.74203,59.74781,0.72565514,0.72533405,1.64168458,2.5626,21.9110105
521982,3838440747243,0,0,189.7123,59.618706,0.51829827,0.5183643,0.741845302,-5.18364,21.3793205
522015,4040480787589,0,0,189.6127,59.703968,0.8263153,0.82682145,-2.2727525,-0.06792,21.9772064
522131,3838420194416,0,0,189.53775,59.756783,0.425355,0.4246349,-4.54126761,3.10098,22.2884859
522166,3636370208738,111,1,189.76385,59.715515,0.1492009,0.14851473,2.30211153,0.6249,18.2126254
522194,4040470556182,0,0,189.80167,59.60769,0.74771404,0.7491507,3.44681122,-5.8446,19.8701469
522208,4040480676802,65,1,189.66528,59.61432,0.8080906,0.8074371,-0.681311209,-5.4468,21.3796507
522269,4141510944645,136,1,189.8845,59.65318,1.0888609,1.0877839,5.95383065,-3.1152,19.6604171
522508,4040470062341,113,1,189.74544,59.731697,0.73209244,0.72494054,1.74489521,1.59582,19.9294457
522509,4040470062983,1097,1,189.6951,59.659004,0.7290827,0.7255272,0.221252107,-2.76576,20.2231431
522544,4040490443249,0,0,189.86172,59.65457,0.87758684,0.87429345,5.26434734,-3.0318,19.5430615
522964,3636380839149,0,0,189.51088,59.680115,0.19181882,0.19217177,-5.35454314,-1.4991,22.4914889
523028,4646630880862,0,0,189.74326,59.799957,2.7363174,2.7353387,1.67891305,5.69142,22.4166109
523343,3838430099980,117,1,189.8762,59.787415,0.43193096,0.43373275,5.70261417,4.9389,21.2152562
523359,3838430562644,7,1,189.75743,59.625435,0.45883906,0.4616992,2.10779709,-4.7799,22.1721753
523525,3636370208668,0,0,189.66566,59.637047,0.15043455,0.14819935,-0.669809732,-4.08318,18.5877988
523726,4141500224693,25,1,189.61055,59.8038,0.9782794,0.97842693,-2.33782665,5.922,21.7711618
523929,3535360808538,0,0,189.5001,59.644447,0.097852215,0.09799673,-5.68082189,-3.63918,20.8164207
524089,4141510342854,0,0,189.49579,59.62349,1.0319653,1.0308899,-5.81127286,-4.8966,21.5699645
524093,4141510924484,2,1,189.71584,59.657692,1.0758059,1.0744448,0.848990645,-2.84448,21.6015463
524097,4141510945010,0,0,189.69072,59.68917,1.0908629,1.0880327,0.0886824453,-0.9558,21.3427149
524495,3939450099833,90,1,189.82079,59.802628,0.58855003,0.5858521,4.02551714,5.85168,22.2875891
524729,4040470064328,0,0,189.82315,59.685364,0.7281286,0.73002845,4.09694737,-1.18416,22.1930436
524735,4040470486289,0,0,189.68018,59.78797,0.73323375,0.73640376,-0.230332221,4.9722,21.6479081
524826,4040470062341,41,1,189.69646,59.717834,0.7275632,0.72494054,0.26241529,0.76404,22.3987247
525211,4141510914933,0,0,189.83775,59.729446,1.0710014,1.0669626,4.53884624,1.46076,21.3394929
525353,3737400062172,0,0,189.61325,59.725708,0.27119243,0.27144274,-2.25610562,1.23648,19.0518339
525377,3737410329187,0,0,189.70943,59.761406,0.32231545,0.3229755,0.654978879,3.37836,22.4426074
525813,4040480796481,0,0,189.80461,59.69072,0.82921,0.83119327,3.53579633,-0.8628,21.8691266
526127,4242530811279,0,0,189.81172,59.61522,1.2509539,1.2528107,3.75099503,-5.3928,20.7384671
526987,3535360807401,0,0,189.72559,59.704624,0.095504336,0.09490941,1.14409435,-0.02856,17.680942
527073,4141490544742,0,0,189.68204,59.782166,0.9205987,0.92184246,-0.174035515,4.62396,22.0925227
527086,4141500115721,76,1,189.6758,59.778522,0.9658594,0.9652814,-0.362901884,4.40532,20.5085092
527255,3535360050231,0,0,189.73096,59.62607,0.054097448,0.054482043,1.30662838,-4.7418,21.2451399
527316,4645610399598,0,0,189.68204,59.750412,2.335918,2.3306394,-0.174035515,2.71872,22.1547217
527728,3838440754632,67,1,189.58643,59.65837,0.51946265,0.5183723,-3.0678678,-2.8038,22.4884588
527749,4040470064264,93,1,189.56323,59.71612,0.72576624,0.7310335,-3.77006327,0.6612,20.7090635
527910,4141510923168,20,1,189.61256,59.69359,1.0733035,1.0732555,-2.27698988,-0.6906,21.2565786
528276,3838440746697,0,0,189.49718,59.7539,0.5133112,0.51418394,-5.76920167,2.928,18.347945
528972,4040470064407,52,1,189.75885,59.65738,0.7291616,0.7305422,2.1507763,-2.8632,19.6104101
529380,4040470062983,942,1,189.53358,59.74439,0.73262167,0.7255272,-4.66748119,2.3574,21.9737599
529555,4141510924463,29,1,189.69574,59.65921,1.0747262,1.0727961,0.240623017,-2.7534,21.1340713
530057,4040470064264,0,0,189.51718,59.728104,0.72769684,0.7310335,-5.16386075,1.38024,18.1172879
530285,4040470056857,0,0,189.75221,59.750572,0.7229532,0.72687477,1.94980311,2.72832,19.9717317
530292,4040470556302,29,1,189.78229,59.67141,0.7490404,0.75089127,2.86023586,-2.0214,22.4521623
530449,4040470570572,0,0,189.49098,59.736115,0.7666081,0.7678312,-5.95685736,1.8609,21.4543908
530459,4040480806816,0,0,189.63153,59.71313,0.83218884,0.83290243,-1.70282402,0.4818,22.1594818
